customer_id,city,state,zip
C01001,Fairfax,B,64242
C01002,Riverton,B,33425
C01003,Riverton,C,55513
C01004,Springfield,C,39849
C01005,Springfield,B,92351
C01006,Springfield,B,92273
C01007,Lakeview,B,26690
C01008,Lakeview,A,32756
C01009,Riverton,A,64775
C01010,Springfield,A,89771
C01011,Riverton,B,33710
C01012,Lakeview,A,63947
C01013,Springfield,A,85610
C01014,Glendale,A,79773
C01015,Glendale,A,13178
C01016,Lakeview,B,56991
C01017,Riverton,B,21051
C01018,Fairfax,B,49258
C01019,Glendale,B,76613
C01020,Lakeview,A,89303
C01021,Lakeview,C,74138
C01022,Fairfax,B,49005
C01023,Fairfax,B,57556
C01024,Springfield,A,16901
C01025,Glendale,C,77723
C01026,Lakeview,B,39944
C01027,Glendale,C,31543
C01028,Riverton,B,86837
C01029,Lakeview,C,58986
C01030,Glendale,B,71350
C01031,Riverton,B,21412
C01032,Lakeview,B,11204
C01033,Lakeview,B,44596
C01034,Lakeview,B,11480
C01035,Springfield,C,36925
C01036,Riverton,A,89980
C01037,Fairfax,C,87873
C01038,Fairfax,A,30997
C01039,Lakeview,B,15978
C01040,Glendale,A,40244
C01041,Lakeview,C,70277
C01042,Glendale,B,51413
C01043,Springfield,A,98445
C01044,Fairfax,B,38458
C01045,Fairfax,A,33674
C01046,Glendale,A,88477
C01047,Lakeview,C,31057
C01048,Lakeview,B,32226
C01049,Springfield,B,62183
C01050,Riverton,A,83103
C01051,Fairfax,C,49361
C01052,Springfield,C,98169
C01053,Glendale,B,45875
C01054,Riverton,C,32715
C01055,Fairfax,B,75120
C01056,Glendale,B,59303
C01057,Fairfax,B,93090
C01058,Glendale,C,29495
C01059,Fairfax,A,35362
C01060,Riverton,C,78509
C01061,Lakeview,A,88391
C01062,Glendale,C,59775
C01063,Riverton,B,39852
C01064,Riverton,A,50044
C01065,Fairfax,B,21757
C01066,Springfield,B,12400
C01067,Fairfax,B,22881
C01068,Glendale,B,78921
C01069,Riverton,B,16759
C01070,Lakeview,B,75744
C01071,Riverton,A,87857
C01072,Springfield,B,35393
C01073,Glendale,A,62737
C01074,Riverton,C,43828
C01075,Springfield,B,84720
C01076,Fairfax,B,60262
C01077,Glendale,A,72700
C01078,Fairfax,C,38468
C01079,Springfield,B,45939
C01080,Fairfax,B,28160
C01081,Glendale,C,16602
C01082,Glendale,B,46643
C01083,Springfield,A,86143
C01084,Fairfax,B,77805
C01085,Lakeview,A,97464
C01086,Fairfax,C,95195
C01087,Fairfax,C,45446
C01088,Lakeview,B,32828
C01089,Glendale,A,42248
C01090,Fairfax,A,77181
C01091,Fairfax,B,69752
C01092,Lakeview,B,45637
C01093,Riverton,A,20702
C01094,Glendale,A,56779
C01095,Lakeview,B,95327
C01096,Lakeview,C,63244
C01097,Glendale,A,84034
C01098,Lakeview,C,80970
C01099,Springfield,A,38525
C01100,Springfield,A,42680
C01101,Fairfax,B,48050
C01102,Lakeview,C,70037
C01103,Fairfax,A,90621
C01104,Springfield,C,83632
C01105,Springfield,B,59674
C01106,Springfield,B,75088
C01107,Fairfax,A,11761
C01108,Lakeview,B,27100
C01109,Fairfax,B,59929
C01110,Lakeview,C,28086
C01111,Lakeview,A,18187
C01112,Lakeview,A,91319
C01113,Springfield,A,98703
C01114,Springfield,A,67899
C01115,Lakeview,B,44377
C01116,Riverton,B,82661
C01117,Springfield,C,10205
C01118,Riverton,C,39151
C01119,Glendale,A,38724
C01120,Riverton,A,10829
C01121,Lakeview,B,64688
C01122,Fairfax,A,60197
C01123,Springfield,B,62124
C01124,Riverton,B,51253
C01125,Fairfax,A,51053
C01126,Fairfax,C,12245
C01127,Riverton,B,33751
C01128,Fairfax,B,39827
C01129,Fairfax,C,86603
C01130,Lakeview,C,32639
C01131,Springfield,A,51255
C01132,Riverton,A,65570
C01133,Fairfax,B,96696
C01134,Lakeview,C,84815
C01135,Glendale,B,41421
C01136,Springfield,A,18591
C01137,Lakeview,B,76206
C01138,Riverton,A,11818
C01139,Fairfax,B,61670
C01140,Riverton,B,33867
C01141,Springfield,B,76155
C01142,Springfield,B,91612
C01143,Glendale,C,39541
C01144,Fairfax,B,99188
C01145,Riverton,A,52539
C01146,Springfield,C,77575
C01147,Lakeview,B,43208
C01148,Glendale,A,68527
C01149,Fairfax,C,11711
C01150,Fairfax,C,98168
C01151,Springfield,C,54523
C01152,Lakeview,C,60565
C01153,Glendale,A,32388
C01154,Glendale,B,52194
C01155,Lakeview,C,40909
C01156,Fairfax,A,84472
C01157,Fairfax,B,37417
C01158,Fairfax,C,22362
C01159,Springfield,C,80009
C01160,Fairfax,B,89743
C01161,Glendale,B,48635
C01162,Glendale,A,92856
C01163,Fairfax,B,31707
C01164,Lakeview,B,29707
C01165,Lakeview,A,53008
C01166,Glendale,C,24138
C01167,Fairfax,C,61530
C01168,Springfield,B,84888
C01169,Springfield,A,48252
C01170,Springfield,A,29688
C01171,Glendale,A,24272
C01172,Fairfax,B,11349
C01173,Riverton,A,53990
C01174,Glendale,C,79983
C01175,Lakeview,C,46622
C01176,Riverton,C,89433
C01177,Lakeview,A,40895
C01178,Springfield,B,35686
C01179,Fairfax,B,63897
C01180,Riverton,C,61968
C01181,Riverton,B,17936
C01182,Fairfax,B,30161
C01183,Riverton,B,32766
C01184,Springfield,C,17989
C01185,Lakeview,B,77669
C01186,Springfield,A,69446
C01187,Riverton,C,37846
C01188,Lakeview,B,72322
C01189,Lakeview,C,80857
C01190,Fairfax,C,77082
C01191,Riverton,B,57294
C01192,Riverton,A,23191
C01193,Fairfax,B,92609
C01194,Glendale,A,95138
C01195,Fairfax,A,44749
C01196,Lakeview,B,49955
C01197,Springfield,C,86372
C01198,Springfield,B,94857
C01199,Fairfax,B,66108
C01200,Glendale,B,15445
C01201,Springfield,B,92787
C01202,Glendale,A,95888
C01203,Glendale,C,31825
C01204,Lakeview,B,53884
C01205,Glendale,B,83430
C01206,Fairfax,C,48010
C01207,Glendale,A,75727
C01208,Glendale,C,18978
C01209,Fairfax,B,51708
C01210,Springfield,B,95858
C01211,Riverton,B,93914
C01212,Riverton,A,59454
C01213,Springfield,A,26461
C01214,Riverton,B,42157
C01215,Fairfax,B,96402
C01216,Glendale,B,39423
C01217,Springfield,B,40512
C01218,Lakeview,C,81758
C01219,Fairfax,B,86263
C01220,Glendale,B,37375
C01221,Springfield,C,86597
C01222,Riverton,A,87251
C01223,Riverton,B,26066
C01224,Fairfax,A,95013
C01225,Lakeview,C,71162
C01226,Glendale,C,44513
C01227,Glendale,A,89051
C01228,Springfield,A,75814
C01229,Springfield,B,86229
C01230,Lakeview,A,20230
C01231,Glendale,C,97707
C01232,Riverton,B,92669
C01233,Riverton,B,99257
C01234,Lakeview,C,87384
C01235,Glendale,A,18600
C01236,Glendale,B,76369
C01237,Lakeview,B,83621
C01238,Riverton,C,85139
C01239,Fairfax,B,49502
C01240,Riverton,C,79018
C01241,Glendale,B,30144
C01242,Springfield,A,55067
C01243,Fairfax,B,69476
C01244,Fairfax,B,51223
C01245,Springfield,B,67345
C01246,Fairfax,A,13832
C01247,Lakeview,A,74401
C01248,Springfield,B,75369
C01249,Fairfax,A,30594
C01250,Riverton,B,63713
C01251,Glendale,A,78105
C01252,Lakeview,B,12728
C01253,Glendale,C,79930
C01254,Springfield,C,63261
C01255,Fairfax,C,90896
C01256,Springfield,B,35333
C01257,Lakeview,B,58677
C01258,Lakeview,C,39876
C01259,Lakeview,A,60150
C01260,Fairfax,B,49064
C01261,Riverton,A,82691
C01262,Springfield,A,42102
C01263,Riverton,A,23090
C01264,Fairfax,C,33500
C01265,Fairfax,B,26861
C01266,Fairfax,C,73107
C01267,Springfield,C,28465
C01268,Springfield,A,18853
C01269,Glendale,B,16306
C01270,Lakeview,B,21413
C01271,Riverton,B,58210
C01272,Fairfax,C,59423
C01273,Lakeview,A,32340
C01274,Lakeview,B,24136
C01275,Fairfax,C,16503
C01276,Riverton,C,96007
C01277,Lakeview,A,89470
C01278,Fairfax,B,13460
C01279,Glendale,A,38342
C01280,Lakeview,A,92540
C01281,Fairfax,A,32700
C01282,Fairfax,C,41101
C01283,Riverton,A,41056
C01284,Lakeview,C,38575
C01285,Glendale,A,29243
C01286,Riverton,A,58717
C01287,Riverton,C,70755
C01288,Springfield,C,61421
C01289,Lakeview,B,41831
C01290,Glendale,C,83943
C01291,Fairfax,B,13542
C01292,Lakeview,B,41475
C01293,Riverton,B,83290
C01294,Springfield,A,73645
C01295,Riverton,C,73591
C01296,Springfield,C,43772
C01297,Fairfax,C,31165
C01298,Riverton,C,80414
C01299,Springfield,C,54211
C01300,Glendale,A,37195
C01301,Springfield,A,71317
C01302,Fairfax,C,95357
C01303,Riverton,A,35208
C01304,Springfield,C,42115
C01305,Lakeview,B,93154
C01306,Lakeview,B,97272
C01307,Lakeview,A,38875
C01308,Springfield,C,34003
C01309,Fairfax,B,77764
C01310,Springfield,A,99721
C01311,Fairfax,C,45495
C01312,Fairfax,A,80450
C01313,Riverton,A,86658
C01314,Springfield,C,21130
C01315,Springfield,B,49959
C01316,Riverton,B,57660
C01317,Glendale,C,83482
C01318,Fairfax,A,63334
C01319,Riverton,B,39894
C01320,Riverton,A,95957
C01321,Fairfax,A,94424
C01322,Fairfax,A,44290
C01323,Glendale,C,95309
C01324,Glendale,A,88096
C01325,Riverton,B,17810
C01326,Glendale,A,48995
C01327,Springfield,A,87519
C01328,Glendale,B,31109
C01329,Riverton,A,51424
C01330,Fairfax,B,61794
C01331,Lakeview,A,74907
C01332,Springfield,A,33591
C01333,Riverton,A,96261
C01334,Springfield,B,95816
C01335,Springfield,B,11324
C01336,Springfield,A,97040
C01337,Lakeview,C,25863
C01338,Springfield,C,46350
C01339,Springfield,B,81555
C01340,Lakeview,A,48365
C01341,Glendale,C,94202
C01342,Riverton,A,13533
C01343,Glendale,A,73479
C01344,Glendale,A,63191
C01345,Riverton,B,23437
C01346,Lakeview,B,73802
C01347,Springfield,A,68781
C01348,Fairfax,A,33961
C01349,Lakeview,A,59698
C01350,Glendale,A,93585
C01351,Riverton,A,56286
C01352,Riverton,C,56581
C01353,Riverton,C,32466
C01354,Riverton,B,63478
C01355,Riverton,B,69650
C01356,Riverton,C,10517
C01357,Lakeview,C,52241
C01358,Riverton,A,58909
C01359,Glendale,C,97018
C01360,Glendale,A,19826
C01361,Springfield,C,44087
C01362,Riverton,A,75408
C01363,Riverton,C,84089
C01364,Fairfax,A,53732
C01365,Fairfax,B,77082
C01366,Springfield,C,73271
C01367,Springfield,C,39849
C01368,Springfield,C,28382
C01369,Springfield,B,62529
C01370,Fairfax,A,58984
C01371,Springfield,C,71281
C01372,Springfield,B,37297
C01373,Glendale,A,18343
C01374,Riverton,C,80263
C01375,Lakeview,B,36440
C01376,Springfield,B,46654
C01377,Glendale,B,82230
C01378,Springfield,B,97854
C01379,Glendale,A,47420
C01380,Springfield,C,12685
C01381,Glendale,A,52859
C01382,Springfield,B,24077
C01383,Glendale,B,76948
C01384,Glendale,B,25311
C01385,Lakeview,C,13366
C01386,Lakeview,B,33760
C01387,Riverton,B,83272
C01388,Glendale,C,87967
C01389,Fairfax,B,31584
C01390,Fairfax,A,97948
C01391,Fairfax,C,84354
C01392,Lakeview,A,77862
C01393,Springfield,B,44139
C01394,Springfield,A,68052
C01395,Fairfax,A,27839
C01396,Fairfax,A,72341
C01397,Lakeview,A,25904
C01398,Glendale,C,75515
C01399,Riverton,A,59990
C01400,Lakeview,A,64411
C01401,Riverton,C,29526
C01402,Fairfax,A,29312
C01403,Glendale,C,29128
C01404,Glendale,A,70179
C01405,Springfield,A,89972
C01406,Glendale,B,32469
C01407,Springfield,A,24734
C01408,Glendale,A,93369
C01409,Fairfax,C,80452
C01410,Fairfax,B,15342
C01411,Riverton,B,69708
C01412,Springfield,A,33277
C01413,Springfield,C,82292
C01414,Fairfax,B,67669
C01415,Lakeview,B,38303
C01416,Springfield,A,20501
C01417,Riverton,A,80770
C01418,Fairfax,B,36410
C01419,Fairfax,B,76626
C01420,Riverton,B,22143
C01421,Riverton,C,90222
C01422,Springfield,C,30678
C01423,Fairfax,A,27751
C01424,Springfield,C,97655
C01425,Glendale,A,84713
C01426,Fairfax,A,24025
C01427,Fairfax,B,49037
C01428,Fairfax,A,34877
C01429,Lakeview,A,96239
C01430,Springfield,C,23707
C01431,Riverton,B,58652
C01432,Glendale,C,64651
C01433,Riverton,B,21580
C01434,Fairfax,C,28600
C01435,Fairfax,B,16529
C01436,Glendale,C,84913
C01437,Riverton,B,70939
C01438,Glendale,C,82844
C01439,Glendale,A,66753
C01440,Riverton,A,40653
C01441,Riverton,B,64246
C01442,Lakeview,A,81253
C01443,Glendale,C,60560
C01444,Glendale,A,52241
C01445,Lakeview,A,28072
C01446,Glendale,C,39573
C01447,Riverton,B,74980
C01448,Riverton,C,22503
C01449,Lakeview,C,28335
C01450,Lakeview,C,59645
C01451,Glendale,C,44994
C01452,Springfield,A,53266
C01453,Fairfax,A,62656
C01454,Lakeview,B,46630
C01455,Riverton,A,90807
C01456,Glendale,A,87881
C01457,Lakeview,C,99257
C01458,Riverton,C,19416
C01459,Glendale,B,35782
C01460,Riverton,A,68202
C01461,Lakeview,C,55156
C01462,Glendale,A,57402
C01463,Glendale,C,16203
C01464,Glendale,B,81521
C01465,Lakeview,C,84126
C01466,Riverton,A,58304
C01467,Fairfax,C,26250
C01468,Glendale,A,41368
C01469,Lakeview,B,31001
C01470,Springfield,A,23717
C01471,Riverton,C,93246
C01472,Springfield,A,79583
C01473,Riverton,B,65816
C01474,Riverton,A,37529
C01475,Glendale,A,39000
C01476,Fairfax,A,86212
C01477,Lakeview,B,63327
C01478,Glendale,B,97797
C01479,Springfield,C,17534
C01480,Fairfax,A,53918
C01481,Riverton,B,22825
C01482,Lakeview,A,84431
C01483,Riverton,C,36036
C01484,Fairfax,A,16951
C01485,Lakeview,A,80817
C01486,Springfield,C,31800
C01487,Riverton,A,10364
C01488,Fairfax,A,21007
C01489,Springfield,A,40036
C01490,Lakeview,A,32988
C01491,Glendale,C,15210
C01492,Lakeview,C,57411
C01493,Fairfax,C,33141
C01494,Glendale,B,83256
C01495,Springfield,B,55109
C01496,Glendale,A,60546
C01497,Fairfax,A,99386
C01498,Lakeview,C,43105
C01499,Glendale,A,54622
C01500,Springfield,A,44206
C01501,Springfield,A,46824
C01502,Lakeview,B,58151
C01503,Riverton,B,69960
C01504,Springfield,C,36932
C01505,Fairfax,A,90675
C01506,Lakeview,A,11001
C01507,Fairfax,B,44236
C01508,Springfield,A,67162
C01509,Riverton,A,15130
C01510,Glendale,C,74196
C01511,Fairfax,A,49848
C01512,Glendale,A,12923
C01513,Lakeview,B,29783
C01514,Fairfax,C,88633
C01515,Springfield,A,34035
C01516,Riverton,B,41559
C01517,Springfield,C,11935
C01518,Springfield,B,75142
C01519,Springfield,B,11021
C01520,Springfield,B,81537
C01521,Springfield,A,27089
C01522,Fairfax,B,63642
C01523,Fairfax,B,38639
C01524,Fairfax,B,86998
C01525,Glendale,C,26693
C01526,Glendale,B,25933
C01527,Riverton,A,75121
C01528,Glendale,A,90631
C01529,Riverton,A,12045
C01530,Fairfax,B,27798
C01531,Riverton,B,16721
C01532,Springfield,C,53450
C01533,Riverton,B,52369
C01534,Glendale,C,96124
C01535,Lakeview,B,16511
C01536,Glendale,B,57243
C01537,Lakeview,A,62850
C01538,Fairfax,A,87441
C01539,Lakeview,C,70914
C01540,Glendale,A,51808
C01541,Lakeview,A,59555
C01542,Glendale,A,24416
C01543,Springfield,B,87127
C01544,Glendale,C,87502
C01545,Glendale,B,29563
C01546,Lakeview,A,26832
C01547,Glendale,A,27318
C01548,Fairfax,A,85317
C01549,Riverton,B,59296
C01550,Lakeview,B,48949
C01551,Lakeview,B,26780
C01552,Fairfax,C,45362
C01553,Lakeview,C,93397
C01554,Lakeview,C,91722
C01555,Fairfax,B,44960
C01556,Lakeview,A,56368
C01557,Lakeview,B,21236
C01558,Riverton,A,25069
C01559,Lakeview,C,67752
C01560,Lakeview,C,12628
C01561,Lakeview,A,73626
C01562,Glendale,B,17481
C01563,Springfield,C,35582
C01564,Springfield,B,27674
C01565,Lakeview,A,74374
C01566,Fairfax,C,26965
C01567,Riverton,A,64219
C01568,Riverton,A,76382
C01569,Springfield,C,70600
C01570,Fairfax,C,42863
C01571,Lakeview,C,22345
C01572,Fairfax,C,76427
C01573,Springfield,C,93504
C01574,Springfield,A,88495
C01575,Springfield,B,81361
C01576,Springfield,C,44150
C01577,Riverton,C,92599
C01578,Fairfax,B,44547
C01579,Lakeview,A,24608
C01580,Springfield,B,12977
C01581,Riverton,A,36229
C01582,Fairfax,C,52314
C01583,Glendale,B,40041
C01584,Riverton,A,18836
C01585,Riverton,B,78370
C01586,Riverton,A,76423
C01587,Fairfax,A,70097
C01588,Glendale,B,79146
C01589,Springfield,C,74111
C01590,Fairfax,C,80637
C01591,Glendale,C,40035
C01592,Lakeview,B,38724
C01593,Springfield,B,56037
C01594,Lakeview,A,48987
C01595,Riverton,B,83739
C01596,Riverton,C,18783
C01597,Fairfax,A,16134
C01598,Lakeview,A,76714
C01599,Fairfax,A,37806
C01600,Lakeview,B,56219
C01601,Fairfax,B,90372
C01602,Lakeview,A,21207
C01603,Glendale,A,87472
C01604,Fairfax,C,62092
C01605,Springfield,A,27433
C01606,Springfield,B,71794
C01607,Riverton,A,71912
C01608,Fairfax,A,23875
C01609,Lakeview,A,46553
C01610,Lakeview,B,11658
C01611,Riverton,C,21380
C01612,Fairfax,B,32044
C01613,Glendale,A,75726
C01614,Fairfax,B,82438
C01615,Lakeview,A,99883
C01616,Lakeview,A,36437
C01617,Glendale,A,97660
C01618,Riverton,B,88537
C01619,Fairfax,B,10335
C01620,Riverton,C,95507
C01621,Riverton,A,68423
C01622,Lakeview,C,51787
C01623,Lakeview,C,88427
C01624,Fairfax,A,23973
C01625,Glendale,B,33209
C01626,Riverton,B,73014
C01627,Riverton,C,50714
C01628,Glendale,A,30574
C01629,Fairfax,C,97190
C01630,Springfield,C,52530
C01631,Riverton,B,43485
C01632,Riverton,A,13565
C01633,Fairfax,C,37195
C01634,Riverton,A,78760
C01635,Springfield,A,96031
C01636,Fairfax,B,65616
C01637,Springfield,C,61159
C01638,Springfield,A,93198
C01639,Riverton,A,31777
C01640,Glendale,A,10587
C01641,Glendale,C,58767
C01642,Glendale,A,53601
C01643,Lakeview,C,76563
C01644,Riverton,C,25692
C01645,Fairfax,C,30467
C01646,Fairfax,B,87790
C01647,Glendale,A,30939
C01648,Lakeview,A,93273
C01649,Riverton,B,23219
C01650,Lakeview,A,81631
C01651,Springfield,C,12587
C01652,Riverton,B,27776
C01653,Springfield,B,24494
C01654,Lakeview,B,17580
C01655,Springfield,A,66782
C01656,Springfield,C,73972
C01657,Fairfax,B,59353
C01658,Springfield,B,61085
C01659,Lakeview,A,35449
C01660,Springfield,A,76623
C01661,Springfield,B,46557
C01662,Springfield,A,25400
C01663,Riverton,B,63679
C01664,Fairfax,A,98128
C01665,Glendale,A,69787
C01666,Riverton,B,63863
C01667,Fairfax,C,17091
C01668,Springfield,A,84566
C01669,Fairfax,C,92602
C01670,Springfield,B,21143
C01671,Glendale,A,96968
C01672,Lakeview,C,20448
C01673,Springfield,A,63487
C01674,Fairfax,A,70895
C01675,Glendale,B,89609
C01676,Springfield,A,70611
C01677,Riverton,C,32654
C01678,Lakeview,B,72697
C01679,Lakeview,B,30533
C01680,Glendale,C,56834
C01681,Glendale,B,63004
C01682,Riverton,B,10591
C01683,Riverton,A,51748
C01684,Glendale,B,88891
C01685,Riverton,B,58934
C01686,Riverton,A,35795
C01687,Springfield,A,83077
C01688,Springfield,C,30145
C01689,Lakeview,B,73938
C01690,Riverton,A,52151
C01691,Lakeview,A,48001
C01692,Lakeview,C,34696
C01693,Riverton,A,75301
C01694,Riverton,A,21760
C01695,Glendale,A,96956
C01696,Fairfax,C,79358
C01697,Springfield,C,77835
C01698,Glendale,C,83395
C01699,Lakeview,B,56912
C01700,Springfield,C,89987
C01701,Riverton,B,65729
C01702,Fairfax,A,75187
C01703,Riverton,B,11337
C01704,Springfield,A,31626
C01705,Lakeview,A,95841
C01706,Lakeview,B,20055
C01707,Lakeview,A,73273
C01708,Riverton,B,88598
C01709,Fairfax,B,34444
C01710,Glendale,B,11602
C01711,Lakeview,A,40994
C01712,Springfield,C,53811
C01713,Lakeview,C,21874
C01714,Riverton,B,64192
C01715,Springfield,C,66061
C01716,Glendale,C,33199
C01717,Fairfax,A,70689
C01718,Riverton,C,96329
C01719,Riverton,C,53467
C01720,Riverton,A,40904
C01721,Glendale,C,33344
C01722,Riverton,B,78309
C01723,Lakeview,B,92906
C01724,Fairfax,A,54502
C01725,Lakeview,C,50815
C01726,Fairfax,A,32295
C01727,Riverton,A,62107
C01728,Lakeview,C,22537
C01729,Riverton,A,42177
C01730,Springfield,A,59332
C01731,Fairfax,C,38070
C01732,Lakeview,C,71511
C01733,Riverton,B,96592
C01734,Fairfax,B,48108
C01735,Fairfax,C,32731
C01736,Riverton,A,58417
C01737,Glendale,B,31960
C01738,Riverton,B,79730
C01739,Lakeview,C,14857
C01740,Riverton,B,25482
C01741,Fairfax,B,39324
C01742,Fairfax,C,33413
C01743,Lakeview,B,17105
C01744,Riverton,C,39920
C01745,Riverton,B,32421
C01746,Fairfax,B,31374
C01747,Riverton,A,76653
C01748,Springfield,A,45520
C01749,Fairfax,C,85118
C01750,Fairfax,A,29259
C01751,Fairfax,B,56036
C01752,Glendale,C,98194
C01753,Springfield,A,50785
C01754,Glendale,A,89479
C01755,Lakeview,B,29391
C01756,Glendale,B,55603
C01757,Fairfax,C,70932
C01758,Lakeview,C,29010
C01759,Fairfax,B,18943
C01760,Fairfax,C,82125
C01761,Springfield,B,52445
C01762,Springfield,C,44101
C01763,Riverton,C,21665
C01764,Fairfax,B,78482
C01765,Glendale,A,88607
C01766,Glendale,A,22166
C01767,Fairfax,B,83260
C01768,Lakeview,A,64297
C01769,Fairfax,C,77231
C01770,Lakeview,A,39661
C01771,Springfield,C,64490
C01772,Springfield,B,12847
C01773,Glendale,A,36699
C01774,Springfield,A,39255
C01775,Springfield,A,82421
C01776,Fairfax,A,72983
C01777,Lakeview,C,40603
C01778,Riverton,C,87179
C01779,Glendale,C,88569
C01780,Riverton,C,14719
C01781,Glendale,B,39040
C01782,Glendale,C,97648
C01783,Springfield,C,14049
C01784,Riverton,C,85558
C01785,Glendale,A,49297
C01786,Lakeview,C,45498
C01787,Fairfax,A,73120
C01788,Riverton,A,20888
C01789,Riverton,B,53167
C01790,Glendale,A,20187
C01791,Springfield,A,33154
C01792,Lakeview,C,47720
C01793,Glendale,B,70363
C01794,Fairfax,B,32295
C01795,Glendale,A,59138
C01796,Glendale,C,28215
C01797,Lakeview,B,72232
C01798,Riverton,B,16647
C01799,Fairfax,C,98579
C01800,Glendale,A,69392
C01801,Riverton,B,64444
C01802,Riverton,B,24914
C01803,Riverton,A,26500
C01804,Glendale,A,44892
C01805,Lakeview,C,82710
C01806,Springfield,A,53739
C01807,Springfield,C,57584
C01808,Lakeview,C,33579
C01809,Riverton,A,70106
C01810,Glendale,A,62611
C01811,Riverton,C,17582
C01812,Lakeview,A,70990
C01813,Fairfax,B,69328
C01814,Riverton,A,62733
C01815,Lakeview,B,11032
C01816,Springfield,A,72129
C01817,Lakeview,B,11413
C01818,Glendale,B,62327
C01819,Riverton,B,74139
C01820,Fairfax,C,39774
C01821,Fairfax,C,31738
C01822,Springfield,A,91595
C01823,Lakeview,B,29979
C01824,Riverton,A,19093
C01825,Fairfax,A,21395
C01826,Springfield,A,54496
C01827,Fairfax,C,60644
C01828,Springfield,C,81477
C01829,Glendale,C,92857
C01830,Riverton,A,93512
C01831,Springfield,C,55856
C01832,Riverton,B,11670
C01833,Riverton,C,46722
C01834,Springfield,B,64215
C01835,Lakeview,B,58243
C01836,Springfield,B,60908
C01837,Lakeview,B,43265
C01838,Springfield,B,31833
C01839,Springfield,B,24019
C01840,Lakeview,A,31785
C01841,Glendale,A,46460
C01842,Lakeview,B,63776
C01843,Glendale,B,16818
C01844,Lakeview,C,18505
C01845,Lakeview,B,70364
C01846,Lakeview,C,85742
C01847,Riverton,A,73390
C01848,Springfield,A,86217
C01849,Springfield,B,61322
C01850,Fairfax,A,97470
C01851,Springfield,A,96162
C01852,Fairfax,C,57571
C01853,Riverton,C,25412
C01854,Glendale,A,53021
C01855,Lakeview,C,18527
C01856,Lakeview,A,70107
C01857,Springfield,B,40066
C01858,Riverton,A,82868
C01859,Lakeview,A,60208
C01860,Lakeview,B,83464
C01861,Riverton,A,73689
C01862,Riverton,C,91988
C01863,Springfield,C,13862
C01864,Riverton,C,62242
C01865,Riverton,B,77936
C01866,Glendale,B,48873
C01867,Riverton,A,49163
C01868,Fairfax,B,23141
C01869,Glendale,B,77787
C01870,Springfield,B,71123
C01871,Springfield,A,18317
C01872,Lakeview,A,17489
C01873,Riverton,C,82397
C01874,Springfield,C,16744
C01875,Lakeview,C,58073
C01876,Springfield,C,96098
C01877,Fairfax,B,37457
C01878,Lakeview,B,74260
C01879,Springfield,B,71300
C01880,Springfield,A,61326
C01881,Lakeview,B,53545
C01882,Glendale,B,73058
C01883,Lakeview,A,12096
C01884,Springfield,B,60387
C01885,Riverton,B,61673
C01886,Riverton,C,15591
C01887,Fairfax,A,97751
C01888,Fairfax,A,47070
C01889,Springfield,C,51861
C01890,Lakeview,A,48590
C01891,Glendale,C,87683
C01892,Fairfax,A,98532
C01893,Springfield,B,30895
C01894,Fairfax,A,28719
C01895,Lakeview,A,47869
C01896,Springfield,A,13160
C01897,Glendale,B,29261
C01898,Glendale,B,39558
C01899,Glendale,A,14371
C01900,Lakeview,B,43860
C01901,Riverton,B,59740
C01902,Lakeview,C,84676
C01903,Lakeview,A,14194
C01904,Lakeview,C,65178
C01905,Springfield,B,77225
C01906,Riverton,C,96400
C01907,Glendale,A,56813
C01908,Glendale,C,93485
C01909,Fairfax,B,83316
C01910,Springfield,A,43854
C01911,Riverton,C,26684
C01912,Springfield,A,45338
C01913,Lakeview,B,58838
C01914,Glendale,B,65819
C01915,Glendale,C,82524
C01916,Glendale,B,65946
C01917,Riverton,A,97638
C01918,Springfield,B,57927
C01919,Fairfax,B,74441
C01920,Glendale,C,44167
C01921,Lakeview,C,12338
C01922,Lakeview,B,75949
C01923,Springfield,B,72021
C01924,Fairfax,A,19275
C01925,Glendale,A,31469
C01926,Springfield,C,66158
C01927,Springfield,B,33113
C01928,Fairfax,B,33366
C01929,Fairfax,A,58024
C01930,Springfield,C,19728
C01931,Riverton,C,75934
C01932,Riverton,B,87343
C01933,Lakeview,C,10445
C01934,Fairfax,A,75457
C01935,Glendale,B,76749
C01936,Glendale,A,82744
C01937,Springfield,C,87116
C01938,Glendale,A,50832
C01939,Fairfax,B,65700
C01940,Riverton,A,16404
C01941,Riverton,A,41068
C01942,Fairfax,C,56095
C01943,Riverton,B,39985
C01944,Fairfax,C,57721
C01945,Springfield,B,70961
C01946,Springfield,B,85639
C01947,Springfield,C,69569
C01948,Fairfax,A,41756
C01949,Fairfax,B,49171
C01950,Springfield,A,73882
C01951,Lakeview,B,83468
C01952,Fairfax,B,64326
C01953,Fairfax,C,19093
C01954,Fairfax,C,20392
C01955,Springfield,C,66632
C01956,Springfield,B,10159
C01957,Riverton,A,85311
C01958,Lakeview,A,86933
C01959,Springfield,C,82961
C01960,Riverton,B,51229
C01961,Springfield,A,29517
C01962,Glendale,C,25019
C01963,Fairfax,A,87388
C01964,Fairfax,C,86996
C01965,Springfield,C,56137
C01966,Springfield,C,45878
C01967,Lakeview,A,68962
C01968,Glendale,C,18575
C01969,Springfield,A,54682
C01970,Fairfax,C,37556
C01971,Glendale,A,21890
C01972,Fairfax,C,88444
C01973,Fairfax,B,48194
C01974,Riverton,B,63008
C01975,Glendale,B,30902
C01976,Riverton,B,39475
C01977,Lakeview,C,66939
C01978,Fairfax,A,45630
C01979,Fairfax,A,93257
C01980,Lakeview,A,63524
C01981,Riverton,A,76316
C01982,Lakeview,A,44219
C01983,Springfield,B,61746
C01984,Riverton,C,82119
C01985,Glendale,B,38809
C01986,Glendale,C,10662
C01987,Springfield,C,38326
C01988,Riverton,B,11241
C01989,Fairfax,B,45700
C01990,Lakeview,C,13251
C01991,Riverton,B,69286
C01992,Riverton,A,21184
C01993,Fairfax,C,34545
C01994,Lakeview,B,67955
C01995,Springfield,C,26880
C01996,Springfield,C,12539
C01997,Lakeview,B,13748
C01998,Glendale,B,29349
C01999,Springfield,B,94725
C02000,Riverton,A,79673
C02001,Glendale,C,33143
C02002,Fairfax,A,67178
C02003,Riverton,C,56024
C02004,Lakeview,B,41274
C02005,Glendale,B,33757
C02006,Lakeview,B,46317
C02007,Fairfax,B,42139
C02008,Fairfax,C,87242
C02009,Glendale,C,59925
C02010,Fairfax,A,35119
C02011,Springfield,C,23075
C02012,Glendale,C,78571
C02013,Springfield,B,69268
C02014,Riverton,B,38727
C02015,Riverton,C,23096
C02016,Fairfax,C,67864
C02017,Glendale,C,35594
C02018,Glendale,A,41360
C02019,Fairfax,B,92438
C02020,Lakeview,A,56492
C02021,Fairfax,A,76857
C02022,Springfield,C,43646
C02023,Fairfax,A,37990
C02024,Glendale,C,34507
C02025,Springfield,C,16179
C02026,Glendale,C,62703
C02027,Springfield,B,82597
C02028,Springfield,A,12504
C02029,Springfield,C,99635
C02030,Fairfax,B,31811
C02031,Glendale,B,39691
C02032,Springfield,C,72599
C02033,Lakeview,B,73418
C02034,Fairfax,C,83773
C02035,Fairfax,C,76716
C02036,Riverton,B,97797
C02037,Lakeview,B,39803
C02038,Riverton,B,33683
C02039,Lakeview,A,81161
C02040,Fairfax,C,90015
C02041,Springfield,B,16011
C02042,Fairfax,C,13815
C02043,Glendale,A,67200
C02044,Lakeview,C,69668
C02045,Glendale,C,15084
C02046,Lakeview,A,31272
C02047,Glendale,B,93577
C02048,Lakeview,A,60155
C02049,Riverton,A,86902
C02050,Fairfax,B,19466
C02051,Glendale,B,23530
C02052,Fairfax,C,88460
C02053,Lakeview,C,16564
C02054,Springfield,B,30411
C02055,Glendale,A,53445
C02056,Springfield,A,33279
C02057,Riverton,B,41548
C02058,Springfield,A,77742
C02059,Fairfax,A,53226
C02060,Fairfax,C,79506
C02061,Riverton,C,35736
C02062,Lakeview,B,90532
C02063,Lakeview,C,61108
C02064,Fairfax,B,21706
C02065,Lakeview,A,82322
C02066,Springfield,A,12648
C02067,Springfield,C,21418
C02068,Springfield,C,38462
C02069,Lakeview,A,73771
C02070,Riverton,A,94767
C02071,Riverton,C,41252
C02072,Lakeview,C,15569
C02073,Fairfax,C,36129
C02074,Lakeview,A,37214
C02075,Glendale,B,89285
C02076,Fairfax,C,31560
C02077,Glendale,A,48919
C02078,Springfield,C,38227
C02079,Springfield,C,41485
C02080,Lakeview,B,78580
C02081,Riverton,C,62819
C02082,Riverton,A,61487
C02083,Glendale,C,22924
C02084,Lakeview,A,91846
C02085,Glendale,A,88950
C02086,Riverton,C,27142
C02087,Springfield,A,95142
C02088,Riverton,C,12539
C02089,Glendale,A,34128
C02090,Riverton,B,93946
C02091,Lakeview,B,29654
C02092,Fairfax,B,29615
C02093,Glendale,B,54717
C02094,Fairfax,B,47395
C02095,Lakeview,B,88318
C02096,Riverton,C,35139
C02097,Fairfax,A,99451
C02098,Springfield,A,77533
C02099,Lakeview,A,89779
C02100,Springfield,B,80784
C02101,Riverton,A,70614
C02102,Springfield,B,42626
C02103,Riverton,B,61481
C02104,Springfield,B,44417
C02105,Riverton,A,31085
C02106,Fairfax,B,22159
C02107,Riverton,C,88193
C02108,Springfield,B,27830
C02109,Lakeview,A,33984
C02110,Springfield,C,41348
C02111,Springfield,B,70474
C02112,Riverton,B,93445
C02113,Springfield,B,30828
C02114,Fairfax,A,74253
C02115,Lakeview,A,53445
C02116,Riverton,B,99081
C02117,Glendale,C,64593
C02118,Lakeview,A,13194
C02119,Riverton,B,53580
C02120,Springfield,A,45499
C02121,Glendale,C,28942
C02122,Springfield,B,29326
C02123,Glendale,B,53925
C02124,Riverton,B,17487
C02125,Riverton,A,54703
C02126,Springfield,C,17781
C02127,Fairfax,C,43003
C02128,Riverton,A,18956
C02129,Glendale,B,37422
C02130,Springfield,B,81304
C02131,Lakeview,B,39192
C02132,Lakeview,B,50490
C02133,Springfield,C,31079
C02134,Fairfax,A,54333
C02135,Lakeview,B,44035
C02136,Lakeview,A,42427
C02137,Fairfax,C,74187
C02138,Lakeview,B,53414
C02139,Lakeview,C,13133
C02140,Springfield,C,46206
C02141,Fairfax,C,11924
C02142,Fairfax,B,17850
C02143,Springfield,A,42624
C02144,Lakeview,B,19452
C02145,Glendale,A,31904
C02146,Lakeview,A,48381
C02147,Lakeview,C,43180
C02148,Riverton,C,64460
C02149,Fairfax,C,42426
C02150,Lakeview,A,18409
C02151,Springfield,C,71090
C02152,Riverton,C,21290
C02153,Riverton,B,44405
C02154,Glendale,A,93928
C02155,Riverton,A,44025
C02156,Glendale,A,93262
C02157,Lakeview,A,20102
C02158,Fairfax,B,12086
C02159,Fairfax,B,46790
C02160,Lakeview,B,76114
C02161,Springfield,C,19824
C02162,Fairfax,C,17768
C02163,Lakeview,C,74480
C02164,Riverton,A,99630
C02165,Glendale,B,78508
C02166,Glendale,B,68330
C02167,Fairfax,C,17999
C02168,Springfield,C,35786
C02169,Glendale,A,27093
C02170,Riverton,A,27243
C02171,Glendale,A,85542
C02172,Springfield,A,10110
C02173,Springfield,A,60418
C02174,Riverton,B,91337
C02175,Lakeview,B,10551
C02176,Springfield,A,51282
C02177,Fairfax,C,99361
C02178,Glendale,C,23762
C02179,Lakeview,C,40408
C02180,Lakeview,A,70004
C02181,Springfield,A,69794
C02182,Fairfax,A,62907
C02183,Riverton,B,40719
C02184,Glendale,B,96855
C02185,Riverton,A,33336
C02186,Fairfax,C,81009
C02187,Lakeview,A,22822
C02188,Lakeview,B,57339
C02189,Fairfax,C,96074
C02190,Springfield,C,36200
C02191,Fairfax,A,30983
C02192,Fairfax,A,20140
C02193,Lakeview,A,77244
C02194,Lakeview,A,71754
C02195,Springfield,C,84404
C02196,Glendale,C,81994
C02197,Springfield,C,51554
C02198,Glendale,A,87020
C02199,Fairfax,C,49617
C02200,Fairfax,B,14227
C02201,Glendale,C,10153
C02202,Riverton,A,17039
C02203,Glendale,C,24161
C02204,Fairfax,C,39415
C02205,Fairfax,C,64080
C02206,Springfield,C,68060
C02207,Fairfax,C,68661
C02208,Lakeview,C,97430
C02209,Riverton,B,73874
C02210,Fairfax,B,20871
C02211,Springfield,C,74853
C02212,Riverton,A,37614
C02213,Lakeview,A,74932
C02214,Lakeview,B,60855
C02215,Fairfax,C,41460
C02216,Fairfax,B,49610
C02217,Springfield,B,64147
C02218,Riverton,A,60891
C02219,Glendale,A,12744
C02220,Riverton,C,45512
C02221,Springfield,C,13764
C02222,Glendale,B,71528
C02223,Springfield,A,72483
C02224,Riverton,A,62335
C02225,Lakeview,C,55793
C02226,Riverton,C,55589
C02227,Riverton,C,87517
C02228,Riverton,A,44039
C02229,Glendale,A,88491
C02230,Fairfax,B,16554
C02231,Glendale,B,92470
C02232,Glendale,B,84004
C02233,Riverton,B,28890
C02234,Riverton,A,91986
C02235,Lakeview,A,47790
C02236,Lakeview,C,94734
C02237,Lakeview,C,12796
C02238,Riverton,C,86138
C02239,Fairfax,B,68692
C02240,Lakeview,A,49239
C02241,Lakeview,A,13734
C02242,Glendale,A,45330
C02243,Riverton,A,89454
C02244,Lakeview,B,66612
C02245,Lakeview,C,75956
C02246,Glendale,C,46792
C02247,Riverton,B,59792
C02248,Fairfax,B,62779
C02249,Springfield,C,15562
C02250,Riverton,C,57693
C02251,Riverton,C,27770
C02252,Fairfax,B,47093
C02253,Glendale,A,73989
C02254,Glendale,B,48640
C02255,Springfield,C,43661
C02256,Lakeview,A,43494
C02257,Glendale,A,85086
C02258,Lakeview,B,18034
C02259,Springfield,B,35160
C02260,Riverton,A,47376
C02261,Springfield,B,82324
C02262,Glendale,A,40211
C02263,Riverton,B,77745
C02264,Springfield,B,94120
C02265,Fairfax,A,88812
C02266,Fairfax,A,31239
C02267,Riverton,C,51669
C02268,Fairfax,A,41032
C02269,Glendale,A,49941
C02270,Glendale,A,84131
C02271,Glendale,C,96219
C02272,Lakeview,C,51049
C02273,Riverton,C,59801
C02274,Glendale,A,99013
C02275,Lakeview,B,17656
C02276,Lakeview,B,17079
C02277,Springfield,B,32237
C02278,Glendale,C,62478
C02279,Springfield,C,45343
C02280,Fairfax,A,65381
C02281,Lakeview,B,55111
C02282,Fairfax,A,58192
C02283,Springfield,B,93893
C02284,Riverton,C,54296
C02285,Glendale,C,13765
C02286,Lakeview,A,80337
C02287,Lakeview,A,88833
C02288,Glendale,C,65794
C02289,Fairfax,B,17486
C02290,Riverton,C,84821
C02291,Fairfax,A,38310
C02292,Glendale,B,74465
C02293,Glendale,A,17506
C02294,Glendale,C,36638
C02295,Lakeview,B,44082
C02296,Glendale,C,57995
C02297,Springfield,C,95100
C02298,Lakeview,A,34139
C02299,Lakeview,A,39006
C02300,Fairfax,A,67701
C02301,Springfield,B,41036
C02302,Fairfax,B,68598
C02303,Glendale,C,24576
C02304,Fairfax,B,26468
C02305,Glendale,A,58489
C02306,Fairfax,A,19765
C02307,Glendale,C,69246
C02308,Springfield,A,50221
C02309,Riverton,C,31335
C02310,Lakeview,C,22557
C02311,Lakeview,A,43676
C02312,Fairfax,B,91398
C02313,Springfield,C,96499
C02314,Lakeview,C,45001
C02315,Springfield,A,64792
C02316,Lakeview,C,55546
C02317,Glendale,C,45455
C02318,Riverton,A,74045
C02319,Glendale,A,72953
C02320,Lakeview,B,36680
C02321,Fairfax,B,37762
C02322,Fairfax,A,17752
C02323,Lakeview,C,70265
C02324,Glendale,C,74387
C02325,Springfield,A,17222
C02326,Springfield,B,46408
C02327,Lakeview,B,48808
C02328,Fairfax,B,89642
C02329,Springfield,B,48709
C02330,Lakeview,B,65077
C02331,Lakeview,C,96776
C02332,Fairfax,B,38598
C02333,Riverton,C,12550
C02334,Springfield,A,43754
C02335,Springfield,C,63123
C02336,Springfield,C,18978
C02337,Glendale,B,55036
C02338,Riverton,B,66261
C02339,Fairfax,A,34591
C02340,Springfield,C,42379
C02341,Fairfax,B,21711
C02342,Riverton,A,78352
C02343,Fairfax,C,79730
C02344,Lakeview,B,51778
C02345,Glendale,B,81132
C02346,Fairfax,B,80755
C02347,Lakeview,B,73032
C02348,Riverton,C,98919
C02349,Glendale,C,43586
C02350,Lakeview,A,88987
C02351,Springfield,A,41724
C02352,Glendale,A,46744
C02353,Riverton,B,95743
C02354,Glendale,A,77361
C02355,Riverton,A,10761
C02356,Riverton,C,32085
C02357,Riverton,A,86587
C02358,Fairfax,B,72818
C02359,Glendale,C,97555
C02360,Glendale,C,15157
C02361,Riverton,B,91453
C02362,Riverton,A,43028
C02363,Riverton,A,47925
C02364,Glendale,A,38564
C02365,Fairfax,C,18020
C02366,Lakeview,B,45882
C02367,Lakeview,B,91006
C02368,Fairfax,C,92283
C02369,Lakeview,C,41912
C02370,Fairfax,C,97124
C02371,Springfield,A,53217
C02372,Lakeview,C,70421
C02373,Springfield,C,19429
C02374,Riverton,A,12741
C02375,Glendale,A,68410
C02376,Fairfax,A,61550
C02377,Lakeview,A,17022
C02378,Lakeview,A,66402
C02379,Fairfax,C,72211
C02380,Springfield,A,60983
C02381,Riverton,A,10728
C02382,Fairfax,C,48803
C02383,Lakeview,B,80689
C02384,Glendale,B,69754
C02385,Springfield,C,88679
C02386,Fairfax,B,96418
C02387,Riverton,B,79359
C02388,Glendale,B,42162
C02389,Lakeview,C,84198
C02390,Lakeview,B,75414
C02391,Riverton,C,88486
C02392,Riverton,C,72476
C02393,Riverton,B,31391
C02394,Riverton,C,67567
C02395,Lakeview,C,28650
C02396,Glendale,C,90185
C02397,Springfield,A,69694
C02398,Lakeview,A,71974
C02399,Riverton,A,19654
C02400,Lakeview,B,70512
C02401,Lakeview,C,34571
C02402,Glendale,A,41413
C02403,Glendale,B,74075
C02404,Fairfax,A,57117
C02405,Riverton,A,80765
C02406,Glendale,B,53656
C02407,Glendale,A,61056
C02408,Riverton,C,62902
C02409,Glendale,C,86331
C02410,Lakeview,A,35068
C02411,Fairfax,C,17781
C02412,Fairfax,A,74976
C02413,Fairfax,A,81853
C02414,Lakeview,C,50618
C02415,Lakeview,A,32037
C02416,Riverton,A,55972
C02417,Riverton,B,87252
C02418,Glendale,B,57208
C02419,Glendale,B,36770
C02420,Springfield,A,35750
C02421,Fairfax,C,45614
C02422,Fairfax,C,47947
C02423,Springfield,B,19380
C02424,Springfield,C,12711
C02425,Lakeview,A,44355
C02426,Lakeview,A,58453
C02427,Riverton,A,77723
C02428,Glendale,C,39688
C02429,Glendale,A,94241
C02430,Fairfax,C,36272
C02431,Glendale,C,58615
C02432,Fairfax,C,56364
C02433,Glendale,A,47135
C02434,Springfield,B,66995
C02435,Lakeview,C,24197
C02436,Riverton,A,18850
C02437,Lakeview,A,55424
C02438,Lakeview,B,48701
C02439,Fairfax,C,87754
C02440,Riverton,A,98465
C02441,Riverton,A,86817
C02442,Lakeview,C,43810
C02443,Riverton,B,27912
C02444,Fairfax,C,46351
C02445,Fairfax,A,70374
C02446,Glendale,B,93530
C02447,Glendale,B,73743
C02448,Lakeview,A,51246
C02449,Lakeview,B,42462
C02450,Riverton,C,36090
C02451,Riverton,B,63020
C02452,Riverton,C,84326
C02453,Glendale,A,87676
C02454,Springfield,C,61860
C02455,Springfield,B,58583
C02456,Lakeview,C,68598
C02457,Riverton,B,39782
C02458,Fairfax,C,27642
C02459,Lakeview,A,37952
C02460,Springfield,C,53479
C02461,Springfield,B,95093
C02462,Glendale,A,78631
C02463,Lakeview,C,87590
C02464,Fairfax,B,84854
C02465,Fairfax,A,21100
C02466,Lakeview,A,46065
C02467,Springfield,A,24191
C02468,Glendale,C,39115
C02469,Riverton,C,99790
C02470,Riverton,B,99824
C02471,Springfield,B,47421
C02472,Glendale,C,13076
C02473,Riverton,A,49843
C02474,Riverton,A,46800
C02475,Glendale,B,51202
C02476,Springfield,C,29235
C02477,Glendale,B,55119
C02478,Riverton,A,83188
C02479,Fairfax,B,78780
C02480,Springfield,A,56349
C02481,Lakeview,B,47988
C02482,Riverton,B,82826
C02483,Glendale,C,49096
C02484,Fairfax,B,99842
C02485,Glendale,B,88442
C02486,Lakeview,B,20488
C02487,Springfield,B,93004
C02488,Riverton,C,62028
C02489,Lakeview,C,78381
C02490,Springfield,A,23785
C02491,Lakeview,A,69332
C02492,Fairfax,B,60273
C02493,Lakeview,A,74968
C02494,Lakeview,B,71598
C02495,Lakeview,B,64165
C02496,Fairfax,C,22330
C02497,Fairfax,B,10566
C02498,Fairfax,C,82794
C02499,Riverton,B,48986
C02500,Glendale,A,81738
C02501,Springfield,C,11213
C02502,Riverton,C,41404
C02503,Fairfax,C,99235
C02504,Springfield,C,26739
C02505,Riverton,C,95185
C02506,Lakeview,C,39658
C02507,Riverton,B,87134
C02508,Lakeview,C,62960
C02509,Fairfax,C,91321
C02510,Fairfax,A,68801
C02511,Springfield,B,80882
C02512,Springfield,B,77477
C02513,Riverton,B,19821
C02514,Riverton,A,72220
C02515,Springfield,C,24497
C02516,Riverton,A,59685
C02517,Riverton,C,75050
C02518,Lakeview,A,74294
C02519,Springfield,A,79506
C02520,Springfield,A,30309
C02521,Glendale,C,18188
C02522,Glendale,A,24729
C02523,Riverton,A,47151
C02524,Lakeview,C,86456
C02525,Lakeview,A,87298
C02526,Fairfax,C,37580
C02527,Lakeview,A,45487
C02528,Lakeview,C,22921
C02529,Riverton,C,99236
C02530,Lakeview,A,34976
C02531,Springfield,A,76800
C02532,Riverton,C,10812
C02533,Lakeview,C,43944
C02534,Riverton,B,30701
C02535,Fairfax,C,47565
C02536,Riverton,A,32863
C02537,Fairfax,B,96307
C02538,Riverton,B,66947
C02539,Glendale,A,25157
C02540,Riverton,C,47463
C02541,Lakeview,C,50525
C02542,Lakeview,A,43943
C02543,Riverton,C,27091
C02544,Riverton,C,50797
C02545,Springfield,A,43504
C02546,Fairfax,C,13370
C02547,Fairfax,A,74633
C02548,Glendale,A,61504
C02549,Riverton,C,34285
C02550,Riverton,C,69356
C02551,Fairfax,A,10798
C02552,Lakeview,C,84712
C02553,Riverton,B,92571
C02554,Glendale,C,79605
C02555,Fairfax,C,95011
C02556,Riverton,A,58160
C02557,Lakeview,B,53675
C02558,Riverton,A,16100
C02559,Glendale,C,46898
C02560,Riverton,A,66803
C02561,Riverton,A,56331
C02562,Fairfax,C,59752
C02563,Riverton,B,44345
C02564,Glendale,A,80741
C02565,Springfield,C,55906
C02566,Fairfax,A,52208
C02567,Lakeview,C,48955
C02568,Glendale,C,87212
C02569,Springfield,B,28137
C02570,Riverton,B,86439
C02571,Lakeview,A,92481
C02572,Fairfax,C,56835
C02573,Fairfax,B,59880
C02574,Fairfax,B,46827
C02575,Springfield,A,42559
C02576,Springfield,C,98521
C02577,Springfield,C,62976
C02578,Springfield,A,25842
C02579,Lakeview,B,60632
C02580,Fairfax,A,80623
C02581,Glendale,C,43031
C02582,Fairfax,A,28498
C02583,Fairfax,B,41077
C02584,Springfield,A,24632
C02585,Springfield,B,35119
C02586,Fairfax,B,79734
C02587,Glendale,A,32657
C02588,Glendale,B,26935
C02589,Riverton,C,18331
C02590,Glendale,B,88987
C02591,Glendale,B,37629
C02592,Lakeview,A,14864
C02593,Fairfax,B,95260
C02594,Springfield,A,27826
C02595,Fairfax,A,10863
C02596,Springfield,C,64393
C02597,Riverton,C,98558
C02598,Riverton,C,80203
C02599,Glendale,B,65180
C02600,Riverton,C,55941
C02601,Lakeview,C,23611
C02602,Springfield,C,29054
C02603,Lakeview,C,78667
C02604,Springfield,B,80784
C02605,Glendale,B,14764
C02606,Lakeview,B,82462
C02607,Fairfax,C,10016
C02608,Springfield,B,76013
C02609,Glendale,A,58740
C02610,Glendale,B,65439
C02611,Glendale,A,34064
C02612,Fairfax,A,85477
C02613,Glendale,C,89415
C02614,Fairfax,A,78260
C02615,Glendale,C,88500
C02616,Lakeview,C,35814
C02617,Lakeview,B,14615
C02618,Springfield,A,81921
C02619,Fairfax,C,71464
C02620,Springfield,A,75413
C02621,Springfield,B,26078
C02622,Fairfax,C,74198
C02623,Fairfax,A,76964
C02624,Fairfax,B,61236
C02625,Glendale,C,38642
C02626,Springfield,C,60065
C02627,Springfield,C,57212
C02628,Glendale,B,61695
C02629,Lakeview,C,24267
C02630,Fairfax,B,77298
C02631,Fairfax,C,21034
C02632,Glendale,C,73068
C02633,Glendale,B,29557
C02634,Glendale,B,18789
C02635,Riverton,C,15535
C02636,Fairfax,B,59401
C02637,Riverton,B,75248
C02638,Lakeview,C,89228
C02639,Lakeview,B,76262
C02640,Springfield,B,54696
C02641,Fairfax,C,80972
C02642,Lakeview,A,24683
C02643,Fairfax,B,54826
C02644,Fairfax,B,63990
C02645,Springfield,C,71437
C02646,Lakeview,A,76029
C02647,Lakeview,A,91750
C02648,Fairfax,B,71839
C02649,Fairfax,A,87393
C02650,Springfield,C,31380
C02651,Glendale,B,63824
C02652,Springfield,C,12622
C02653,Springfield,B,12529
C02654,Riverton,A,18345
C02655,Glendale,A,90463
C02656,Fairfax,C,96657
C02657,Springfield,C,19835
C02658,Springfield,A,66485
C02659,Lakeview,C,89820
C02660,Springfield,B,40374
C02661,Lakeview,A,67021
C02662,Riverton,A,70837
C02663,Fairfax,A,20543
C02664,Lakeview,A,84448
C02665,Glendale,C,21034
C02666,Fairfax,B,35749
C02667,Fairfax,B,60036
C02668,Riverton,B,50150
C02669,Lakeview,A,61148
C02670,Riverton,B,40337
C02671,Springfield,B,17449
C02672,Riverton,C,16860
C02673,Fairfax,C,70054
C02674,Lakeview,A,48592
C02675,Lakeview,B,33626
C02676,Lakeview,C,90117
C02677,Lakeview,A,65567
C02678,Glendale,C,94687
C02679,Springfield,C,34921
C02680,Lakeview,A,69614
C02681,Fairfax,A,69594
C02682,Springfield,C,74854
C02683,Springfield,C,29014
C02684,Springfield,A,25772
C02685,Lakeview,B,71061
C02686,Lakeview,C,48326
C02687,Fairfax,B,19096
C02688,Glendale,C,84351
C02689,Riverton,B,71789
C02690,Springfield,B,11824
C02691,Glendale,C,44844
C02692,Lakeview,A,12193
C02693,Fairfax,C,74092
C02694,Fairfax,C,77959
C02695,Lakeview,A,94155
C02696,Glendale,A,29053
C02697,Glendale,B,33511
C02698,Springfield,C,95187
C02699,Glendale,A,34426
C02700,Glendale,A,42927
C02701,Fairfax,A,47964
C02702,Lakeview,C,22947
C02703,Fairfax,A,74355
C02704,Lakeview,C,92683
C02705,Fairfax,C,10706
C02706,Riverton,B,13160
C02707,Fairfax,B,54804
C02708,Lakeview,A,80435
C02709,Springfield,A,55964
C02710,Lakeview,C,16015
C02711,Lakeview,A,35771
C02712,Springfield,A,75701
C02713,Springfield,B,54399
C02714,Lakeview,C,24739
C02715,Riverton,C,38058
C02716,Riverton,C,95350
C02717,Springfield,C,42531
C02718,Lakeview,A,52504
C02719,Glendale,A,17392
C02720,Springfield,C,69228
C02721,Riverton,C,36192
C02722,Lakeview,C,45206
C02723,Glendale,A,41122
C02724,Fairfax,A,41077
C02725,Fairfax,B,38072
C02726,Lakeview,B,41993
C02727,Riverton,C,60213
C02728,Riverton,B,27142
C02729,Springfield,A,37344
C02730,Riverton,A,11019
C02731,Fairfax,C,59720
C02732,Glendale,A,93699
C02733,Springfield,C,18272
C02734,Springfield,C,89638
C02735,Lakeview,B,15151
C02736,Fairfax,A,60539
C02737,Lakeview,C,60394
C02738,Glendale,C,27022
C02739,Springfield,C,65938
C02740,Lakeview,B,17002
C02741,Fairfax,C,36371
C02742,Springfield,B,58034
C02743,Fairfax,B,10574
C02744,Fairfax,C,42419
C02745,Glendale,A,65260
C02746,Riverton,A,54190
C02747,Lakeview,A,41651
C02748,Glendale,C,58379
C02749,Riverton,A,53898
C02750,Fairfax,A,52033
C02751,Springfield,B,95809
C02752,Riverton,C,64595
C02753,Lakeview,B,38943
C02754,Fairfax,A,84931
C02755,Fairfax,A,65870
C02756,Springfield,B,71226
C02757,Fairfax,B,61003
C02758,Fairfax,B,98889
C02759,Riverton,C,72710
C02760,Springfield,B,74197
C02761,Springfield,A,45272
C02762,Lakeview,A,63627
C02763,Glendale,C,91057
C02764,Fairfax,C,28446
C02765,Lakeview,B,58068
C02766,Lakeview,B,85798
C02767,Fairfax,C,87676
C02768,Riverton,A,46567
C02769,Riverton,B,52942
C02770,Fairfax,B,94712
C02771,Lakeview,A,41931
C02772,Lakeview,B,18817
C02773,Lakeview,B,36505
C02774,Glendale,A,19762
C02775,Lakeview,A,34053
C02776,Springfield,A,85368
C02777,Springfield,B,22582
C02778,Fairfax,C,31488
C02779,Fairfax,C,65754
C02780,Springfield,B,16895
C02781,Fairfax,B,40247
C02782,Riverton,A,73710
C02783,Glendale,C,36514
C02784,Riverton,C,46446
C02785,Fairfax,B,78861
C02786,Fairfax,A,68231
C02787,Fairfax,B,50708
C02788,Riverton,C,64452
C02789,Springfield,A,58946
C02790,Riverton,B,34483
C02791,Riverton,A,45631
C02792,Riverton,C,95756
C02793,Glendale,C,96877
C02794,Glendale,C,39876
C02795,Lakeview,B,17516
C02796,Lakeview,B,84472
C02797,Fairfax,C,85938
C02798,Lakeview,A,73932
C02799,Lakeview,A,55701
C02800,Riverton,A,40163
C02801,Glendale,C,75131
C02802,Lakeview,A,43878
C02803,Glendale,A,20624
C02804,Springfield,B,13155
C02805,Fairfax,A,11829
C02806,Fairfax,B,96491
C02807,Springfield,C,96028
C02808,Lakeview,B,42950
C02809,Glendale,C,90310
C02810,Lakeview,C,36302
C02811,Lakeview,B,16080
C02812,Fairfax,A,54675
C02813,Riverton,B,67556
C02814,Lakeview,B,64709
C02815,Glendale,B,37803
C02816,Lakeview,A,16029
C02817,Lakeview,C,44785
C02818,Riverton,C,47710
C02819,Glendale,A,86885
C02820,Fairfax,B,79591
C02821,Fairfax,B,28718
C02822,Riverton,A,17372
C02823,Riverton,C,39892
C02824,Riverton,B,21333
C02825,Fairfax,B,55724
C02826,Fairfax,C,75882
C02827,Lakeview,C,12676
C02828,Lakeview,B,27783
C02829,Lakeview,B,31787
C02830,Springfield,C,93561
C02831,Glendale,C,99021
C02832,Springfield,B,37949
C02833,Springfield,B,13984
C02834,Glendale,A,40069
C02835,Springfield,C,33951
C02836,Fairfax,B,19431
C02837,Springfield,A,29430
C02838,Glendale,B,70619
C02839,Fairfax,B,24033
C02840,Glendale,B,52561
C02841,Lakeview,A,51585
C02842,Springfield,A,64176
C02843,Riverton,B,89580
C02844,Glendale,C,72499
C02845,Glendale,A,55758
C02846,Fairfax,C,84835
C02847,Springfield,A,69213
C02848,Lakeview,A,93178
C02849,Glendale,A,43591
C02850,Glendale,A,65390
C02851,Lakeview,A,15882
C02852,Fairfax,A,71608
C02853,Glendale,C,15850
C02854,Glendale,A,12412
C02855,Fairfax,B,76788
C02856,Fairfax,A,50437
C02857,Glendale,B,70439
C02858,Fairfax,C,99092
C02859,Riverton,B,18322
C02860,Lakeview,A,66771
C02861,Lakeview,B,29270
C02862,Springfield,A,23240
C02863,Riverton,A,56356
C02864,Lakeview,B,39158
C02865,Springfield,A,17316
C02866,Glendale,C,99895
C02867,Glendale,A,39496
C02868,Fairfax,C,54768
C02869,Lakeview,A,27901
C02870,Glendale,C,30342
C02871,Glendale,B,64918
C02872,Springfield,A,91503
C02873,Lakeview,B,73939
C02874,Springfield,B,33959
C02875,Riverton,B,34045
C02876,Lakeview,B,73399
C02877,Springfield,C,78321
C02878,Springfield,B,96293
C02879,Springfield,A,91118
C02880,Riverton,C,86982
C02881,Fairfax,B,27169
C02882,Fairfax,C,45812
C02883,Glendale,C,34301
C02884,Springfield,B,64775
C02885,Fairfax,A,30035
C02886,Lakeview,C,63745
C02887,Riverton,B,73929
C02888,Springfield,B,72029
C02889,Fairfax,B,93144
C02890,Fairfax,B,50605
C02891,Glendale,C,81727
C02892,Springfield,B,63210
C02893,Springfield,C,41214
C02894,Springfield,B,91994
C02895,Lakeview,C,69594
C02896,Glendale,B,46251
C02897,Glendale,B,68352
C02898,Springfield,B,75997
C02899,Lakeview,C,42578
C02900,Glendale,C,68276
C02901,Glendale,A,24103
C02902,Fairfax,B,39733
C02903,Lakeview,B,71634
C02904,Springfield,C,74349
C02905,Fairfax,C,54076
C02906,Lakeview,A,60991
C02907,Lakeview,C,39890
C02908,Lakeview,C,22143
C02909,Glendale,B,25773
C02910,Springfield,C,40204
C02911,Fairfax,A,64906
C02912,Fairfax,A,29600
C02913,Fairfax,B,14583
C02914,Fairfax,A,46843
C02915,Springfield,B,42376
C02916,Lakeview,A,91344
C02917,Riverton,C,13774
C02918,Lakeview,B,24079
C02919,Riverton,C,54491
C02920,Lakeview,C,78152
C02921,Glendale,B,71916
C02922,Fairfax,A,61045
C02923,Fairfax,A,43610
C02924,Fairfax,C,55749
C02925,Lakeview,C,61369
C02926,Lakeview,B,95644
C02927,Glendale,C,10809
C02928,Springfield,A,35882
C02929,Lakeview,A,29761
C02930,Fairfax,A,70364
C02931,Lakeview,C,77469
C02932,Springfield,B,99037
C02933,Fairfax,A,22037
C02934,Glendale,C,64885
C02935,Lakeview,B,60482
C02936,Lakeview,C,71917
C02937,Fairfax,B,98730
C02938,Glendale,A,23776
C02939,Lakeview,A,16644
C02940,Glendale,A,39120
C02941,Lakeview,C,57187
C02942,Glendale,B,23412
C02943,Springfield,C,24211
C02944,Riverton,B,56500
C02945,Riverton,B,89638
C02946,Fairfax,C,69936
C02947,Fairfax,B,13935
C02948,Fairfax,B,50825
C02949,Lakeview,B,85931
C02950,Springfield,B,98800
C02951,Riverton,B,30886
C02952,Glendale,B,43942
C02953,Glendale,A,66306
C02954,Glendale,A,45501
C02955,Riverton,B,46759
C02956,Lakeview,B,23705
C02957,Riverton,B,49572
C02958,Springfield,B,46057
C02959,Lakeview,B,18475
C02960,Lakeview,B,68393
C02961,Springfield,C,27738
C02962,Glendale,B,77444
C02963,Riverton,C,26728
C02964,Fairfax,A,58298
C02965,Lakeview,C,36279
C02966,Glendale,C,12504
C02967,Lakeview,B,75143
C02968,Springfield,C,85278
C02969,Fairfax,A,44871
C02970,Riverton,C,96664
C02971,Lakeview,A,36790
C02972,Fairfax,B,17970
C02973,Riverton,C,46215
C02974,Riverton,A,84304
C02975,Riverton,C,77455
C02976,Riverton,B,36968
C02977,Springfield,C,43452
C02978,Lakeview,C,91118
C02979,Springfield,B,63072
C02980,Lakeview,B,95092
C02981,Fairfax,C,72437
C02982,Fairfax,A,52424
C02983,Riverton,A,14172
C02984,Glendale,C,62947
C02985,Fairfax,A,59668
C02986,Fairfax,B,57408
C02987,Springfield,A,44126
C02988,Springfield,C,98979
C02989,Lakeview,C,59362
C02990,Springfield,C,56743
C02991,Glendale,B,76133
C02992,Springfield,C,46467
C02993,Glendale,C,82442
C02994,Fairfax,A,23120
C02995,Fairfax,B,46223
C02996,Lakeview,A,73215
C02997,Lakeview,A,20942
C02998,Lakeview,A,48872
C02999,Springfield,C,92986
C03000,Fairfax,B,13529
