customer_id,name,segment,signup_date
C01001,Customer C01001,ENTERPRISE,2021-11-28
C01002,Customer C01002,CONSUMER,2020-11-11
C01003,Customer C01003,SMB,2023-09-22
C01004,Customer C01004,CONSUMER,2018-04-04
C01005,Customer C01005,SMB,2020-01-14
C01006,Customer C01006,CONSUMER,2021-02-09
C01007,Customer C01007,SMB,2020-10-06
C01008,Customer C01008,ENTERPRISE,2019-11-14
C01009,Customer C01009,CONSUMER,2022-05-28
C01010,Customer C01010,CONSUMER,2021-04-25
C01011,Customer C01011,SMB,2021-04-02
C01012,Customer C01012,ENTERPRISE,2023-09-07
C01013,Customer C01013,CONSUMER,2019-12-15
C01014,Customer C01014,SMB,2022-11-15
C01015,Customer C01015,ENTERPRISE,2021-11-06
C01016,Customer C01016,SMB,2018-10-11
C01017,Customer C01017,ENTERPRISE,2023-08-07
C01018,Customer C01018,CONSUMER,2020-03-20
C01019,Customer C01019,SMB,2019-08-11
C01020,Customer C01020,ENTERPRISE,2023-02-05
C01021,Customer C01021,SMB,2024-03-17
C01022,Customer C01022,ENTERPRISE,2022-07-08
C01023,Customer C01023,SMB,2024-09-15
C01024,Customer C01024,CONSUMER,2018-03-21
C01025,Customer C01025,SMB,2018-03-21
C01026,Customer C01026,CONSUMER,2021-03-09
C01027,Customer C01027,ENTERPRISE,2020-05-15
C01028,Customer C01028,SMB,2018-07-09
C01029,Customer C01029,ENTERPRISE,2021-01-20
C01030,Customer C01030,CONSUMER,2020-02-28
C01031,Customer C01031,ENTERPRISE,2020-12-06
C01032,Customer C01032,SMB,2019-12-02
C01033,Customer C01033,SMB,2021-08-19
C01034,Customer C01034,SMB,2020-04-25
C01035,Customer C01035,ENTERPRISE,2020-02-18
C01036,Customer C01036,CONSUMER,2024-12-18
C01037,Customer C01037,ENTERPRISE,2023-11-15
C01038,Customer C01038,SMB,2021-05-08
C01039,Customer C01039,CONSUMER,2018-11-02
C01040,Customer C01040,ENTERPRISE,2021-05-06
C01041,Customer C01041,ENTERPRISE,2018-05-16
C01042,Customer C01042,ENTERPRISE,2022-04-24
C01043,Customer C01043,ENTERPRISE,2019-09-04
C01044,Customer C01044,ENTERPRISE,2022-10-24
C01045,Customer C01045,CONSUMER,2020-02-18
C01046,Customer C01046,CONSUMER,2022-03-15
C01047,Customer C01047,SMB,2018-01-07
C01048,Customer C01048,SMB,2024-02-02
C01049,Customer C01049,ENTERPRISE,2019-01-20
C01050,Customer C01050,ENTERPRISE,2021-05-06
C01051,Customer C01051,ENTERPRISE,2018-03-19
C01052,Customer C01052,SMB,2022-11-09
C01053,Customer C01053,CONSUMER,2023-09-20
C01054,Customer C01054,CONSUMER,2020-11-04
C01055,Customer C01055,CONSUMER,2022-06-14
C01056,Customer C01056,ENTERPRISE,2021-12-11
C01057,Customer C01057,CONSUMER,2023-07-24
C01058,Customer C01058,CONSUMER,2018-12-26
C01059,Customer C01059,CONSUMER,2024-11-18
C01060,Customer C01060,ENTERPRISE,2018-05-02
C01061,Customer C01061,ENTERPRISE,2023-04-02
C01062,Customer C01062,SMB,2024-06-12
C01063,Customer C01063,ENTERPRISE,2018-06-21
C01064,Customer C01064,SMB,2018-06-13
C01065,Customer C01065,ENTERPRISE,2023-01-11
C01066,Customer C01066,CONSUMER,2024-04-12
C01067,Customer C01067,ENTERPRISE,2019-08-28
C01068,Customer C01068,ENTERPRISE,2019-07-13
C01069,Customer C01069,ENTERPRISE,2023-11-10
C01070,Customer C01070,ENTERPRISE,2021-12-21
C01071,Customer C01071,CONSUMER,2019-04-22
C01072,Customer C01072,ENTERPRISE,2021-01-24
C01073,Customer C01073,ENTERPRISE,2019-08-23
C01074,Customer C01074,CONSUMER,2024-04-10
C01075,Customer C01075,ENTERPRISE,2018-11-18
C01076,Customer C01076,CONSUMER,2018-10-08
C01077,Customer C01077,ENTERPRISE,2020-07-20
C01078,Customer C01078,SMB,2021-07-21
C01079,Customer C01079,ENTERPRISE,2021-06-02
C01080,Customer C01080,SMB,2023-02-19
C01081,Customer C01081,SMB,2020-10-14
C01082,Customer C01082,SMB,2020-01-17
C01083,Customer C01083,CONSUMER,2018-01-05
C01084,Customer C01084,ENTERPRISE,2019-10-07
C01085,Customer C01085,CONSUMER,2019-01-12
C01086,Customer C01086,CONSUMER,2021-01-23
C01087,Customer C01087,SMB,2018-11-18
C01088,Customer C01088,SMB,2022-11-14
C01089,Customer C01089,ENTERPRISE,2020-07-09
C01090,Customer C01090,SMB,2024-01-01
C01091,Customer C01091,SMB,2018-06-01
C01092,Customer C01092,CONSUMER,2020-07-08
C01093,Customer C01093,ENTERPRISE,2021-11-01
C01094,Customer C01094,SMB,2018-06-10
C01095,Customer C01095,SMB,2021-06-03
C01096,Customer C01096,ENTERPRISE,2024-08-10
C01097,Customer C01097,CONSUMER,2019-08-22
C01098,Customer C01098,CONSUMER,2018-10-08
C01099,Customer C01099,CONSUMER,2024-05-22
C01100,Customer C01100,CONSUMER,2023-06-12
C01101,Customer C01101,CONSUMER,2023-05-28
C01102,Customer C01102,SMB,2022-02-09
C01103,Customer C01103,ENTERPRISE,2022-07-07
C01104,Customer C01104,CONSUMER,2020-08-28
C01105,Customer C01105,CONSUMER,2023-08-08
C01106,Customer C01106,SMB,2021-03-23
C01107,Customer C01107,ENTERPRISE,2019-02-20
C01108,Customer C01108,CONSUMER,2023-04-15
C01109,Customer C01109,SMB,2022-08-12
C01110,Customer C01110,CONSUMER,2023-12-23
C01111,Customer C01111,ENTERPRISE,2018-02-07
C01112,Customer C01112,SMB,2018-11-20
C01113,Customer C01113,CONSUMER,2018-10-11
C01114,Customer C01114,CONSUMER,2024-04-01
C01115,Customer C01115,CONSUMER,2021-09-07
C01116,Customer C01116,ENTERPRISE,2023-10-23
C01117,Customer C01117,SMB,2018-01-19
C01118,Customer C01118,ENTERPRISE,2018-11-03
C01119,Customer C01119,SMB,2018-09-03
C01120,Customer C01120,CONSUMER,2024-05-10
C01121,Customer C01121,ENTERPRISE,2024-03-06
C01122,Customer C01122,CONSUMER,2023-08-09
C01123,Customer C01123,CONSUMER,2019-05-19
C01124,Customer C01124,CONSUMER,2023-10-06
C01125,Customer C01125,CONSUMER,2018-09-21
C01126,Customer C01126,ENTERPRISE,2021-10-11
C01127,Customer C01127,ENTERPRISE,2020-12-18
C01128,Customer C01128,CONSUMER,2024-03-19
C01129,Customer C01129,ENTERPRISE,2022-01-18
C01130,Customer C01130,SMB,2019-03-17
C01131,Customer C01131,ENTERPRISE,2018-05-27
C01132,Customer C01132,SMB,2019-12-22
C01133,Customer C01133,SMB,2018-08-17
C01134,Customer C01134,ENTERPRISE,2020-12-10
C01135,Customer C01135,ENTERPRISE,2019-02-24
C01136,Customer C01136,SMB,2018-12-21
C01137,Customer C01137,ENTERPRISE,2023-09-27
C01138,Customer C01138,ENTERPRISE,2019-08-12
C01139,Customer C01139,ENTERPRISE,2023-05-24
C01140,Customer C01140,ENTERPRISE,2022-03-21
C01141,Customer C01141,SMB,2020-08-26
C01142,Customer C01142,CONSUMER,2023-09-15
C01143,Customer C01143,ENTERPRISE,2021-12-28
C01144,Customer C01144,ENTERPRISE,2021-08-20
C01145,Customer C01145,CONSUMER,2020-10-12
C01146,Customer C01146,SMB,2023-01-01
C01147,Customer C01147,SMB,2018-05-10
C01148,Customer C01148,CONSUMER,2019-10-28
C01149,Customer C01149,CONSUMER,2024-10-08
C01150,Customer C01150,CONSUMER,2024-04-11
C01151,Customer C01151,ENTERPRISE,2022-06-11
C01152,Customer C01152,ENTERPRISE,2024-02-07
C01153,Customer C01153,SMB,2022-10-02
C01154,Customer C01154,SMB,2021-01-02
C01155,Customer C01155,SMB,2023-01-21
C01156,Customer C01156,CONSUMER,2023-05-10
C01157,Customer C01157,ENTERPRISE,2024-01-10
C01158,Customer C01158,SMB,2023-05-15
C01159,Customer C01159,SMB,2020-11-08
C01160,Customer C01160,SMB,2024-11-20
C01161,Customer C01161,SMB,2018-03-21
C01162,Customer C01162,SMB,2023-01-19
C01163,Customer C01163,SMB,2021-05-04
C01164,Customer C01164,CONSUMER,2023-01-11
C01165,Customer C01165,SMB,2021-11-10
C01166,Customer C01166,ENTERPRISE,2021-08-16
C01167,Customer C01167,CONSUMER,2024-03-07
C01168,Customer C01168,SMB,2023-04-27
C01169,Customer C01169,SMB,2021-12-10
C01170,Customer C01170,ENTERPRISE,2019-12-09
C01171,Customer C01171,ENTERPRISE,2022-10-13
C01172,Customer C01172,ENTERPRISE,2019-05-03
C01173,Customer C01173,ENTERPRISE,2022-02-02
C01174,Customer C01174,CONSUMER,2020-01-14
C01175,Customer C01175,CONSUMER,2020-01-04
C01176,Customer C01176,SMB,2018-04-19
C01177,Customer C01177,CONSUMER,2021-09-12
C01178,Customer C01178,ENTERPRISE,2020-12-07
C01179,Customer C01179,ENTERPRISE,2019-08-14
C01180,Customer C01180,SMB,2023-02-11
C01181,Customer C01181,SMB,2022-03-12
C01182,Customer C01182,SMB,2020-01-08
C01183,Customer C01183,SMB,2023-01-20
C01184,Customer C01184,ENTERPRISE,2020-05-25
C01185,Customer C01185,SMB,2023-09-22
C01186,Customer C01186,SMB,2020-11-13
C01187,Customer C01187,SMB,2022-10-06
C01188,Customer C01188,ENTERPRISE,2020-09-03
C01189,Customer C01189,ENTERPRISE,2021-09-23
C01190,Customer C01190,CONSUMER,2021-06-23
C01191,Customer C01191,CONSUMER,2023-12-05
C01192,Customer C01192,CONSUMER,2019-05-04
C01193,Customer C01193,SMB,2019-11-21
C01194,Customer C01194,SMB,2021-02-22
C01195,Customer C01195,SMB,2024-06-14
C01196,Customer C01196,CONSUMER,2022-07-16
C01197,Customer C01197,ENTERPRISE,2020-12-11
C01198,Customer C01198,CONSUMER,2022-04-24
C01199,Customer C01199,CONSUMER,2024-04-18
C01200,Customer C01200,SMB,2021-06-13
C01201,Customer C01201,SMB,2019-02-06
C01202,Customer C01202,ENTERPRISE,2024-07-08
C01203,Customer C01203,CONSUMER,2018-10-04
C01204,Customer C01204,ENTERPRISE,2018-11-14
C01205,Customer C01205,ENTERPRISE,2024-10-14
C01206,Customer C01206,ENTERPRISE,2021-01-24
C01207,Customer C01207,ENTERPRISE,2018-07-24
C01208,Customer C01208,ENTERPRISE,2019-11-23
C01209,Customer C01209,CONSUMER,2018-01-25
C01210,Customer C01210,ENTERPRISE,2024-01-13
C01211,Customer C01211,ENTERPRISE,2020-07-02
C01212,Customer C01212,ENTERPRISE,2021-06-06
C01213,Customer C01213,CONSUMER,2021-04-04
C01214,Customer C01214,ENTERPRISE,2019-10-12
C01215,Customer C01215,CONSUMER,2023-09-28
C01216,Customer C01216,ENTERPRISE,2021-10-23
C01217,Customer C01217,CONSUMER,2018-02-18
C01218,Customer C01218,SMB,2024-06-08
C01219,Customer C01219,CONSUMER,2022-11-16
C01220,Customer C01220,CONSUMER,2018-12-10
C01221,Customer C01221,SMB,2020-11-18
C01222,Customer C01222,SMB,2019-09-05
C01223,Customer C01223,ENTERPRISE,2021-05-07
C01224,Customer C01224,ENTERPRISE,2019-07-20
C01225,Customer C01225,ENTERPRISE,2023-01-17
C01226,Customer C01226,SMB,2022-05-21
C01227,Customer C01227,CONSUMER,2024-03-15
C01228,Customer C01228,ENTERPRISE,2021-12-19
C01229,Customer C01229,SMB,2023-07-17
C01230,Customer C01230,ENTERPRISE,2019-12-17
C01231,Customer C01231,SMB,2022-02-20
C01232,Customer C01232,SMB,2024-10-10
C01233,Customer C01233,CONSUMER,2020-02-05
C01234,Customer C01234,ENTERPRISE,2024-09-23
C01235,Customer C01235,ENTERPRISE,2021-01-15
C01236,Customer C01236,CONSUMER,2023-01-09
C01237,Customer C01237,SMB,2018-08-24
C01238,Customer C01238,ENTERPRISE,2023-05-14
C01239,Customer C01239,ENTERPRISE,2021-03-28
C01240,Customer C01240,ENTERPRISE,2022-12-13
C01241,Customer C01241,CONSUMER,2021-12-03
C01242,Customer C01242,SMB,2021-02-21
C01243,Customer C01243,CONSUMER,2021-04-28
C01244,Customer C01244,SMB,2023-02-12
C01245,Customer C01245,SMB,2023-10-07
C01246,Customer C01246,ENTERPRISE,2021-03-04
C01247,Customer C01247,ENTERPRISE,2018-09-20
C01248,Customer C01248,ENTERPRISE,2024-03-28
C01249,Customer C01249,SMB,2020-05-15
C01250,Customer C01250,CONSUMER,2024-07-21
C01251,Customer C01251,CONSUMER,2023-07-18
C01252,Customer C01252,ENTERPRISE,2022-02-02
C01253,Customer C01253,SMB,2023-01-06
C01254,Customer C01254,SMB,2023-08-06
C01255,Customer C01255,ENTERPRISE,2024-01-20
C01256,Customer C01256,CONSUMER,2019-12-16
C01257,Customer C01257,CONSUMER,2023-04-13
C01258,Customer C01258,CONSUMER,2024-12-16
C01259,Customer C01259,CONSUMER,2018-01-25
C01260,Customer C01260,CONSUMER,2020-03-22
C01261,Customer C01261,CONSUMER,2023-11-07
C01262,Customer C01262,SMB,2020-03-01
C01263,Customer C01263,SMB,2020-08-13
C01264,Customer C01264,CONSUMER,2022-03-19
C01265,Customer C01265,CONSUMER,2023-11-06
C01266,Customer C01266,SMB,2021-06-19
C01267,Customer C01267,SMB,2018-07-10
C01268,Customer C01268,CONSUMER,2024-02-09
C01269,Customer C01269,SMB,2022-08-09
C01270,Customer C01270,SMB,2022-04-03
C01271,Customer C01271,CONSUMER,2020-12-10
C01272,Customer C01272,ENTERPRISE,2022-12-12
C01273,Customer C01273,SMB,2019-03-08
C01274,Customer C01274,ENTERPRISE,2019-11-20
C01275,Customer C01275,ENTERPRISE,2018-01-09
C01276,Customer C01276,CONSUMER,2018-11-11
C01277,Customer C01277,CONSUMER,2021-03-05
C01278,Customer C01278,ENTERPRISE,2019-05-23
C01279,Customer C01279,ENTERPRISE,2023-09-17
C01280,Customer C01280,CONSUMER,2022-06-21
C01281,Customer C01281,SMB,2020-12-14
C01282,Customer C01282,SMB,2024-04-10
C01283,Customer C01283,CONSUMER,2024-03-04
C01284,Customer C01284,CONSUMER,2020-03-22
C01285,Customer C01285,ENTERPRISE,2024-05-19
C01286,Customer C01286,SMB,2019-02-21
C01287,Customer C01287,SMB,2018-05-08
C01288,Customer C01288,CONSUMER,2024-10-20
C01289,Customer C01289,CONSUMER,2023-03-11
C01290,Customer C01290,SMB,2020-10-23
C01291,Customer C01291,ENTERPRISE,2021-08-27
C01292,Customer C01292,ENTERPRISE,2018-05-16
C01293,Customer C01293,SMB,2021-06-22
C01294,Customer C01294,ENTERPRISE,2023-12-22
C01295,Customer C01295,ENTERPRISE,2022-11-10
C01296,Customer C01296,ENTERPRISE,2024-05-22
C01297,Customer C01297,CONSUMER,2023-07-05
C01298,Customer C01298,ENTERPRISE,2019-02-19
C01299,Customer C01299,ENTERPRISE,2020-08-12
C01300,Customer C01300,CONSUMER,2019-01-21
C01301,Customer C01301,SMB,2019-08-25
C01302,Customer C01302,CONSUMER,2021-08-14
C01303,Customer C01303,CONSUMER,2020-03-07
C01304,Customer C01304,ENTERPRISE,2023-04-08
C01305,Customer C01305,SMB,2018-01-22
C01306,Customer C01306,CONSUMER,2024-01-27
C01307,Customer C01307,CONSUMER,2020-12-28
C01308,Customer C01308,ENTERPRISE,2022-07-13
C01309,Customer C01309,SMB,2020-05-28
C01310,Customer C01310,CONSUMER,2022-01-25
C01311,Customer C01311,CONSUMER,2024-07-13
C01312,Customer C01312,CONSUMER,2022-09-22
C01313,Customer C01313,SMB,2020-10-27
C01314,Customer C01314,CONSUMER,2023-01-05
C01315,Customer C01315,CONSUMER,2020-01-01
C01316,Customer C01316,SMB,2024-11-07
C01317,Customer C01317,SMB,2018-01-24
C01318,Customer C01318,SMB,2020-02-17
C01319,Customer C01319,ENTERPRISE,2022-08-11
C01320,Customer C01320,SMB,2022-02-23
C01321,Customer C01321,CONSUMER,2020-03-22
C01322,Customer C01322,SMB,2022-01-26
C01323,Customer C01323,CONSUMER,2018-12-25
C01324,Customer C01324,ENTERPRISE,2022-01-21
C01325,Customer C01325,ENTERPRISE,2024-07-17
C01326,Customer C01326,SMB,2024-07-24
C01327,Customer C01327,ENTERPRISE,2022-06-10
C01328,Customer C01328,CONSUMER,2021-10-28
C01329,Customer C01329,ENTERPRISE,2023-07-04
C01330,Customer C01330,SMB,2022-03-20
C01331,Customer C01331,ENTERPRISE,2021-01-08
C01332,Customer C01332,CONSUMER,2024-01-20
C01333,Customer C01333,ENTERPRISE,2020-09-10
C01334,Customer C01334,SMB,2020-10-09
C01335,Customer C01335,SMB,2020-11-01
C01336,Customer C01336,ENTERPRISE,2022-04-06
C01337,Customer C01337,ENTERPRISE,2024-03-27
C01338,Customer C01338,SMB,2021-11-08
C01339,Customer C01339,SMB,2023-08-23
C01340,Customer C01340,ENTERPRISE,2019-01-09
C01341,Customer C01341,SMB,2024-08-15
C01342,Customer C01342,CONSUMER,2022-02-07
C01343,Customer C01343,CONSUMER,2019-03-08
C01344,Customer C01344,CONSUMER,2020-12-27
C01345,Customer C01345,ENTERPRISE,2021-06-04
C01346,Customer C01346,SMB,2021-01-22
C01347,Customer C01347,ENTERPRISE,2019-12-18
C01348,Customer C01348,ENTERPRISE,2019-04-23
C01349,Customer C01349,CONSUMER,2021-08-09
C01350,Customer C01350,SMB,2023-02-18
C01351,Customer C01351,SMB,2022-10-10
C01352,Customer C01352,ENTERPRISE,2022-10-01
C01353,Customer C01353,CONSUMER,2018-05-01
C01354,Customer C01354,SMB,2020-09-27
C01355,Customer C01355,ENTERPRISE,2019-07-15
C01356,Customer C01356,CONSUMER,2022-04-27
C01357,Customer C01357,ENTERPRISE,2019-01-02
C01358,Customer C01358,SMB,2018-08-23
C01359,Customer C01359,CONSUMER,2023-01-22
C01360,Customer C01360,SMB,2020-11-20
C01361,Customer C01361,SMB,2021-10-23
C01362,Customer C01362,SMB,2018-11-01
C01363,Customer C01363,ENTERPRISE,2018-02-18
C01364,Customer C01364,CONSUMER,2023-02-01
C01365,Customer C01365,SMB,2020-08-04
C01366,Customer C01366,CONSUMER,2018-05-19
C01367,Customer C01367,CONSUMER,2019-06-21
C01368,Customer C01368,ENTERPRISE,2018-08-13
C01369,Customer C01369,ENTERPRISE,2024-01-04
C01370,Customer C01370,CONSUMER,2021-10-14
C01371,Customer C01371,SMB,2023-12-12
C01372,Customer C01372,ENTERPRISE,2023-06-02
C01373,Customer C01373,CONSUMER,2024-11-22
C01374,Customer C01374,SMB,2023-12-15
C01375,Customer C01375,CONSUMER,2022-11-21
C01376,Customer C01376,SMB,2019-08-16
C01377,Customer C01377,ENTERPRISE,2018-06-27
C01378,Customer C01378,SMB,2023-11-05
C01379,Customer C01379,ENTERPRISE,2024-12-14
C01380,Customer C01380,SMB,2020-01-08
C01381,Customer C01381,SMB,2020-05-07
C01382,Customer C01382,ENTERPRISE,2024-12-24
C01383,Customer C01383,CONSUMER,2022-09-17
C01384,Customer C01384,CONSUMER,2022-12-02
C01385,Customer C01385,SMB,2024-07-09
C01386,Customer C01386,ENTERPRISE,2022-08-10
C01387,Customer C01387,CONSUMER,2021-01-14
C01388,Customer C01388,CONSUMER,2022-03-09
C01389,Customer C01389,CONSUMER,2023-12-02
C01390,Customer C01390,SMB,2019-07-09
C01391,Customer C01391,CONSUMER,2018-08-02
C01392,Customer C01392,SMB,2020-03-04
C01393,Customer C01393,CONSUMER,2018-03-07
C01394,Customer C01394,ENTERPRISE,2023-04-26
C01395,Customer C01395,SMB,2018-04-05
C01396,Customer C01396,CONSUMER,2024-06-14
C01397,Customer C01397,CONSUMER,2018-07-22
C01398,Customer C01398,CONSUMER,2020-01-07
C01399,Customer C01399,SMB,2024-05-03
C01400,Customer C01400,ENTERPRISE,2018-10-20
C01401,Customer C01401,SMB,2021-09-15
C01402,Customer C01402,CONSUMER,2018-10-26
C01403,Customer C01403,ENTERPRISE,2023-08-07
C01404,Customer C01404,CONSUMER,2023-02-06
C01405,Customer C01405,SMB,2021-12-14
C01406,Customer C01406,ENTERPRISE,2022-12-22
C01407,Customer C01407,CONSUMER,2019-12-05
C01408,Customer C01408,SMB,2022-08-19
C01409,Customer C01409,CONSUMER,2024-04-08
C01410,Customer C01410,ENTERPRISE,2023-10-20
C01411,Customer C01411,SMB,2021-04-23
C01412,Customer C01412,CONSUMER,2019-02-15
C01413,Customer C01413,CONSUMER,2022-11-26
C01414,Customer C01414,SMB,2022-06-06
C01415,Customer C01415,SMB,2019-02-22
C01416,Customer C01416,SMB,2021-06-11
C01417,Customer C01417,CONSUMER,2019-02-20
C01418,Customer C01418,ENTERPRISE,2021-04-04
C01419,Customer C01419,ENTERPRISE,2019-10-13
C01420,Customer C01420,SMB,2018-04-27
C01421,Customer C01421,SMB,2018-08-04
C01422,Customer C01422,ENTERPRISE,2019-04-08
C01423,Customer C01423,CONSUMER,2022-04-07
C01424,Customer C01424,ENTERPRISE,2018-01-15
C01425,Customer C01425,ENTERPRISE,2021-04-26
C01426,Customer C01426,ENTERPRISE,2019-11-19
C01427,Customer C01427,SMB,2019-09-27
C01428,Customer C01428,CONSUMER,2019-03-03
C01429,Customer C01429,CONSUMER,2018-08-16
C01430,Customer C01430,CONSUMER,2023-12-07
C01431,Customer C01431,CONSUMER,2024-11-10
C01432,Customer C01432,ENTERPRISE,2021-11-11
C01433,Customer C01433,SMB,2024-10-12
C01434,Customer C01434,SMB,2023-07-02
C01435,Customer C01435,CONSUMER,2021-12-19
C01436,Customer C01436,SMB,2020-08-12
C01437,Customer C01437,CONSUMER,2019-01-18
C01438,Customer C01438,CONSUMER,2022-02-13
C01439,Customer C01439,CONSUMER,2023-01-13
C01440,Customer C01440,SMB,2018-12-11
C01441,Customer C01441,ENTERPRISE,2019-05-02
C01442,Customer C01442,ENTERPRISE,2018-06-25
C01443,Customer C01443,CONSUMER,2024-03-09
C01444,Customer C01444,ENTERPRISE,2019-06-21
C01445,Customer C01445,CONSUMER,2024-05-28
C01446,Customer C01446,CONSUMER,2020-07-03
C01447,Customer C01447,CONSUMER,2021-11-10
C01448,Customer C01448,SMB,2018-06-24
C01449,Customer C01449,SMB,2019-10-28
C01450,Customer C01450,SMB,2021-10-21
C01451,Customer C01451,SMB,2024-07-21
C01452,Customer C01452,SMB,2023-10-14
C01453,Customer C01453,CONSUMER,2023-01-03
C01454,Customer C01454,CONSUMER,2024-11-24
C01455,Customer C01455,SMB,2023-08-05
C01456,Customer C01456,CONSUMER,2023-04-07
C01457,Customer C01457,ENTERPRISE,2019-01-04
C01458,Customer C01458,SMB,2022-03-07
C01459,Customer C01459,SMB,2022-12-25
C01460,Customer C01460,CONSUMER,2024-09-02
C01461,Customer C01461,ENTERPRISE,2023-04-05
C01462,Customer C01462,ENTERPRISE,2020-10-28
C01463,Customer C01463,SMB,2019-03-21
C01464,Customer C01464,ENTERPRISE,2024-03-15
C01465,Customer C01465,CONSUMER,2024-03-01
C01466,Customer C01466,CONSUMER,2023-01-16
C01467,Customer C01467,CONSUMER,2024-07-20
C01468,Customer C01468,ENTERPRISE,2024-12-15
C01469,Customer C01469,ENTERPRISE,2018-01-02
C01470,Customer C01470,CONSUMER,2020-03-21
C01471,Customer C01471,CONSUMER,2024-06-14
C01472,Customer C01472,SMB,2019-02-23
C01473,Customer C01473,SMB,2023-11-09
C01474,Customer C01474,SMB,2020-08-03
C01475,Customer C01475,SMB,2023-12-21
C01476,Customer C01476,ENTERPRISE,2024-01-10
C01477,Customer C01477,SMB,2023-03-11
C01478,Customer C01478,ENTERPRISE,2019-04-01
C01479,Customer C01479,CONSUMER,2023-11-16
C01480,Customer C01480,CONSUMER,2020-03-12
C01481,Customer C01481,SMB,2018-01-28
C01482,Customer C01482,SMB,2024-10-17
C01483,Customer C01483,SMB,2022-06-25
C01484,Customer C01484,SMB,2019-11-11
C01485,Customer C01485,CONSUMER,2022-07-10
C01486,Customer C01486,ENTERPRISE,2020-03-27
C01487,Customer C01487,SMB,2020-12-27
C01488,Customer C01488,ENTERPRISE,2019-05-16
C01489,Customer C01489,SMB,2020-08-14
C01490,Customer C01490,SMB,2020-01-15
C01491,Customer C01491,SMB,2021-10-01
C01492,Customer C01492,CONSUMER,2024-07-03
C01493,Customer C01493,CONSUMER,2022-02-22
C01494,Customer C01494,CONSUMER,2020-09-24
C01495,Customer C01495,CONSUMER,2020-04-04
C01496,Customer C01496,SMB,2021-02-10
C01497,Customer C01497,ENTERPRISE,2020-07-25
C01498,Customer C01498,CONSUMER,2022-12-26
C01499,Customer C01499,ENTERPRISE,2018-05-03
C01500,Customer C01500,ENTERPRISE,2020-08-18
C01501,Customer C01501,ENTERPRISE,2018-03-23
C01502,Customer C01502,ENTERPRISE,2022-03-08
C01503,Customer C01503,CONSUMER,2019-11-07
C01504,Customer C01504,ENTERPRISE,2023-12-14
C01505,Customer C01505,ENTERPRISE,2022-08-27
C01506,Customer C01506,CONSUMER,2023-07-10
C01507,Customer C01507,CONSUMER,2021-10-14
C01508,Customer C01508,ENTERPRISE,2020-07-28
C01509,Customer C01509,ENTERPRISE,2019-11-18
C01510,Customer C01510,ENTERPRISE,2023-09-01
C01511,Customer C01511,ENTERPRISE,2020-08-14
C01512,Customer C01512,ENTERPRISE,2019-02-22
C01513,Customer C01513,SMB,2022-06-07
C01514,Customer C01514,CONSUMER,2020-04-08
C01515,Customer C01515,CONSUMER,2018-04-11
C01516,Customer C01516,SMB,2018-09-21
C01517,Customer C01517,ENTERPRISE,2020-09-23
C01518,Customer C01518,CONSUMER,2018-09-12
C01519,Customer C01519,CONSUMER,2019-11-23
C01520,Customer C01520,SMB,2021-10-12
C01521,Customer C01521,ENTERPRISE,2023-10-04
C01522,Customer C01522,SMB,2022-01-23
C01523,Customer C01523,CONSUMER,2023-09-13
C01524,Customer C01524,CONSUMER,2018-06-19
C01525,Customer C01525,ENTERPRISE,2019-05-23
C01526,Customer C01526,CONSUMER,2023-08-17
C01527,Customer C01527,ENTERPRISE,2023-08-10
C01528,Customer C01528,ENTERPRISE,2020-05-26
C01529,Customer C01529,SMB,2023-12-14
C01530,Customer C01530,ENTERPRISE,2020-03-02
C01531,Customer C01531,ENTERPRISE,2018-03-03
C01532,Customer C01532,SMB,2019-09-03
C01533,Customer C01533,CONSUMER,2023-10-06
C01534,Customer C01534,ENTERPRISE,2022-12-07
C01535,Customer C01535,ENTERPRISE,2023-07-12
C01536,Customer C01536,CONSUMER,2024-08-10
C01537,Customer C01537,SMB,2018-03-05
C01538,Customer C01538,CONSUMER,2024-02-19
C01539,Customer C01539,ENTERPRISE,2024-11-09
C01540,Customer C01540,SMB,2023-01-28
C01541,Customer C01541,SMB,2020-06-16
C01542,Customer C01542,SMB,2021-09-18
C01543,Customer C01543,SMB,2020-10-12
C01544,Customer C01544,CONSUMER,2019-10-19
C01545,Customer C01545,CONSUMER,2024-09-27
C01546,Customer C01546,ENTERPRISE,2020-11-06
C01547,Customer C01547,ENTERPRISE,2023-11-22
C01548,Customer C01548,CONSUMER,2018-10-02
C01549,Customer C01549,CONSUMER,2021-07-08
C01550,Customer C01550,ENTERPRISE,2022-08-27
C01551,Customer C01551,CONSUMER,2019-09-26
C01552,Customer C01552,SMB,2020-10-06
C01553,Customer C01553,CONSUMER,2019-05-11
C01554,Customer C01554,SMB,2021-07-08
C01555,Customer C01555,ENTERPRISE,2019-05-04
C01556,Customer C01556,SMB,2019-11-15
C01557,Customer C01557,ENTERPRISE,2018-08-25
C01558,Customer C01558,CONSUMER,2018-05-18
C01559,Customer C01559,SMB,2019-11-01
C01560,Customer C01560,CONSUMER,2023-11-17
C01561,Customer C01561,SMB,2024-10-17
C01562,Customer C01562,SMB,2021-12-28
C01563,Customer C01563,SMB,2024-10-15
C01564,Customer C01564,ENTERPRISE,2020-06-11
C01565,Customer C01565,SMB,2020-10-27
C01566,Customer C01566,SMB,2024-04-18
C01567,Customer C01567,CONSUMER,2020-10-07
C01568,Customer C01568,SMB,2023-12-25
C01569,Customer C01569,SMB,2018-11-13
C01570,Customer C01570,SMB,2021-08-23
C01571,Customer C01571,ENTERPRISE,2019-06-07
C01572,Customer C01572,SMB,2020-08-27
C01573,Customer C01573,ENTERPRISE,2021-07-24
C01574,Customer C01574,ENTERPRISE,2022-02-25
C01575,Customer C01575,CONSUMER,2019-10-19
C01576,Customer C01576,SMB,2023-08-13
C01577,Customer C01577,SMB,2021-08-01
C01578,Customer C01578,ENTERPRISE,2024-03-09
C01579,Customer C01579,CONSUMER,2018-10-26
C01580,Customer C01580,CONSUMER,2022-07-20
C01581,Customer C01581,SMB,2023-04-08
C01582,Customer C01582,ENTERPRISE,2024-10-12
C01583,Customer C01583,ENTERPRISE,2020-02-13
C01584,Customer C01584,CONSUMER,2020-10-27
C01585,Customer C01585,CONSUMER,2022-05-14
C01586,Customer C01586,CONSUMER,2022-05-07
C01587,Customer C01587,ENTERPRISE,2021-10-15
C01588,Customer C01588,ENTERPRISE,2023-09-26
C01589,Customer C01589,SMB,2018-06-10
C01590,Customer C01590,ENTERPRISE,2024-06-07
C01591,Customer C01591,CONSUMER,2018-11-20
C01592,Customer C01592,SMB,2021-10-12
C01593,Customer C01593,ENTERPRISE,2020-01-17
C01594,Customer C01594,SMB,2019-07-08
C01595,Customer C01595,SMB,2018-06-18
C01596,Customer C01596,ENTERPRISE,2020-04-07
C01597,Customer C01597,SMB,2018-04-10
C01598,Customer C01598,SMB,2018-03-23
C01599,Customer C01599,ENTERPRISE,2023-06-04
C01600,Customer C01600,SMB,2018-08-05
C01601,Customer C01601,ENTERPRISE,2024-09-09
C01602,Customer C01602,CONSUMER,2019-10-06
C01603,Customer C01603,ENTERPRISE,2022-01-11
C01604,Customer C01604,SMB,2021-05-08
C01605,Customer C01605,CONSUMER,2022-07-08
C01606,Customer C01606,ENTERPRISE,2024-11-09
C01607,Customer C01607,CONSUMER,2020-08-16
C01608,Customer C01608,SMB,2024-04-09
C01609,Customer C01609,CONSUMER,2023-11-17
C01610,Customer C01610,CONSUMER,2023-04-19
C01611,Customer C01611,SMB,2020-06-13
C01612,Customer C01612,SMB,2020-01-28
C01613,Customer C01613,CONSUMER,2018-03-07
C01614,Customer C01614,ENTERPRISE,2018-04-19
C01615,Customer C01615,CONSUMER,2020-05-22
C01616,Customer C01616,SMB,2021-12-28
C01617,Customer C01617,SMB,2019-12-05
C01618,Customer C01618,ENTERPRISE,2021-04-01
C01619,Customer C01619,CONSUMER,2024-01-07
C01620,Customer C01620,CONSUMER,2024-08-03
C01621,Customer C01621,CONSUMER,2018-09-20
C01622,Customer C01622,ENTERPRISE,2022-03-26
C01623,Customer C01623,ENTERPRISE,2019-02-15
C01624,Customer C01624,ENTERPRISE,2020-05-27
C01625,Customer C01625,ENTERPRISE,2019-01-28
C01626,Customer C01626,SMB,2023-03-15
C01627,Customer C01627,CONSUMER,2018-10-27
C01628,Customer C01628,CONSUMER,2020-05-19
C01629,Customer C01629,SMB,2023-09-10
C01630,Customer C01630,SMB,2020-07-28
C01631,Customer C01631,CONSUMER,2020-05-20
C01632,Customer C01632,SMB,2024-05-20
C01633,Customer C01633,SMB,2022-03-06
C01634,Customer C01634,CONSUMER,2021-09-09
C01635,Customer C01635,ENTERPRISE,2020-09-04
C01636,Customer C01636,SMB,2020-01-18
C01637,Customer C01637,SMB,2023-05-05
C01638,Customer C01638,SMB,2023-04-14
C01639,Customer C01639,ENTERPRISE,2022-12-06
C01640,Customer C01640,CONSUMER,2022-11-19
C01641,Customer C01641,CONSUMER,2021-02-25
C01642,Customer C01642,ENTERPRISE,2018-10-26
C01643,Customer C01643,SMB,2020-10-19
C01644,Customer C01644,ENTERPRISE,2020-06-18
C01645,Customer C01645,ENTERPRISE,2024-11-16
C01646,Customer C01646,ENTERPRISE,2020-07-07
C01647,Customer C01647,SMB,2024-06-27
C01648,Customer C01648,ENTERPRISE,2023-04-12
C01649,Customer C01649,ENTERPRISE,2020-06-25
C01650,Customer C01650,SMB,2022-10-04
C01651,Customer C01651,ENTERPRISE,2020-12-24
C01652,Customer C01652,CONSUMER,2019-12-01
C01653,Customer C01653,ENTERPRISE,2019-09-18
C01654,Customer C01654,SMB,2020-03-25
C01655,Customer C01655,CONSUMER,2021-11-21
C01656,Customer C01656,SMB,2024-11-12
C01657,Customer C01657,ENTERPRISE,2021-11-15
C01658,Customer C01658,ENTERPRISE,2022-11-10
C01659,Customer C01659,CONSUMER,2020-12-21
C01660,Customer C01660,SMB,2018-04-09
C01661,Customer C01661,CONSUMER,2020-05-16
C01662,Customer C01662,SMB,2024-08-02
C01663,Customer C01663,CONSUMER,2024-11-28
C01664,Customer C01664,CONSUMER,2019-02-03
C01665,Customer C01665,SMB,2020-07-07
C01666,Customer C01666,SMB,2018-01-19
C01667,Customer C01667,SMB,2023-06-23
C01668,Customer C01668,CONSUMER,2019-01-02
C01669,Customer C01669,ENTERPRISE,2023-02-28
C01670,Customer C01670,CONSUMER,2022-08-08
C01671,Customer C01671,SMB,2023-04-19
C01672,Customer C01672,SMB,2019-05-28
C01673,Customer C01673,SMB,2018-12-03
C01674,Customer C01674,ENTERPRISE,2020-02-21
C01675,Customer C01675,CONSUMER,2022-11-08
C01676,Customer C01676,SMB,2022-03-24
C01677,Customer C01677,CONSUMER,2021-05-18
C01678,Customer C01678,ENTERPRISE,2023-10-11
C01679,Customer C01679,CONSUMER,2022-07-11
C01680,Customer C01680,SMB,2023-08-10
C01681,Customer C01681,ENTERPRISE,2018-12-12
C01682,Customer C01682,ENTERPRISE,2021-10-10
C01683,Customer C01683,SMB,2021-02-28
C01684,Customer C01684,CONSUMER,2022-11-25
C01685,Customer C01685,CONSUMER,2024-10-16
C01686,Customer C01686,CONSUMER,2021-04-28
C01687,Customer C01687,CONSUMER,2022-03-26
C01688,Customer C01688,SMB,2022-03-09
C01689,Customer C01689,CONSUMER,2019-05-28
C01690,Customer C01690,CONSUMER,2024-11-17
C01691,Customer C01691,ENTERPRISE,2023-04-08
C01692,Customer C01692,ENTERPRISE,2018-11-25
C01693,Customer C01693,ENTERPRISE,2021-05-21
C01694,Customer C01694,ENTERPRISE,2023-01-04
C01695,Customer C01695,ENTERPRISE,2023-08-20
C01696,Customer C01696,ENTERPRISE,2024-09-23
C01697,Customer C01697,SMB,2023-07-17
C01698,Customer C01698,ENTERPRISE,2024-03-22
C01699,Customer C01699,CONSUMER,2023-02-08
C01700,Customer C01700,SMB,2023-05-11
C01701,Customer C01701,ENTERPRISE,2023-03-01
C01702,Customer C01702,SMB,2021-01-19
C01703,Customer C01703,SMB,2020-02-23
C01704,Customer C01704,ENTERPRISE,2020-01-11
C01705,Customer C01705,ENTERPRISE,2021-12-09
C01706,Customer C01706,SMB,2019-02-24
C01707,Customer C01707,SMB,2020-04-02
C01708,Customer C01708,CONSUMER,2024-04-05
C01709,Customer C01709,CONSUMER,2022-12-02
C01710,Customer C01710,ENTERPRISE,2019-10-08
C01711,Customer C01711,CONSUMER,2024-12-06
C01712,Customer C01712,SMB,2023-06-09
C01713,Customer C01713,SMB,2024-11-28
C01714,Customer C01714,CONSUMER,2019-07-04
C01715,Customer C01715,CONSUMER,2020-01-18
C01716,Customer C01716,SMB,2023-05-10
C01717,Customer C01717,SMB,2019-03-06
C01718,Customer C01718,ENTERPRISE,2021-08-06
C01719,Customer C01719,SMB,2019-09-08
C01720,Customer C01720,CONSUMER,2021-12-15
C01721,Customer C01721,ENTERPRISE,2024-05-28
C01722,Customer C01722,SMB,2023-07-10
C01723,Customer C01723,ENTERPRISE,2020-03-02
C01724,Customer C01724,CONSUMER,2019-07-27
C01725,Customer C01725,SMB,2023-05-16
C01726,Customer C01726,CONSUMER,2020-09-13
C01727,Customer C01727,SMB,2018-06-22
C01728,Customer C01728,SMB,2018-08-18
C01729,Customer C01729,SMB,2019-09-24
C01730,Customer C01730,ENTERPRISE,2021-08-21
C01731,Customer C01731,CONSUMER,2020-08-22
C01732,Customer C01732,SMB,2020-05-20
C01733,Customer C01733,CONSUMER,2023-03-17
C01734,Customer C01734,ENTERPRISE,2021-12-26
C01735,Customer C01735,CONSUMER,2019-09-02
C01736,Customer C01736,ENTERPRISE,2022-11-13
C01737,Customer C01737,CONSUMER,2021-09-17
C01738,Customer C01738,CONSUMER,2020-03-04
C01739,Customer C01739,ENTERPRISE,2019-12-23
C01740,Customer C01740,ENTERPRISE,2020-09-23
C01741,Customer C01741,SMB,2024-06-08
C01742,Customer C01742,ENTERPRISE,2019-09-11
C01743,Customer C01743,SMB,2019-06-10
C01744,Customer C01744,ENTERPRISE,2023-04-27
C01745,Customer C01745,ENTERPRISE,2022-11-05
C01746,Customer C01746,CONSUMER,2023-11-11
C01747,Customer C01747,CONSUMER,2019-12-27
C01748,Customer C01748,CONSUMER,2021-10-05
C01749,Customer C01749,CONSUMER,2022-02-28
C01750,Customer C01750,SMB,2022-12-13
C01751,Customer C01751,ENTERPRISE,2021-04-08
C01752,Customer C01752,SMB,2024-03-12
C01753,Customer C01753,ENTERPRISE,2018-12-10
C01754,Customer C01754,CONSUMER,2018-02-23
C01755,Customer C01755,ENTERPRISE,2021-12-15
C01756,Customer C01756,SMB,2018-08-01
C01757,Customer C01757,SMB,2018-05-22
C01758,Customer C01758,CONSUMER,2020-01-16
C01759,Customer C01759,CONSUMER,2023-01-23
C01760,Customer C01760,SMB,2018-12-02
C01761,Customer C01761,ENTERPRISE,2018-03-17
C01762,Customer C01762,ENTERPRISE,2019-01-15
C01763,Customer C01763,SMB,2019-05-01
C01764,Customer C01764,ENTERPRISE,2023-01-18
C01765,Customer C01765,SMB,2023-08-03
C01766,Customer C01766,SMB,2019-10-08
C01767,Customer C01767,SMB,2019-04-09
C01768,Customer C01768,CONSUMER,2021-05-23
C01769,Customer C01769,SMB,2018-04-17
C01770,Customer C01770,CONSUMER,2018-01-10
C01771,Customer C01771,CONSUMER,2024-07-07
C01772,Customer C01772,CONSUMER,2019-03-02
C01773,Customer C01773,ENTERPRISE,2018-02-11
C01774,Customer C01774,SMB,2021-11-17
C01775,Customer C01775,CONSUMER,2019-02-12
C01776,Customer C01776,ENTERPRISE,2023-11-21
C01777,Customer C01777,SMB,2019-09-13
C01778,Customer C01778,CONSUMER,2024-03-18
C01779,Customer C01779,CONSUMER,2023-05-01
C01780,Customer C01780,ENTERPRISE,2019-03-25
C01781,Customer C01781,CONSUMER,2020-05-10
C01782,Customer C01782,SMB,2019-01-08
C01783,Customer C01783,ENTERPRISE,2021-02-28
C01784,Customer C01784,ENTERPRISE,2023-06-20
C01785,Customer C01785,CONSUMER,2018-05-25
C01786,Customer C01786,ENTERPRISE,2023-07-21
C01787,Customer C01787,CONSUMER,2024-02-02
C01788,Customer C01788,ENTERPRISE,2023-01-23
C01789,Customer C01789,ENTERPRISE,2023-03-18
C01790,Customer C01790,SMB,2020-10-04
C01791,Customer C01791,CONSUMER,2018-01-18
C01792,Customer C01792,CONSUMER,2022-12-21
C01793,Customer C01793,SMB,2023-06-19
C01794,Customer C01794,SMB,2020-09-04
C01795,Customer C01795,CONSUMER,2018-07-16
C01796,Customer C01796,SMB,2024-02-11
C01797,Customer C01797,ENTERPRISE,2021-02-19
C01798,Customer C01798,CONSUMER,2018-04-24
C01799,Customer C01799,ENTERPRISE,2024-08-05
C01800,Customer C01800,CONSUMER,2023-01-12
C01801,Customer C01801,SMB,2022-11-12
C01802,Customer C01802,CONSUMER,2022-06-13
C01803,Customer C01803,ENTERPRISE,2022-06-14
C01804,Customer C01804,ENTERPRISE,2023-09-16
C01805,Customer C01805,CONSUMER,2020-12-09
C01806,Customer C01806,SMB,2018-03-22
C01807,Customer C01807,CONSUMER,2023-08-25
C01808,Customer C01808,SMB,2018-01-21
C01809,Customer C01809,ENTERPRISE,2022-03-12
C01810,Customer C01810,CONSUMER,2021-02-06
C01811,Customer C01811,SMB,2023-12-21
C01812,Customer C01812,CONSUMER,2018-10-25
C01813,Customer C01813,SMB,2024-01-16
C01814,Customer C01814,CONSUMER,2022-01-22
C01815,Customer C01815,SMB,2023-02-13
C01816,Customer C01816,ENTERPRISE,2024-08-18
C01817,Customer C01817,ENTERPRISE,2020-02-28
C01818,Customer C01818,ENTERPRISE,2022-02-16
C01819,Customer C01819,ENTERPRISE,2020-04-18
C01820,Customer C01820,ENTERPRISE,2021-04-01
C01821,Customer C01821,SMB,2022-06-19
C01822,Customer C01822,SMB,2023-05-04
C01823,Customer C01823,SMB,2024-11-22
C01824,Customer C01824,CONSUMER,2022-01-01
C01825,Customer C01825,ENTERPRISE,2019-06-11
C01826,Customer C01826,CONSUMER,2024-12-26
C01827,Customer C01827,SMB,2023-06-06
C01828,Customer C01828,CONSUMER,2023-11-08
C01829,Customer C01829,CONSUMER,2021-11-22
C01830,Customer C01830,CONSUMER,2018-07-01
C01831,Customer C01831,CONSUMER,2019-09-25
C01832,Customer C01832,CONSUMER,2022-09-13
C01833,Customer C01833,SMB,2020-06-10
C01834,Customer C01834,SMB,2020-05-06
C01835,Customer C01835,ENTERPRISE,2019-10-20
C01836,Customer C01836,SMB,2018-05-24
C01837,Customer C01837,CONSUMER,2018-02-20
C01838,Customer C01838,CONSUMER,2022-04-20
C01839,Customer C01839,ENTERPRISE,2020-08-11
C01840,Customer C01840,SMB,2018-02-09
C01841,Customer C01841,CONSUMER,2023-02-08
C01842,Customer C01842,SMB,2021-09-23
C01843,Customer C01843,SMB,2019-07-04
C01844,Customer C01844,SMB,2020-02-23
C01845,Customer C01845,ENTERPRISE,2020-03-08
C01846,Customer C01846,SMB,2018-05-17
C01847,Customer C01847,ENTERPRISE,2021-08-17
C01848,Customer C01848,SMB,2018-05-26
C01849,Customer C01849,SMB,2024-04-22
C01850,Customer C01850,SMB,2020-10-21
C01851,Customer C01851,CONSUMER,2022-04-06
C01852,Customer C01852,CONSUMER,2024-06-19
C01853,Customer C01853,ENTERPRISE,2022-09-27
C01854,Customer C01854,CONSUMER,2019-03-24
C01855,Customer C01855,SMB,2019-01-01
C01856,Customer C01856,SMB,2022-09-09
C01857,Customer C01857,CONSUMER,2019-06-25
C01858,Customer C01858,SMB,2022-03-18
C01859,Customer C01859,ENTERPRISE,2020-03-05
C01860,Customer C01860,ENTERPRISE,2020-05-24
C01861,Customer C01861,SMB,2022-06-14
C01862,Customer C01862,SMB,2019-10-18
C01863,Customer C01863,CONSUMER,2024-02-16
C01864,Customer C01864,ENTERPRISE,2019-07-05
C01865,Customer C01865,ENTERPRISE,2022-01-06
C01866,Customer C01866,CONSUMER,2020-08-12
C01867,Customer C01867,CONSUMER,2021-07-12
C01868,Customer C01868,SMB,2018-07-21
C01869,Customer C01869,CONSUMER,2018-04-13
C01870,Customer C01870,CONSUMER,2022-03-24
C01871,Customer C01871,CONSUMER,2020-07-27
C01872,Customer C01872,SMB,2023-04-18
C01873,Customer C01873,ENTERPRISE,2020-12-27
C01874,Customer C01874,CONSUMER,2020-06-24
C01875,Customer C01875,ENTERPRISE,2018-08-10
C01876,Customer C01876,SMB,2024-01-23
C01877,Customer C01877,ENTERPRISE,2018-11-01
C01878,Customer C01878,CONSUMER,2018-05-09
C01879,Customer C01879,CONSUMER,2018-09-22
C01880,Customer C01880,CONSUMER,2019-02-27
C01881,Customer C01881,CONSUMER,2023-07-23
C01882,Customer C01882,CONSUMER,2020-02-25
C01883,Customer C01883,CONSUMER,2021-10-04
C01884,Customer C01884,ENTERPRISE,2023-09-12
C01885,Customer C01885,SMB,2021-09-15
C01886,Customer C01886,CONSUMER,2018-10-12
C01887,Customer C01887,CONSUMER,2018-04-05
C01888,Customer C01888,CONSUMER,2023-08-05
C01889,Customer C01889,ENTERPRISE,2023-09-16
C01890,Customer C01890,CONSUMER,2019-04-06
C01891,Customer C01891,SMB,2024-01-21
C01892,Customer C01892,SMB,2019-06-21
C01893,Customer C01893,SMB,2018-10-19
C01894,Customer C01894,CONSUMER,2019-12-01
C01895,Customer C01895,SMB,2019-11-14
C01896,Customer C01896,SMB,2024-09-18
C01897,Customer C01897,ENTERPRISE,2022-02-13
C01898,Customer C01898,ENTERPRISE,2021-06-05
C01899,Customer C01899,SMB,2021-03-22
C01900,Customer C01900,SMB,2024-12-18
C01901,Customer C01901,CONSUMER,2021-11-12
C01902,Customer C01902,SMB,2018-01-17
C01903,Customer C01903,CONSUMER,2022-02-03
C01904,Customer C01904,CONSUMER,2021-08-08
C01905,Customer C01905,ENTERPRISE,2024-10-05
C01906,Customer C01906,ENTERPRISE,2019-11-04
C01907,Customer C01907,SMB,2021-12-09
C01908,Customer C01908,CONSUMER,2024-12-10
C01909,Customer C01909,ENTERPRISE,2020-03-09
C01910,Customer C01910,SMB,2022-01-13
C01911,Customer C01911,ENTERPRISE,2021-05-05
C01912,Customer C01912,SMB,2020-10-15
C01913,Customer C01913,CONSUMER,2019-04-28
C01914,Customer C01914,ENTERPRISE,2020-11-12
C01915,Customer C01915,SMB,2023-09-14
C01916,Customer C01916,CONSUMER,2019-09-10
C01917,Customer C01917,ENTERPRISE,2020-11-05
C01918,Customer C01918,ENTERPRISE,2018-10-23
C01919,Customer C01919,SMB,2021-04-20
C01920,Customer C01920,SMB,2022-02-05
C01921,Customer C01921,SMB,2023-10-01
C01922,Customer C01922,CONSUMER,2021-10-27
C01923,Customer C01923,CONSUMER,2018-07-25
C01924,Customer C01924,CONSUMER,2023-12-09
C01925,Customer C01925,CONSUMER,2023-02-26
C01926,Customer C01926,CONSUMER,2018-12-25
C01927,Customer C01927,CONSUMER,2019-06-09
C01928,Customer C01928,CONSUMER,2021-11-07
C01929,Customer C01929,CONSUMER,2024-12-27
C01930,Customer C01930,SMB,2020-04-17
C01931,Customer C01931,ENTERPRISE,2018-08-01
C01932,Customer C01932,ENTERPRISE,2023-01-13
C01933,Customer C01933,ENTERPRISE,2021-04-11
C01934,Customer C01934,ENTERPRISE,2024-12-18
C01935,Customer C01935,SMB,2019-01-03
C01936,Customer C01936,ENTERPRISE,2018-08-25
C01937,Customer C01937,ENTERPRISE,2021-06-25
C01938,Customer C01938,ENTERPRISE,2023-08-11
C01939,Customer C01939,ENTERPRISE,2020-09-01
C01940,Customer C01940,CONSUMER,2018-07-16
C01941,Customer C01941,ENTERPRISE,2023-09-15
C01942,Customer C01942,CONSUMER,2020-08-19
C01943,Customer C01943,ENTERPRISE,2019-08-08
C01944,Customer C01944,CONSUMER,2020-11-27
C01945,Customer C01945,ENTERPRISE,2023-03-06
C01946,Customer C01946,SMB,2024-08-24
C01947,Customer C01947,CONSUMER,2018-08-25
C01948,Customer C01948,SMB,2020-04-05
C01949,Customer C01949,CONSUMER,2019-10-25
C01950,Customer C01950,CONSUMER,2022-07-01
C01951,Customer C01951,SMB,2023-10-04
C01952,Customer C01952,SMB,2021-10-27
C01953,Customer C01953,CONSUMER,2023-09-28
C01954,Customer C01954,CONSUMER,2023-02-16
C01955,Customer C01955,CONSUMER,2020-05-19
C01956,Customer C01956,CONSUMER,2018-08-10
C01957,Customer C01957,SMB,2021-09-07
C01958,Customer C01958,ENTERPRISE,2020-05-15
C01959,Customer C01959,CONSUMER,2018-04-05
C01960,Customer C01960,SMB,2018-12-26
C01961,Customer C01961,ENTERPRISE,2019-11-16
C01962,Customer C01962,ENTERPRISE,2021-11-09
C01963,Customer C01963,ENTERPRISE,2023-12-27
C01964,Customer C01964,SMB,2020-10-11
C01965,Customer C01965,SMB,2021-01-05
C01966,Customer C01966,ENTERPRISE,2023-01-21
C01967,Customer C01967,CONSUMER,2020-02-11
C01968,Customer C01968,CONSUMER,2024-08-16
C01969,Customer C01969,SMB,2023-03-20
C01970,Customer C01970,ENTERPRISE,2020-01-02
C01971,Customer C01971,ENTERPRISE,2023-11-15
C01972,Customer C01972,CONSUMER,2019-01-13
C01973,Customer C01973,ENTERPRISE,2021-05-14
C01974,Customer C01974,ENTERPRISE,2024-11-10
C01975,Customer C01975,ENTERPRISE,2018-10-21
C01976,Customer C01976,ENTERPRISE,2020-10-17
C01977,Customer C01977,CONSUMER,2024-02-14
C01978,Customer C01978,ENTERPRISE,2024-03-02
C01979,Customer C01979,SMB,2022-11-20
C01980,Customer C01980,CONSUMER,2020-02-20
C01981,Customer C01981,SMB,2024-04-16
C01982,Customer C01982,CONSUMER,2020-05-21
C01983,Customer C01983,ENTERPRISE,2023-10-26
C01984,Customer C01984,ENTERPRISE,2020-09-10
C01985,Customer C01985,SMB,2022-08-19
C01986,Customer C01986,CONSUMER,2022-11-25
C01987,Customer C01987,CONSUMER,2019-02-07
C01988,Customer C01988,ENTERPRISE,2022-08-26
C01989,Customer C01989,CONSUMER,2021-06-12
C01990,Customer C01990,ENTERPRISE,2020-02-23
C01991,Customer C01991,SMB,2018-09-08
C01992,Customer C01992,CONSUMER,2024-08-08
C01993,Customer C01993,CONSUMER,2024-10-27
C01994,Customer C01994,ENTERPRISE,2023-08-20
C01995,Customer C01995,SMB,2021-12-03
C01996,Customer C01996,SMB,2021-05-18
C01997,Customer C01997,CONSUMER,2018-10-06
C01998,Customer C01998,CONSUMER,2019-10-06
C01999,Customer C01999,ENTERPRISE,2021-03-21
C02000,Customer C02000,ENTERPRISE,2022-05-16
C02001,Customer C02001,SMB,2022-01-22
C02002,Customer C02002,ENTERPRISE,2019-10-11
C02003,Customer C02003,ENTERPRISE,2019-11-08
C02004,Customer C02004,SMB,2023-07-11
C02005,Customer C02005,CONSUMER,2024-04-06
C02006,Customer C02006,ENTERPRISE,2023-06-22
C02007,Customer C02007,SMB,2018-01-18
C02008,Customer C02008,ENTERPRISE,2019-04-09
C02009,Customer C02009,SMB,2018-10-23
C02010,Customer C02010,SMB,2023-03-17
C02011,Customer C02011,CONSUMER,2019-08-16
C02012,Customer C02012,CONSUMER,2022-03-17
C02013,Customer C02013,SMB,2023-07-25
C02014,Customer C02014,CONSUMER,2021-02-28
C02015,Customer C02015,SMB,2023-09-28
C02016,Customer C02016,CONSUMER,2018-08-22
C02017,Customer C02017,ENTERPRISE,2019-04-23
C02018,Customer C02018,CONSUMER,2023-01-01
C02019,Customer C02019,SMB,2018-03-27
C02020,Customer C02020,ENTERPRISE,2019-05-08
C02021,Customer C02021,CONSUMER,2022-07-09
C02022,Customer C02022,SMB,2020-08-13
C02023,Customer C02023,CONSUMER,2020-01-18
C02024,Customer C02024,SMB,2020-01-15
C02025,Customer C02025,SMB,2024-02-25
C02026,Customer C02026,SMB,2019-01-12
C02027,Customer C02027,SMB,2021-09-16
C02028,Customer C02028,SMB,2024-01-25
C02029,Customer C02029,SMB,2024-03-10
C02030,Customer C02030,SMB,2021-06-22
C02031,Customer C02031,SMB,2020-03-19
C02032,Customer C02032,CONSUMER,2021-05-09
C02033,Customer C02033,SMB,2021-09-10
C02034,Customer C02034,CONSUMER,2023-04-26
C02035,Customer C02035,ENTERPRISE,2022-01-11
C02036,Customer C02036,SMB,2019-03-04
C02037,Customer C02037,CONSUMER,2020-07-16
C02038,Customer C02038,SMB,2021-09-01
C02039,Customer C02039,CONSUMER,2020-12-03
C02040,Customer C02040,SMB,2018-03-20
C02041,Customer C02041,ENTERPRISE,2019-02-15
C02042,Customer C02042,SMB,2018-10-14
C02043,Customer C02043,ENTERPRISE,2023-11-20
C02044,Customer C02044,SMB,2023-06-20
C02045,Customer C02045,CONSUMER,2023-04-27
C02046,Customer C02046,ENTERPRISE,2019-05-17
C02047,Customer C02047,ENTERPRISE,2024-12-14
C02048,Customer C02048,ENTERPRISE,2021-05-12
C02049,Customer C02049,CONSUMER,2022-02-01
C02050,Customer C02050,SMB,2019-07-18
C02051,Customer C02051,SMB,2018-04-22
C02052,Customer C02052,SMB,2019-10-05
C02053,Customer C02053,ENTERPRISE,2019-02-17
C02054,Customer C02054,ENTERPRISE,2023-04-21
C02055,Customer C02055,CONSUMER,2019-12-27
C02056,Customer C02056,CONSUMER,2024-09-23
C02057,Customer C02057,ENTERPRISE,2018-11-15
C02058,Customer C02058,CONSUMER,2019-03-19
C02059,Customer C02059,ENTERPRISE,2021-12-18
C02060,Customer C02060,CONSUMER,2023-04-14
C02061,Customer C02061,CONSUMER,2020-03-12
C02062,Customer C02062,SMB,2018-12-02
C02063,Customer C02063,CONSUMER,2020-02-24
C02064,Customer C02064,CONSUMER,2018-11-28
C02065,Customer C02065,CONSUMER,2018-03-26
C02066,Customer C02066,CONSUMER,2024-11-01
C02067,Customer C02067,ENTERPRISE,2019-07-04
C02068,Customer C02068,SMB,2018-01-08
C02069,Customer C02069,SMB,2022-02-27
C02070,Customer C02070,CONSUMER,2020-03-09
C02071,Customer C02071,CONSUMER,2022-12-17
C02072,Customer C02072,ENTERPRISE,2018-04-18
C02073,Customer C02073,ENTERPRISE,2024-06-21
C02074,Customer C02074,CONSUMER,2021-12-21
C02075,Customer C02075,ENTERPRISE,2022-10-21
C02076,Customer C02076,CONSUMER,2020-11-01
C02077,Customer C02077,ENTERPRISE,2020-11-15
C02078,Customer C02078,CONSUMER,2018-10-27
C02079,Customer C02079,SMB,2019-09-26
C02080,Customer C02080,ENTERPRISE,2024-03-24
C02081,Customer C02081,CONSUMER,2023-01-15
C02082,Customer C02082,SMB,2019-09-06
C02083,Customer C02083,SMB,2023-01-21
C02084,Customer C02084,ENTERPRISE,2023-07-17
C02085,Customer C02085,CONSUMER,2024-08-16
C02086,Customer C02086,CONSUMER,2019-09-09
C02087,Customer C02087,CONSUMER,2023-01-04
C02088,Customer C02088,CONSUMER,2021-03-08
C02089,Customer C02089,ENTERPRISE,2023-11-09
C02090,Customer C02090,SMB,2023-12-27
C02091,Customer C02091,CONSUMER,2024-01-06
C02092,Customer C02092,CONSUMER,2021-01-05
C02093,Customer C02093,CONSUMER,2022-11-04
C02094,Customer C02094,CONSUMER,2022-01-12
C02095,Customer C02095,ENTERPRISE,2018-02-21
C02096,Customer C02096,SMB,2023-07-28
C02097,Customer C02097,ENTERPRISE,2024-08-19
C02098,Customer C02098,CONSUMER,2023-12-10
C02099,Customer C02099,SMB,2018-05-04
C02100,Customer C02100,CONSUMER,2024-08-04
C02101,Customer C02101,SMB,2021-07-24
C02102,Customer C02102,CONSUMER,2022-05-18
C02103,Customer C02103,CONSUMER,2019-12-14
C02104,Customer C02104,ENTERPRISE,2019-01-10
C02105,Customer C02105,SMB,2022-10-23
C02106,Customer C02106,SMB,2019-06-04
C02107,Customer C02107,CONSUMER,2024-02-11
C02108,Customer C02108,CONSUMER,2020-08-28
C02109,Customer C02109,CONSUMER,2023-08-20
C02110,Customer C02110,SMB,2018-06-01
C02111,Customer C02111,SMB,2024-02-10
C02112,Customer C02112,CONSUMER,2018-02-17
C02113,Customer C02113,ENTERPRISE,2018-08-25
C02114,Customer C02114,SMB,2020-05-21
C02115,Customer C02115,ENTERPRISE,2019-06-07
C02116,Customer C02116,ENTERPRISE,2020-01-07
C02117,Customer C02117,CONSUMER,2023-02-04
C02118,Customer C02118,ENTERPRISE,2022-12-16
C02119,Customer C02119,CONSUMER,2021-11-26
C02120,Customer C02120,ENTERPRISE,2023-08-07
C02121,Customer C02121,CONSUMER,2023-11-25
C02122,Customer C02122,ENTERPRISE,2024-08-21
C02123,Customer C02123,SMB,2023-12-19
C02124,Customer C02124,SMB,2021-06-01
C02125,Customer C02125,SMB,2023-06-08
C02126,Customer C02126,CONSUMER,2024-08-20
C02127,Customer C02127,CONSUMER,2021-03-04
C02128,Customer C02128,SMB,2024-10-10
C02129,Customer C02129,CONSUMER,2023-05-03
C02130,Customer C02130,SMB,2024-10-24
C02131,Customer C02131,SMB,2018-01-23
C02132,Customer C02132,SMB,2021-12-03
C02133,Customer C02133,SMB,2024-02-22
C02134,Customer C02134,ENTERPRISE,2021-04-22
C02135,Customer C02135,ENTERPRISE,2020-08-12
C02136,Customer C02136,SMB,2019-07-26
C02137,Customer C02137,ENTERPRISE,2023-08-25
C02138,Customer C02138,ENTERPRISE,2024-11-11
C02139,Customer C02139,SMB,2021-04-07
C02140,Customer C02140,SMB,2021-07-09
C02141,Customer C02141,ENTERPRISE,2023-05-26
C02142,Customer C02142,CONSUMER,2024-11-23
C02143,Customer C02143,CONSUMER,2018-09-23
C02144,Customer C02144,ENTERPRISE,2019-06-01
C02145,Customer C02145,ENTERPRISE,2019-04-18
C02146,Customer C02146,ENTERPRISE,2022-07-26
C02147,Customer C02147,CONSUMER,2018-06-12
C02148,Customer C02148,CONSUMER,2021-04-01
C02149,Customer C02149,ENTERPRISE,2022-11-28
C02150,Customer C02150,ENTERPRISE,2018-12-10
C02151,Customer C02151,CONSUMER,2024-11-24
C02152,Customer C02152,SMB,2024-10-21
C02153,Customer C02153,SMB,2019-06-28
C02154,Customer C02154,CONSUMER,2021-03-03
C02155,Customer C02155,ENTERPRISE,2019-04-27
C02156,Customer C02156,ENTERPRISE,2020-01-10
C02157,Customer C02157,SMB,2018-05-11
C02158,Customer C02158,SMB,2021-07-09
C02159,Customer C02159,CONSUMER,2020-10-23
C02160,Customer C02160,SMB,2020-11-17
C02161,Customer C02161,CONSUMER,2024-11-24
C02162,Customer C02162,ENTERPRISE,2023-05-20
C02163,Customer C02163,ENTERPRISE,2023-12-20
C02164,Customer C02164,SMB,2022-06-26
C02165,Customer C02165,ENTERPRISE,2020-01-27
C02166,Customer C02166,SMB,2022-02-18
C02167,Customer C02167,ENTERPRISE,2020-03-19
C02168,Customer C02168,CONSUMER,2024-08-02
C02169,Customer C02169,SMB,2021-08-15
C02170,Customer C02170,ENTERPRISE,2018-02-05
C02171,Customer C02171,CONSUMER,2022-09-08
C02172,Customer C02172,ENTERPRISE,2024-02-23
C02173,Customer C02173,SMB,2021-04-20
C02174,Customer C02174,ENTERPRISE,2020-07-09
C02175,Customer C02175,ENTERPRISE,2022-07-04
C02176,Customer C02176,ENTERPRISE,2023-09-01
C02177,Customer C02177,SMB,2020-04-05
C02178,Customer C02178,ENTERPRISE,2018-02-28
C02179,Customer C02179,CONSUMER,2018-12-14
C02180,Customer C02180,CONSUMER,2020-08-02
C02181,Customer C02181,SMB,2018-05-05
C02182,Customer C02182,ENTERPRISE,2020-01-10
C02183,Customer C02183,ENTERPRISE,2022-10-06
C02184,Customer C02184,CONSUMER,2023-08-13
C02185,Customer C02185,ENTERPRISE,2021-09-24
C02186,Customer C02186,ENTERPRISE,2022-02-09
C02187,Customer C02187,CONSUMER,2022-11-05
C02188,Customer C02188,CONSUMER,2023-01-23
C02189,Customer C02189,ENTERPRISE,2021-03-18
C02190,Customer C02190,CONSUMER,2022-04-18
C02191,Customer C02191,CONSUMER,2023-11-01
C02192,Customer C02192,SMB,2020-12-05
C02193,Customer C02193,CONSUMER,2019-06-02
C02194,Customer C02194,CONSUMER,2019-08-22
C02195,Customer C02195,SMB,2023-12-17
C02196,Customer C02196,ENTERPRISE,2021-08-15
C02197,Customer C02197,CONSUMER,2023-02-19
C02198,Customer C02198,ENTERPRISE,2020-05-17
C02199,Customer C02199,ENTERPRISE,2024-01-07
C02200,Customer C02200,ENTERPRISE,2023-07-24
C02201,Customer C02201,SMB,2019-01-05
C02202,Customer C02202,ENTERPRISE,2023-07-21
C02203,Customer C02203,SMB,2021-10-10
C02204,Customer C02204,SMB,2020-06-21
C02205,Customer C02205,SMB,2018-01-12
C02206,Customer C02206,ENTERPRISE,2020-11-20
C02207,Customer C02207,SMB,2018-01-22
C02208,Customer C02208,ENTERPRISE,2022-05-27
C02209,Customer C02209,SMB,2022-10-07
C02210,Customer C02210,CONSUMER,2020-02-17
C02211,Customer C02211,ENTERPRISE,2023-02-17
C02212,Customer C02212,SMB,2023-04-15
C02213,Customer C02213,ENTERPRISE,2019-07-09
C02214,Customer C02214,ENTERPRISE,2021-12-15
C02215,Customer C02215,SMB,2023-04-19
C02216,Customer C02216,CONSUMER,2022-05-22
C02217,Customer C02217,ENTERPRISE,2018-05-08
C02218,Customer C02218,CONSUMER,2021-08-12
C02219,Customer C02219,CONSUMER,2019-02-22
C02220,Customer C02220,ENTERPRISE,2021-01-08
C02221,Customer C02221,ENTERPRISE,2020-11-11
C02222,Customer C02222,SMB,2023-02-06
C02223,Customer C02223,ENTERPRISE,2024-12-06
C02224,Customer C02224,CONSUMER,2023-12-05
C02225,Customer C02225,ENTERPRISE,2019-08-10
C02226,Customer C02226,ENTERPRISE,2020-03-24
C02227,Customer C02227,ENTERPRISE,2019-05-10
C02228,Customer C02228,SMB,2023-07-03
C02229,Customer C02229,SMB,2024-12-25
C02230,Customer C02230,ENTERPRISE,2021-12-10
C02231,Customer C02231,CONSUMER,2023-05-18
C02232,Customer C02232,ENTERPRISE,2018-07-20
C02233,Customer C02233,ENTERPRISE,2023-02-02
C02234,Customer C02234,SMB,2019-12-17
C02235,Customer C02235,ENTERPRISE,2023-04-18
C02236,Customer C02236,CONSUMER,2021-12-03
C02237,Customer C02237,SMB,2019-12-21
C02238,Customer C02238,SMB,2023-11-01
C02239,Customer C02239,CONSUMER,2020-07-11
C02240,Customer C02240,ENTERPRISE,2018-07-03
C02241,Customer C02241,SMB,2019-02-06
C02242,Customer C02242,ENTERPRISE,2021-05-21
C02243,Customer C02243,ENTERPRISE,2022-05-19
C02244,Customer C02244,ENTERPRISE,2021-04-06
C02245,Customer C02245,SMB,2021-10-16
C02246,Customer C02246,SMB,2023-01-08
C02247,Customer C02247,ENTERPRISE,2021-08-25
C02248,Customer C02248,CONSUMER,2020-07-04
C02249,Customer C02249,CONSUMER,2024-05-20
C02250,Customer C02250,ENTERPRISE,2018-05-14
C02251,Customer C02251,ENTERPRISE,2019-03-20
C02252,Customer C02252,SMB,2023-10-21
C02253,Customer C02253,CONSUMER,2020-10-15
C02254,Customer C02254,CONSUMER,2018-01-06
C02255,Customer C02255,CONSUMER,2019-04-23
C02256,Customer C02256,SMB,2021-08-14
C02257,Customer C02257,ENTERPRISE,2019-11-27
C02258,Customer C02258,CONSUMER,2019-09-27
C02259,Customer C02259,ENTERPRISE,2021-03-04
C02260,Customer C02260,SMB,2024-06-03
C02261,Customer C02261,CONSUMER,2018-12-25
C02262,Customer C02262,CONSUMER,2018-07-03
C02263,Customer C02263,CONSUMER,2019-10-07
C02264,Customer C02264,CONSUMER,2020-10-24
C02265,Customer C02265,SMB,2022-07-07
C02266,Customer C02266,ENTERPRISE,2018-11-18
C02267,Customer C02267,CONSUMER,2022-10-10
C02268,Customer C02268,SMB,2019-09-07
C02269,Customer C02269,ENTERPRISE,2018-06-04
C02270,Customer C02270,ENTERPRISE,2018-05-27
C02271,Customer C02271,CONSUMER,2020-08-06
C02272,Customer C02272,CONSUMER,2024-09-13
C02273,Customer C02273,CONSUMER,2022-07-08
C02274,Customer C02274,CONSUMER,2023-03-08
C02275,Customer C02275,CONSUMER,2023-09-09
C02276,Customer C02276,ENTERPRISE,2019-11-13
C02277,Customer C02277,SMB,2020-01-22
C02278,Customer C02278,CONSUMER,2024-05-11
C02279,Customer C02279,CONSUMER,2020-05-08
C02280,Customer C02280,SMB,2019-11-05
C02281,Customer C02281,CONSUMER,2024-01-24
C02282,Customer C02282,CONSUMER,2019-02-04
C02283,Customer C02283,CONSUMER,2018-10-22
C02284,Customer C02284,ENTERPRISE,2021-06-17
C02285,Customer C02285,ENTERPRISE,2019-04-13
C02286,Customer C02286,CONSUMER,2022-05-03
C02287,Customer C02287,ENTERPRISE,2019-04-21
C02288,Customer C02288,ENTERPRISE,2021-08-18
C02289,Customer C02289,ENTERPRISE,2021-06-02
C02290,Customer C02290,ENTERPRISE,2019-04-16
C02291,Customer C02291,SMB,2019-03-11
C02292,Customer C02292,CONSUMER,2024-09-18
C02293,Customer C02293,SMB,2023-10-03
C02294,Customer C02294,SMB,2023-10-02
C02295,Customer C02295,SMB,2024-01-06
C02296,Customer C02296,CONSUMER,2020-12-05
C02297,Customer C02297,CONSUMER,2021-09-13
C02298,Customer C02298,ENTERPRISE,2024-08-11
C02299,Customer C02299,CONSUMER,2020-11-26
C02300,Customer C02300,SMB,2024-03-14
C02301,Customer C02301,ENTERPRISE,2022-04-08
C02302,Customer C02302,CONSUMER,2024-05-04
C02303,Customer C02303,SMB,2024-03-11
C02304,Customer C02304,SMB,2018-12-13
C02305,Customer C02305,CONSUMER,2023-05-23
C02306,Customer C02306,SMB,2024-12-13
C02307,Customer C02307,ENTERPRISE,2019-05-12
C02308,Customer C02308,SMB,2023-05-20
C02309,Customer C02309,CONSUMER,2022-01-23
C02310,Customer C02310,SMB,2018-12-06
C02311,Customer C02311,CONSUMER,2020-10-12
C02312,Customer C02312,SMB,2018-09-02
C02313,Customer C02313,ENTERPRISE,2022-06-14
C02314,Customer C02314,CONSUMER,2018-11-11
C02315,Customer C02315,CONSUMER,2018-08-24
C02316,Customer C02316,ENTERPRISE,2018-09-21
C02317,Customer C02317,SMB,2023-08-25
C02318,Customer C02318,ENTERPRISE,2018-09-16
C02319,Customer C02319,SMB,2019-02-10
C02320,Customer C02320,ENTERPRISE,2019-12-28
C02321,Customer C02321,CONSUMER,2024-04-25
C02322,Customer C02322,ENTERPRISE,2019-10-17
C02323,Customer C02323,ENTERPRISE,2024-06-13
C02324,Customer C02324,SMB,2022-12-20
C02325,Customer C02325,CONSUMER,2020-10-17
C02326,Customer C02326,ENTERPRISE,2022-06-18
C02327,Customer C02327,SMB,2018-08-05
C02328,Customer C02328,SMB,2018-08-09
C02329,Customer C02329,SMB,2023-08-11
C02330,Customer C02330,CONSUMER,2018-12-05
C02331,Customer C02331,CONSUMER,2022-02-13
C02332,Customer C02332,ENTERPRISE,2023-07-08
C02333,Customer C02333,SMB,2018-02-26
C02334,Customer C02334,ENTERPRISE,2018-04-05
C02335,Customer C02335,CONSUMER,2024-03-03
C02336,Customer C02336,SMB,2022-12-08
C02337,Customer C02337,SMB,2020-08-02
C02338,Customer C02338,ENTERPRISE,2018-04-24
C02339,Customer C02339,CONSUMER,2018-03-05
C02340,Customer C02340,SMB,2024-01-22
C02341,Customer C02341,CONSUMER,2020-05-08
C02342,Customer C02342,ENTERPRISE,2020-01-17
C02343,Customer C02343,CONSUMER,2024-12-22
C02344,Customer C02344,ENTERPRISE,2021-03-28
C02345,Customer C02345,CONSUMER,2018-08-27
C02346,Customer C02346,CONSUMER,2019-08-06
C02347,Customer C02347,SMB,2018-08-14
C02348,Customer C02348,CONSUMER,2018-09-15
C02349,Customer C02349,CONSUMER,2021-01-02
C02350,Customer C02350,CONSUMER,2023-08-15
C02351,Customer C02351,CONSUMER,2018-03-26
C02352,Customer C02352,CONSUMER,2022-10-02
C02353,Customer C02353,ENTERPRISE,2023-08-13
C02354,Customer C02354,SMB,2024-07-03
C02355,Customer C02355,SMB,2018-01-16
C02356,Customer C02356,CONSUMER,2018-10-05
C02357,Customer C02357,ENTERPRISE,2023-08-25
C02358,Customer C02358,SMB,2024-07-05
C02359,Customer C02359,CONSUMER,2021-04-09
C02360,Customer C02360,SMB,2022-05-02
C02361,Customer C02361,ENTERPRISE,2022-05-19
C02362,Customer C02362,SMB,2020-05-03
C02363,Customer C02363,ENTERPRISE,2024-05-09
C02364,Customer C02364,SMB,2022-04-26
C02365,Customer C02365,SMB,2023-04-02
C02366,Customer C02366,CONSUMER,2018-06-18
C02367,Customer C02367,ENTERPRISE,2020-02-04
C02368,Customer C02368,CONSUMER,2024-05-16
C02369,Customer C02369,ENTERPRISE,2023-02-02
C02370,Customer C02370,ENTERPRISE,2020-08-01
C02371,Customer C02371,ENTERPRISE,2024-09-07
C02372,Customer C02372,CONSUMER,2019-05-18
C02373,Customer C02373,SMB,2021-10-15
C02374,Customer C02374,SMB,2020-11-14
C02375,Customer C02375,ENTERPRISE,2023-10-17
C02376,Customer C02376,SMB,2018-06-06
C02377,Customer C02377,CONSUMER,2023-04-13
C02378,Customer C02378,SMB,2021-08-23
C02379,Customer C02379,CONSUMER,2023-03-03
C02380,Customer C02380,ENTERPRISE,2023-02-27
C02381,Customer C02381,SMB,2019-09-07
C02382,Customer C02382,ENTERPRISE,2021-09-21
C02383,Customer C02383,ENTERPRISE,2020-05-23
C02384,Customer C02384,ENTERPRISE,2024-06-17
C02385,Customer C02385,ENTERPRISE,2019-11-12
C02386,Customer C02386,SMB,2020-07-14
C02387,Customer C02387,SMB,2023-06-07
C02388,Customer C02388,SMB,2020-01-08
C02389,Customer C02389,ENTERPRISE,2018-02-22
C02390,Customer C02390,ENTERPRISE,2021-08-09
C02391,Customer C02391,CONSUMER,2023-11-12
C02392,Customer C02392,ENTERPRISE,2019-01-22
C02393,Customer C02393,SMB,2021-04-06
C02394,Customer C02394,ENTERPRISE,2023-03-05
C02395,Customer C02395,SMB,2018-02-07
C02396,Customer C02396,CONSUMER,2020-04-23
C02397,Customer C02397,SMB,2019-08-14
C02398,Customer C02398,CONSUMER,2023-06-15
C02399,Customer C02399,ENTERPRISE,2024-11-18
C02400,Customer C02400,ENTERPRISE,2023-09-12
C02401,Customer C02401,SMB,2023-06-22
C02402,Customer C02402,SMB,2019-07-02
C02403,Customer C02403,ENTERPRISE,2021-11-26
C02404,Customer C02404,ENTERPRISE,2018-08-03
C02405,Customer C02405,CONSUMER,2021-09-16
C02406,Customer C02406,ENTERPRISE,2020-11-05
C02407,Customer C02407,SMB,2021-11-27
C02408,Customer C02408,SMB,2018-09-07
C02409,Customer C02409,CONSUMER,2018-07-23
C02410,Customer C02410,ENTERPRISE,2024-09-12
C02411,Customer C02411,CONSUMER,2018-11-28
C02412,Customer C02412,ENTERPRISE,2023-06-18
C02413,Customer C02413,CONSUMER,2024-12-23
C02414,Customer C02414,CONSUMER,2022-10-15
C02415,Customer C02415,CONSUMER,2023-04-17
C02416,Customer C02416,CONSUMER,2022-05-13
C02417,Customer C02417,SMB,2022-05-12
C02418,Customer C02418,SMB,2024-06-01
C02419,Customer C02419,ENTERPRISE,2019-03-26
C02420,Customer C02420,ENTERPRISE,2019-12-04
C02421,Customer C02421,CONSUMER,2024-12-03
C02422,Customer C02422,CONSUMER,2022-07-05
C02423,Customer C02423,CONSUMER,2022-06-09
C02424,Customer C02424,CONSUMER,2022-01-20
C02425,Customer C02425,ENTERPRISE,2022-04-18
C02426,Customer C02426,SMB,2022-05-10
C02427,Customer C02427,SMB,2020-12-03
C02428,Customer C02428,CONSUMER,2020-10-19
C02429,Customer C02429,CONSUMER,2022-07-01
C02430,Customer C02430,ENTERPRISE,2023-05-25
C02431,Customer C02431,CONSUMER,2023-04-19
C02432,Customer C02432,SMB,2023-04-20
C02433,Customer C02433,SMB,2018-05-27
C02434,Customer C02434,SMB,2021-02-20
C02435,Customer C02435,CONSUMER,2023-07-24
C02436,Customer C02436,CONSUMER,2021-09-27
C02437,Customer C02437,SMB,2024-02-28
C02438,Customer C02438,SMB,2018-02-25
C02439,Customer C02439,SMB,2020-06-21
C02440,Customer C02440,ENTERPRISE,2024-02-12
C02441,Customer C02441,ENTERPRISE,2022-10-20
C02442,Customer C02442,SMB,2021-10-05
C02443,Customer C02443,CONSUMER,2020-04-14
C02444,Customer C02444,ENTERPRISE,2024-02-10
C02445,Customer C02445,SMB,2023-03-03
C02446,Customer C02446,ENTERPRISE,2019-02-27
C02447,Customer C02447,SMB,2022-03-20
C02448,Customer C02448,ENTERPRISE,2021-07-23
C02449,Customer C02449,SMB,2020-08-03
C02450,Customer C02450,ENTERPRISE,2018-08-23
C02451,Customer C02451,SMB,2022-05-18
C02452,Customer C02452,CONSUMER,2022-03-13
C02453,Customer C02453,ENTERPRISE,2022-01-15
C02454,Customer C02454,SMB,2019-10-21
C02455,Customer C02455,SMB,2018-07-20
C02456,Customer C02456,CONSUMER,2022-09-23
C02457,Customer C02457,SMB,2023-12-04
C02458,Customer C02458,ENTERPRISE,2020-04-03
C02459,Customer C02459,CONSUMER,2022-07-11
C02460,Customer C02460,CONSUMER,2018-12-28
C02461,Customer C02461,CONSUMER,2021-01-02
C02462,Customer C02462,SMB,2018-01-19
C02463,Customer C02463,ENTERPRISE,2024-01-14
C02464,Customer C02464,ENTERPRISE,2020-06-03
C02465,Customer C02465,SMB,2018-12-05
C02466,Customer C02466,ENTERPRISE,2018-01-10
C02467,Customer C02467,SMB,2020-07-25
C02468,Customer C02468,ENTERPRISE,2018-08-13
C02469,Customer C02469,ENTERPRISE,2024-12-27
C02470,Customer C02470,CONSUMER,2021-12-22
C02471,Customer C02471,ENTERPRISE,2023-02-18
C02472,Customer C02472,ENTERPRISE,2019-11-10
C02473,Customer C02473,CONSUMER,2022-11-13
C02474,Customer C02474,ENTERPRISE,2021-10-10
C02475,Customer C02475,SMB,2024-12-17
C02476,Customer C02476,CONSUMER,2024-04-07
C02477,Customer C02477,ENTERPRISE,2020-11-19
C02478,Customer C02478,CONSUMER,2024-07-07
C02479,Customer C02479,ENTERPRISE,2022-10-17
C02480,Customer C02480,SMB,2021-04-06
C02481,Customer C02481,SMB,2023-12-04
C02482,Customer C02482,SMB,2020-07-05
C02483,Customer C02483,CONSUMER,2022-11-16
C02484,Customer C02484,SMB,2024-04-11
C02485,Customer C02485,ENTERPRISE,2022-11-02
C02486,Customer C02486,CONSUMER,2018-02-07
C02487,Customer C02487,SMB,2021-02-26
C02488,Customer C02488,CONSUMER,2020-04-26
C02489,Customer C02489,ENTERPRISE,2020-10-22
C02490,Customer C02490,ENTERPRISE,2023-12-15
C02491,Customer C02491,ENTERPRISE,2018-04-14
C02492,Customer C02492,SMB,2018-12-06
C02493,Customer C02493,CONSUMER,2021-09-27
C02494,Customer C02494,CONSUMER,2024-10-08
C02495,Customer C02495,CONSUMER,2019-01-27
C02496,Customer C02496,CONSUMER,2022-03-14
C02497,Customer C02497,CONSUMER,2023-10-06
C02498,Customer C02498,SMB,2024-10-23
C02499,Customer C02499,ENTERPRISE,2021-06-01
C02500,Customer C02500,ENTERPRISE,2021-03-27
C02501,Customer C02501,SMB,2023-04-09
C02502,Customer C02502,CONSUMER,2019-07-01
C02503,Customer C02503,ENTERPRISE,2020-02-20
C02504,Customer C02504,ENTERPRISE,2022-05-18
C02505,Customer C02505,ENTERPRISE,2019-09-18
C02506,Customer C02506,CONSUMER,2023-07-19
C02507,Customer C02507,ENTERPRISE,2019-01-02
C02508,Customer C02508,SMB,2019-03-21
C02509,Customer C02509,ENTERPRISE,2019-05-28
C02510,Customer C02510,SMB,2022-07-09
C02511,Customer C02511,ENTERPRISE,2022-03-17
C02512,Customer C02512,SMB,2021-11-19
C02513,Customer C02513,SMB,2018-09-06
C02514,Customer C02514,SMB,2019-01-15
C02515,Customer C02515,SMB,2018-02-04
C02516,Customer C02516,CONSUMER,2023-04-11
C02517,Customer C02517,ENTERPRISE,2020-10-07
C02518,Customer C02518,SMB,2020-08-15
C02519,Customer C02519,CONSUMER,2021-04-01
C02520,Customer C02520,ENTERPRISE,2019-03-12
C02521,Customer C02521,CONSUMER,2019-05-11
C02522,Customer C02522,CONSUMER,2024-03-08
C02523,Customer C02523,SMB,2022-07-14
C02524,Customer C02524,CONSUMER,2022-01-06
C02525,Customer C02525,SMB,2020-02-22
C02526,Customer C02526,CONSUMER,2024-10-02
C02527,Customer C02527,CONSUMER,2020-02-15
C02528,Customer C02528,CONSUMER,2020-07-24
C02529,Customer C02529,CONSUMER,2019-01-01
C02530,Customer C02530,SMB,2019-04-22
C02531,Customer C02531,CONSUMER,2019-01-14
C02532,Customer C02532,ENTERPRISE,2024-07-07
C02533,Customer C02533,CONSUMER,2020-07-15
C02534,Customer C02534,CONSUMER,2019-05-13
C02535,Customer C02535,CONSUMER,2023-11-25
C02536,Customer C02536,SMB,2020-07-27
C02537,Customer C02537,CONSUMER,2020-11-22
C02538,Customer C02538,ENTERPRISE,2022-02-16
C02539,Customer C02539,ENTERPRISE,2023-10-11
C02540,Customer C02540,ENTERPRISE,2021-01-23
C02541,Customer C02541,ENTERPRISE,2019-11-10
C02542,Customer C02542,SMB,2018-08-15
C02543,Customer C02543,ENTERPRISE,2023-06-11
C02544,Customer C02544,ENTERPRISE,2024-05-07
C02545,Customer C02545,ENTERPRISE,2019-02-12
C02546,Customer C02546,ENTERPRISE,2020-07-09
C02547,Customer C02547,CONSUMER,2023-05-12
C02548,Customer C02548,SMB,2018-11-27
C02549,Customer C02549,CONSUMER,2022-10-10
C02550,Customer C02550,ENTERPRISE,2019-04-22
C02551,Customer C02551,CONSUMER,2021-03-24
C02552,Customer C02552,SMB,2024-03-18
C02553,Customer C02553,CONSUMER,2021-07-02
C02554,Customer C02554,ENTERPRISE,2021-03-24
C02555,Customer C02555,ENTERPRISE,2022-01-02
C02556,Customer C02556,SMB,2019-04-03
C02557,Customer C02557,CONSUMER,2022-09-14
C02558,Customer C02558,ENTERPRISE,2020-09-15
C02559,Customer C02559,SMB,2022-02-17
C02560,Customer C02560,CONSUMER,2020-01-19
C02561,Customer C02561,SMB,2018-12-27
C02562,Customer C02562,SMB,2018-02-03
C02563,Customer C02563,ENTERPRISE,2020-02-08
C02564,Customer C02564,ENTERPRISE,2023-06-24
C02565,Customer C02565,CONSUMER,2019-10-21
C02566,Customer C02566,SMB,2018-09-18
C02567,Customer C02567,SMB,2021-07-02
C02568,Customer C02568,ENTERPRISE,2019-02-04
C02569,Customer C02569,CONSUMER,2019-05-28
C02570,Customer C02570,ENTERPRISE,2021-03-11
C02571,Customer C02571,SMB,2022-04-08
C02572,Customer C02572,CONSUMER,2018-04-10
C02573,Customer C02573,ENTERPRISE,2023-08-17
C02574,Customer C02574,SMB,2019-08-14
C02575,Customer C02575,SMB,2024-05-10
C02576,Customer C02576,ENTERPRISE,2020-01-04
C02577,Customer C02577,SMB,2023-12-17
C02578,Customer C02578,SMB,2022-12-16
C02579,Customer C02579,CONSUMER,2020-01-01
C02580,Customer C02580,SMB,2019-06-04
C02581,Customer C02581,ENTERPRISE,2023-08-06
C02582,Customer C02582,CONSUMER,2023-08-13
C02583,Customer C02583,SMB,2018-08-04
C02584,Customer C02584,SMB,2023-06-19
C02585,Customer C02585,SMB,2023-08-02
C02586,Customer C02586,ENTERPRISE,2018-10-16
C02587,Customer C02587,CONSUMER,2024-06-03
C02588,Customer C02588,SMB,2018-05-03
C02589,Customer C02589,CONSUMER,2023-10-12
C02590,Customer C02590,CONSUMER,2018-12-20
C02591,Customer C02591,ENTERPRISE,2024-07-06
C02592,Customer C02592,ENTERPRISE,2024-11-07
C02593,Customer C02593,CONSUMER,2018-03-05
C02594,Customer C02594,ENTERPRISE,2023-07-28
C02595,Customer C02595,ENTERPRISE,2019-11-16
C02596,Customer C02596,CONSUMER,2021-03-20
C02597,Customer C02597,ENTERPRISE,2020-05-27
C02598,Customer C02598,CONSUMER,2022-02-26
C02599,Customer C02599,SMB,2018-11-07
C02600,Customer C02600,ENTERPRISE,2020-01-19
C02601,Customer C02601,CONSUMER,2019-04-27
C02602,Customer C02602,ENTERPRISE,2018-01-04
C02603,Customer C02603,SMB,2023-05-17
C02604,Customer C02604,CONSUMER,2022-07-02
C02605,Customer C02605,ENTERPRISE,2018-07-17
C02606,Customer C02606,CONSUMER,2021-12-09
C02607,Customer C02607,ENTERPRISE,2021-09-26
C02608,Customer C02608,CONSUMER,2021-10-14
C02609,Customer C02609,SMB,2024-01-22
C02610,Customer C02610,SMB,2019-12-15
C02611,Customer C02611,CONSUMER,2024-11-26
C02612,Customer C02612,CONSUMER,2019-11-04
C02613,Customer C02613,ENTERPRISE,2023-11-22
C02614,Customer C02614,CONSUMER,2019-01-25
C02615,Customer C02615,ENTERPRISE,2020-10-28
C02616,Customer C02616,SMB,2021-07-12
C02617,Customer C02617,CONSUMER,2019-07-07
C02618,Customer C02618,CONSUMER,2021-02-04
C02619,Customer C02619,ENTERPRISE,2019-02-12
C02620,Customer C02620,CONSUMER,2020-12-10
C02621,Customer C02621,SMB,2023-12-09
C02622,Customer C02622,CONSUMER,2018-12-21
C02623,Customer C02623,CONSUMER,2018-10-19
C02624,Customer C02624,CONSUMER,2022-11-23
C02625,Customer C02625,ENTERPRISE,2022-07-25
C02626,Customer C02626,CONSUMER,2023-06-05
C02627,Customer C02627,CONSUMER,2022-08-11
C02628,Customer C02628,CONSUMER,2019-05-23
C02629,Customer C02629,SMB,2021-06-03
C02630,Customer C02630,ENTERPRISE,2023-11-16
C02631,Customer C02631,CONSUMER,2020-05-25
C02632,Customer C02632,ENTERPRISE,2023-04-12
C02633,Customer C02633,ENTERPRISE,2020-12-08
C02634,Customer C02634,CONSUMER,2019-09-08
C02635,Customer C02635,ENTERPRISE,2022-05-18
C02636,Customer C02636,ENTERPRISE,2022-08-08
C02637,Customer C02637,ENTERPRISE,2024-12-18
C02638,Customer C02638,SMB,2020-08-05
C02639,Customer C02639,ENTERPRISE,2019-10-25
C02640,Customer C02640,SMB,2022-07-27
C02641,Customer C02641,CONSUMER,2023-09-25
C02642,Customer C02642,ENTERPRISE,2021-07-15
C02643,Customer C02643,SMB,2023-11-16
C02644,Customer C02644,SMB,2020-02-10
C02645,Customer C02645,SMB,2022-03-26
C02646,Customer C02646,CONSUMER,2018-03-04
C02647,Customer C02647,CONSUMER,2019-02-12
C02648,Customer C02648,ENTERPRISE,2024-03-23
C02649,Customer C02649,ENTERPRISE,2024-05-06
C02650,Customer C02650,SMB,2021-01-10
C02651,Customer C02651,CONSUMER,2018-02-06
C02652,Customer C02652,CONSUMER,2018-05-16
C02653,Customer C02653,SMB,2018-05-12
C02654,Customer C02654,CONSUMER,2024-11-16
C02655,Customer C02655,ENTERPRISE,2022-09-22
C02656,Customer C02656,SMB,2019-05-09
C02657,Customer C02657,CONSUMER,2020-02-14
C02658,Customer C02658,SMB,2022-08-02
C02659,Customer C02659,CONSUMER,2020-10-16
C02660,Customer C02660,SMB,2020-04-22
C02661,Customer C02661,CONSUMER,2023-04-02
C02662,Customer C02662,CONSUMER,2018-03-15
C02663,Customer C02663,SMB,2019-05-19
C02664,Customer C02664,CONSUMER,2021-06-14
C02665,Customer C02665,CONSUMER,2023-06-22
C02666,Customer C02666,SMB,2020-08-09
C02667,Customer C02667,SMB,2019-02-18
C02668,Customer C02668,ENTERPRISE,2024-10-02
C02669,Customer C02669,ENTERPRISE,2020-02-06
C02670,Customer C02670,CONSUMER,2022-03-01
C02671,Customer C02671,ENTERPRISE,2023-03-22
C02672,Customer C02672,CONSUMER,2021-05-16
C02673,Customer C02673,ENTERPRISE,2021-08-08
C02674,Customer C02674,SMB,2018-07-16
C02675,Customer C02675,SMB,2018-05-03
C02676,Customer C02676,CONSUMER,2019-01-08
C02677,Customer C02677,CONSUMER,2022-10-23
C02678,Customer C02678,ENTERPRISE,2023-11-14
C02679,Customer C02679,SMB,2023-04-21
C02680,Customer C02680,CONSUMER,2023-07-08
C02681,Customer C02681,ENTERPRISE,2023-09-15
C02682,Customer C02682,CONSUMER,2020-09-27
C02683,Customer C02683,CONSUMER,2021-06-01
C02684,Customer C02684,CONSUMER,2022-04-12
C02685,Customer C02685,CONSUMER,2019-05-15
C02686,Customer C02686,CONSUMER,2019-04-28
C02687,Customer C02687,ENTERPRISE,2022-12-05
C02688,Customer C02688,ENTERPRISE,2020-01-17
C02689,Customer C02689,SMB,2018-06-15
C02690,Customer C02690,ENTERPRISE,2020-03-01
C02691,Customer C02691,ENTERPRISE,2024-09-07
C02692,Customer C02692,CONSUMER,2022-02-01
C02693,Customer C02693,CONSUMER,2021-07-15
C02694,Customer C02694,SMB,2021-05-19
C02695,Customer C02695,ENTERPRISE,2018-07-26
C02696,Customer C02696,CONSUMER,2019-04-14
C02697,Customer C02697,SMB,2023-02-06
C02698,Customer C02698,SMB,2018-06-03
C02699,Customer C02699,CONSUMER,2022-08-07
C02700,Customer C02700,ENTERPRISE,2022-09-24
C02701,Customer C02701,CONSUMER,2019-09-19
C02702,Customer C02702,SMB,2019-01-10
C02703,Customer C02703,SMB,2023-01-19
C02704,Customer C02704,CONSUMER,2021-04-11
C02705,Customer C02705,ENTERPRISE,2020-11-26
C02706,Customer C02706,CONSUMER,2021-02-26
C02707,Customer C02707,ENTERPRISE,2024-02-18
C02708,Customer C02708,CONSUMER,2021-03-09
C02709,Customer C02709,ENTERPRISE,2018-10-14
C02710,Customer C02710,ENTERPRISE,2024-09-09
C02711,Customer C02711,CONSUMER,2020-02-24
C02712,Customer C02712,ENTERPRISE,2019-07-04
C02713,Customer C02713,SMB,2019-07-20
C02714,Customer C02714,CONSUMER,2020-09-23
C02715,Customer C02715,ENTERPRISE,2020-03-10
C02716,Customer C02716,SMB,2019-12-14
C02717,Customer C02717,CONSUMER,2020-10-13
C02718,Customer C02718,SMB,2019-10-11
C02719,Customer C02719,CONSUMER,2018-05-18
C02720,Customer C02720,ENTERPRISE,2024-12-21
C02721,Customer C02721,SMB,2021-01-13
C02722,Customer C02722,SMB,2018-05-28
C02723,Customer C02723,SMB,2024-03-10
C02724,Customer C02724,ENTERPRISE,2018-11-07
C02725,Customer C02725,SMB,2024-12-08
C02726,Customer C02726,CONSUMER,2020-01-23
C02727,Customer C02727,ENTERPRISE,2018-09-19
C02728,Customer C02728,SMB,2018-06-07
C02729,Customer C02729,SMB,2021-07-14
C02730,Customer C02730,SMB,2021-12-04
C02731,Customer C02731,ENTERPRISE,2023-03-19
C02732,Customer C02732,SMB,2018-04-02
C02733,Customer C02733,CONSUMER,2020-03-16
C02734,Customer C02734,ENTERPRISE,2019-03-14
C02735,Customer C02735,ENTERPRISE,2020-02-22
C02736,Customer C02736,SMB,2022-05-05
C02737,Customer C02737,CONSUMER,2024-06-02
C02738,Customer C02738,CONSUMER,2021-10-17
C02739,Customer C02739,SMB,2023-10-20
C02740,Customer C02740,CONSUMER,2020-02-23
C02741,Customer C02741,CONSUMER,2022-12-09
C02742,Customer C02742,SMB,2022-07-13
C02743,Customer C02743,SMB,2018-11-28
C02744,Customer C02744,SMB,2019-07-21
C02745,Customer C02745,SMB,2024-11-14
C02746,Customer C02746,CONSUMER,2023-01-21
C02747,Customer C02747,SMB,2020-10-01
C02748,Customer C02748,SMB,2021-03-28
C02749,Customer C02749,CONSUMER,2023-06-25
C02750,Customer C02750,CONSUMER,2018-02-02
C02751,Customer C02751,ENTERPRISE,2024-03-10
C02752,Customer C02752,SMB,2018-07-16
C02753,Customer C02753,ENTERPRISE,2024-06-22
C02754,Customer C02754,SMB,2018-07-25
C02755,Customer C02755,CONSUMER,2024-04-27
C02756,Customer C02756,ENTERPRISE,2023-07-21
C02757,Customer C02757,CONSUMER,2021-03-26
C02758,Customer C02758,SMB,2019-01-03
C02759,Customer C02759,ENTERPRISE,2019-04-28
C02760,Customer C02760,SMB,2022-09-24
C02761,Customer C02761,CONSUMER,2022-02-11
C02762,Customer C02762,CONSUMER,2019-10-13
C02763,Customer C02763,SMB,2018-08-08
C02764,Customer C02764,SMB,2020-03-03
C02765,Customer C02765,SMB,2022-06-15
C02766,Customer C02766,SMB,2019-12-06
C02767,Customer C02767,SMB,2023-03-04
C02768,Customer C02768,ENTERPRISE,2022-02-15
C02769,Customer C02769,SMB,2023-04-23
C02770,Customer C02770,ENTERPRISE,2021-12-15
C02771,Customer C02771,SMB,2021-12-27
C02772,Customer C02772,CONSUMER,2022-07-05
C02773,Customer C02773,ENTERPRISE,2018-04-22
C02774,Customer C02774,SMB,2021-10-22
C02775,Customer C02775,CONSUMER,2023-02-23
C02776,Customer C02776,CONSUMER,2020-12-16
C02777,Customer C02777,ENTERPRISE,2024-02-12
C02778,Customer C02778,SMB,2022-05-06
C02779,Customer C02779,CONSUMER,2023-04-06
C02780,Customer C02780,ENTERPRISE,2019-09-08
C02781,Customer C02781,ENTERPRISE,2021-04-11
C02782,Customer C02782,CONSUMER,2019-12-05
C02783,Customer C02783,ENTERPRISE,2023-06-21
C02784,Customer C02784,CONSUMER,2021-09-22
C02785,Customer C02785,CONSUMER,2023-05-20
C02786,Customer C02786,ENTERPRISE,2024-04-01
C02787,Customer C02787,ENTERPRISE,2023-11-10
C02788,Customer C02788,SMB,2023-05-18
C02789,Customer C02789,CONSUMER,2023-06-24
C02790,Customer C02790,CONSUMER,2021-03-24
C02791,Customer C02791,CONSUMER,2019-07-01
C02792,Customer C02792,SMB,2022-05-28
C02793,Customer C02793,CONSUMER,2020-05-08
C02794,Customer C02794,CONSUMER,2018-04-04
C02795,Customer C02795,CONSUMER,2022-09-18
C02796,Customer C02796,ENTERPRISE,2024-02-25
C02797,Customer C02797,ENTERPRISE,2019-12-15
C02798,Customer C02798,ENTERPRISE,2022-07-26
C02799,Customer C02799,CONSUMER,2018-01-17
C02800,Customer C02800,CONSUMER,2018-09-04
C02801,Customer C02801,CONSUMER,2024-01-18
C02802,Customer C02802,CONSUMER,2024-03-11
C02803,Customer C02803,ENTERPRISE,2024-03-11
C02804,Customer C02804,ENTERPRISE,2018-07-21
C02805,Customer C02805,CONSUMER,2023-10-08
C02806,Customer C02806,ENTERPRISE,2024-08-02
C02807,Customer C02807,ENTERPRISE,2020-09-17
C02808,Customer C02808,SMB,2020-10-22
C02809,Customer C02809,SMB,2024-08-26
C02810,Customer C02810,CONSUMER,2022-08-04
C02811,Customer C02811,CONSUMER,2020-11-27
C02812,Customer C02812,CONSUMER,2023-09-19
C02813,Customer C02813,ENTERPRISE,2019-04-11
C02814,Customer C02814,SMB,2019-07-16
C02815,Customer C02815,ENTERPRISE,2023-05-26
C02816,Customer C02816,ENTERPRISE,2019-06-12
C02817,Customer C02817,SMB,2024-11-20
C02818,Customer C02818,ENTERPRISE,2019-04-22
C02819,Customer C02819,CONSUMER,2024-08-11
C02820,Customer C02820,CONSUMER,2020-01-25
C02821,Customer C02821,ENTERPRISE,2021-06-15
C02822,Customer C02822,CONSUMER,2024-12-02
C02823,Customer C02823,ENTERPRISE,2020-08-14
C02824,Customer C02824,CONSUMER,2023-04-06
C02825,Customer C02825,SMB,2018-03-05
C02826,Customer C02826,ENTERPRISE,2019-06-20
C02827,Customer C02827,CONSUMER,2020-03-16
C02828,Customer C02828,ENTERPRISE,2021-02-19
C02829,Customer C02829,ENTERPRISE,2022-10-02
C02830,Customer C02830,SMB,2020-03-09
C02831,Customer C02831,CONSUMER,2020-04-25
C02832,Customer C02832,SMB,2024-01-11
C02833,Customer C02833,ENTERPRISE,2019-02-10
C02834,Customer C02834,CONSUMER,2024-09-21
C02835,Customer C02835,ENTERPRISE,2021-09-13
C02836,Customer C02836,ENTERPRISE,2022-11-22
C02837,Customer C02837,CONSUMER,2021-09-15
C02838,Customer C02838,CONSUMER,2022-05-12
C02839,Customer C02839,CONSUMER,2020-07-10
C02840,Customer C02840,ENTERPRISE,2024-03-26
C02841,Customer C02841,ENTERPRISE,2023-09-07
C02842,Customer C02842,CONSUMER,2019-04-21
C02843,Customer C02843,CONSUMER,2019-05-26
C02844,Customer C02844,ENTERPRISE,2022-10-11
C02845,Customer C02845,ENTERPRISE,2024-08-22
C02846,Customer C02846,SMB,2019-01-08
C02847,Customer C02847,CONSUMER,2018-03-03
C02848,Customer C02848,ENTERPRISE,2023-09-02
C02849,Customer C02849,ENTERPRISE,2022-09-20
C02850,Customer C02850,SMB,2023-04-23
C02851,Customer C02851,SMB,2019-04-18
C02852,Customer C02852,ENTERPRISE,2024-07-02
C02853,Customer C02853,ENTERPRISE,2018-10-13
C02854,Customer C02854,CONSUMER,2022-10-24
C02855,Customer C02855,ENTERPRISE,2020-02-20
C02856,Customer C02856,SMB,2024-04-16
C02857,Customer C02857,ENTERPRISE,2018-05-02
C02858,Customer C02858,CONSUMER,2024-11-07
C02859,Customer C02859,ENTERPRISE,2019-05-26
C02860,Customer C02860,ENTERPRISE,2021-04-04
C02861,Customer C02861,ENTERPRISE,2020-04-13
C02862,Customer C02862,ENTERPRISE,2020-02-26
C02863,Customer C02863,ENTERPRISE,2021-01-23
C02864,Customer C02864,CONSUMER,2021-07-01
C02865,Customer C02865,ENTERPRISE,2024-05-09
C02866,Customer C02866,CONSUMER,2022-05-01
C02867,Customer C02867,ENTERPRISE,2022-06-11
C02868,Customer C02868,ENTERPRISE,2023-12-09
C02869,Customer C02869,ENTERPRISE,2024-10-21
C02870,Customer C02870,CONSUMER,2021-01-22
C02871,Customer C02871,ENTERPRISE,2020-06-12
C02872,Customer C02872,CONSUMER,2020-11-22
C02873,Customer C02873,CONSUMER,2018-04-07
C02874,Customer C02874,ENTERPRISE,2020-10-05
C02875,Customer C02875,CONSUMER,2020-05-14
C02876,Customer C02876,ENTERPRISE,2022-09-15
C02877,Customer C02877,SMB,2024-08-03
C02878,Customer C02878,CONSUMER,2020-01-26
C02879,Customer C02879,ENTERPRISE,2022-05-23
C02880,Customer C02880,SMB,2024-03-13
C02881,Customer C02881,ENTERPRISE,2020-07-20
C02882,Customer C02882,ENTERPRISE,2022-03-27
C02883,Customer C02883,SMB,2023-11-18
C02884,Customer C02884,SMB,2024-09-21
C02885,Customer C02885,CONSUMER,2021-02-23
C02886,Customer C02886,SMB,2019-07-19
C02887,Customer C02887,ENTERPRISE,2018-08-19
C02888,Customer C02888,ENTERPRISE,2023-11-16
C02889,Customer C02889,SMB,2019-07-22
C02890,Customer C02890,CONSUMER,2022-01-06
C02891,Customer C02891,ENTERPRISE,2019-09-18
C02892,Customer C02892,ENTERPRISE,2021-07-06
C02893,Customer C02893,SMB,2019-04-27
C02894,Customer C02894,CONSUMER,2018-05-13
C02895,Customer C02895,ENTERPRISE,2024-05-19
C02896,Customer C02896,ENTERPRISE,2020-09-04
C02897,Customer C02897,ENTERPRISE,2022-08-18
C02898,Customer C02898,SMB,2020-04-17
C02899,Customer C02899,ENTERPRISE,2019-01-26
C02900,Customer C02900,CONSUMER,2019-06-04
C02901,Customer C02901,CONSUMER,2024-06-08
C02902,Customer C02902,SMB,2023-11-19
C02903,Customer C02903,CONSUMER,2023-03-28
C02904,Customer C02904,ENTERPRISE,2024-11-04
C02905,Customer C02905,ENTERPRISE,2022-12-24
C02906,Customer C02906,SMB,2023-02-18
C02907,Customer C02907,ENTERPRISE,2018-02-01
C02908,Customer C02908,CONSUMER,2020-06-27
C02909,Customer C02909,CONSUMER,2018-02-22
C02910,Customer C02910,CONSUMER,2019-07-25
C02911,Customer C02911,CONSUMER,2024-07-08
C02912,Customer C02912,ENTERPRISE,2022-08-17
C02913,Customer C02913,ENTERPRISE,2024-09-08
C02914,Customer C02914,ENTERPRISE,2024-10-21
C02915,Customer C02915,CONSUMER,2022-08-21
C02916,Customer C02916,ENTERPRISE,2018-09-11
C02917,Customer C02917,CONSUMER,2022-06-28
C02918,Customer C02918,ENTERPRISE,2022-01-13
C02919,Customer C02919,CONSUMER,2024-02-17
C02920,Customer C02920,CONSUMER,2024-01-16
C02921,Customer C02921,ENTERPRISE,2023-08-09
C02922,Customer C02922,SMB,2022-07-16
C02923,Customer C02923,SMB,2022-04-07
C02924,Customer C02924,SMB,2023-06-25
C02925,Customer C02925,CONSUMER,2023-08-18
C02926,Customer C02926,CONSUMER,2024-06-10
C02927,Customer C02927,ENTERPRISE,2018-04-16
C02928,Customer C02928,CONSUMER,2021-10-14
C02929,Customer C02929,ENTERPRISE,2019-12-23
C02930,Customer C02930,SMB,2023-11-19
C02931,Customer C02931,ENTERPRISE,2018-06-19
C02932,Customer C02932,CONSUMER,2020-09-05
C02933,Customer C02933,SMB,2024-04-10
C02934,Customer C02934,CONSUMER,2022-03-28
C02935,Customer C02935,ENTERPRISE,2021-01-04
C02936,Customer C02936,CONSUMER,2020-05-28
C02937,Customer C02937,ENTERPRISE,2022-07-11
C02938,Customer C02938,SMB,2019-01-09
C02939,Customer C02939,ENTERPRISE,2022-12-07
C02940,Customer C02940,CONSUMER,2023-04-07
C02941,Customer C02941,CONSUMER,2022-12-10
C02942,Customer C02942,ENTERPRISE,2020-05-25
C02943,Customer C02943,ENTERPRISE,2023-01-28
C02944,Customer C02944,SMB,2022-05-15
C02945,Customer C02945,CONSUMER,2019-10-24
C02946,Customer C02946,SMB,2023-01-09
C02947,Customer C02947,ENTERPRISE,2024-06-03
C02948,Customer C02948,ENTERPRISE,2018-07-12
C02949,Customer C02949,CONSUMER,2022-09-16
C02950,Customer C02950,CONSUMER,2018-07-19
C02951,Customer C02951,CONSUMER,2023-09-09
C02952,Customer C02952,ENTERPRISE,2020-08-09
C02953,Customer C02953,CONSUMER,2020-09-20
C02954,Customer C02954,ENTERPRISE,2022-05-21
C02955,Customer C02955,CONSUMER,2018-07-23
C02956,Customer C02956,CONSUMER,2022-09-04
C02957,Customer C02957,SMB,2019-01-21
C02958,Customer C02958,SMB,2024-10-21
C02959,Customer C02959,SMB,2024-09-28
C02960,Customer C02960,CONSUMER,2022-11-01
C02961,Customer C02961,ENTERPRISE,2021-03-15
C02962,Customer C02962,ENTERPRISE,2024-08-12
C02963,Customer C02963,ENTERPRISE,2019-05-03
C02964,Customer C02964,SMB,2020-06-17
C02965,Customer C02965,CONSUMER,2022-10-10
C02966,Customer C02966,CONSUMER,2023-11-07
C02967,Customer C02967,SMB,2023-09-24
C02968,Customer C02968,ENTERPRISE,2021-02-21
C02969,Customer C02969,CONSUMER,2024-05-04
C02970,Customer C02970,SMB,2018-05-08
C02971,Customer C02971,CONSUMER,2019-10-08
C02972,Customer C02972,SMB,2021-03-10
C02973,Customer C02973,ENTERPRISE,2021-04-04
C02974,Customer C02974,ENTERPRISE,2021-07-09
C02975,Customer C02975,SMB,2023-12-09
C02976,Customer C02976,CONSUMER,2021-10-22
C02977,Customer C02977,ENTERPRISE,2018-01-28
C02978,Customer C02978,CONSUMER,2024-04-10
C02979,Customer C02979,SMB,2020-06-08
C02980,Customer C02980,ENTERPRISE,2018-07-13
C02981,Customer C02981,ENTERPRISE,2024-08-04
C02982,Customer C02982,CONSUMER,2020-12-13
C02983,Customer C02983,ENTERPRISE,2018-06-01
C02984,Customer C02984,CONSUMER,2018-02-13
C02985,Customer C02985,ENTERPRISE,2024-01-02
C02986,Customer C02986,SMB,2021-11-06
C02987,Customer C02987,SMB,2024-11-22
C02988,Customer C02988,SMB,2024-02-01
C02989,Customer C02989,ENTERPRISE,2018-07-16
C02990,Customer C02990,ENTERPRISE,2019-12-14
C02991,Customer C02991,ENTERPRISE,2019-11-17
C02992,Customer C02992,CONSUMER,2019-08-15
C02993,Customer C02993,ENTERPRISE,2019-01-09
C02994,Customer C02994,ENTERPRISE,2022-06-26
C02995,Customer C02995,ENTERPRISE,2020-03-19
C02996,Customer C02996,CONSUMER,2021-01-25
C02997,Customer C02997,ENTERPRISE,2022-10-28
C02998,Customer C02998,ENTERPRISE,2021-10-20
C02999,Customer C02999,ENTERPRISE,2021-07-16
C03000,Customer C03000,ENTERPRISE,2019-08-26
