installment_id,customer_id,device_id,monthly_amount_usd,remaining_months
IN00001,C02504,DV00105,33.47,7
IN00002,C01831,DV00498,34.24,22
IN00003,C02504,DV00219,10.60,18
IN00004,C02748,DV00466,29.43,21
IN00005,C01931,DV00361,32.21,24
IN00006,C01064,DV00551,26.33,1
IN00007,C02320,DV00472,20.68,3
IN00008,C02962,DV01481,6.56,6
IN00009,C02715,DV01784,40.66,1
IN00010,C01076,DV00496,23.88,19
IN00011,C01001,DV01751,23.29,16
IN00012,C02200,DV00462,8.77,0
IN00013,C01338,DV00326,32.03,8
IN00014,C01774,DV00077,5.50,18
IN00015,C01696,DV00385,23.51,22
IN00016,C02224,DV01793,5.66,9
IN00017,C01072,DV00201,17.57,0
IN00018,C01847,DV01137,19.63,13
IN00019,C01189,DV01331,38.70,20
IN00020,C02138,DV00070,25.79,17
IN00021,C02737,DV01262,21.51,12
IN00022,C02915,DV00768,40.86,0
IN00023,C02050,DV01776,28.71,16
IN00024,C01452,DV01480,20.03,19
IN00025,C02888,DV00574,40.58,10
IN00026,C01743,DV00441,15.78,10
IN00027,C02913,DV00135,39.52,12
IN00028,C01058,DV00446,38.54,20
IN00029,C01802,DV00756,28.03,9
IN00030,C02499,DV01755,16.87,8
IN00031,C01674,DV01635,24.85,22
IN00032,C01575,DV00891,24.72,2
IN00033,C01582,DV00581,12.40,21
IN00034,C02503,DV00956,34.19,5
IN00035,C02002,DV00831,31.54,0
IN00036,C02604,DV01467,12.17,16
IN00037,C02848,DV00758,37.32,18
IN00038,C01586,DV00745,15.76,5
IN00039,C01046,DV01536,41.76,7
IN00040,C01257,DV01365,17.73,9
IN00041,C01395,DV01078,40.54,21
IN00042,C02338,DV01242,5.86,21
IN00043,C02076,DV00590,42.18,5
IN00044,C01401,DV01552,37.51,4
IN00045,C01394,DV00843,7.48,14
IN00046,C02826,DV00896,41.92,14
IN00047,C01317,DV00616,43.39,2
IN00048,C02509,DV01636,15.54,5
IN00049,C01120,DV01703,25.31,7
IN00050,C02816,DV00113,6.64,10
IN00051,C01742,DV00183,10.23,13
IN00052,C01701,DV00827,11.42,6
IN00053,C03000,DV01092,34.66,5
IN00054,C01689,DV01241,37.41,1
IN00055,C02515,DV00834,25.80,3
IN00056,C01254,DV00972,22.97,22
IN00057,C01194,DV01066,5.18,6
IN00058,C01398,DV01383,29.30,11
IN00059,C01262,DV01196,18.13,11
IN00060,C01885,DV00341,13.98,2
IN00061,C02179,DV00750,37.27,23
IN00062,C01358,DV01132,33.71,4
IN00063,C01022,DV00295,22.86,0
IN00064,C01326,DV00908,29.29,17
IN00065,C01383,DV01768,22.28,11
IN00066,C01124,DV01705,18.14,23
IN00067,C01482,DV01372,22.68,11
IN00068,C02901,DV00508,25.01,23
IN00069,C01333,DV00527,30.43,4
IN00070,C02811,DV01338,31.32,8
IN00071,C02647,DV00126,20.35,11
IN00072,C01307,DV00558,7.19,8
IN00073,C01316,DV01111,9.57,9
IN00074,C02710,DV00621,41.72,1
IN00075,C02798,DV01167,26.01,9
IN00076,C02921,DV00999,32.74,18
IN00077,C02616,DV00067,20.57,19
IN00078,C02070,DV01532,21.88,21
IN00079,C01080,DV01338,7.47,3
IN00080,C02445,DV00780,42.93,4
IN00081,C02487,DV00612,22.34,4
IN00082,C02085,DV01250,38.48,1
IN00083,C01851,DV00341,12.10,16
IN00084,C02167,DV00264,39.75,6
IN00085,C01828,DV00671,5.31,18
IN00086,C02994,DV01167,21.93,3
IN00087,C01298,DV00554,37.94,5
IN00088,C02724,DV00674,38.41,16
IN00089,C02283,DV01192,24.54,14
IN00090,C02587,DV01673,39.53,4
IN00091,C01406,DV01346,30.76,13
IN00092,C01042,DV01564,40.42,18
IN00093,C02293,DV01304,43.13,13
IN00094,C01584,DV01396,9.77,8
IN00095,C01988,DV01150,17.60,21
IN00096,C02786,DV00622,14.18,2
IN00097,C02348,DV01700,16.03,2
IN00098,C02332,DV00431,24.75,5
IN00099,C02977,DV00825,31.33,0
IN00100,C02755,DV01644,7.24,16
IN00101,C01729,DV00451,44.48,14
IN00102,C02122,DV01176,37.55,10
IN00103,C02259,DV00744,14.81,8
IN00104,C02522,DV01650,26.37,12
IN00105,C01476,DV00170,24.19,24
IN00106,C02844,DV01335,28.98,20
IN00107,C02266,DV00088,30.96,10
IN00108,C01307,DV00532,29.50,8
IN00109,C02078,DV00076,36.77,22
IN00110,C01444,DV01182,10.50,0
IN00111,C01033,DV01028,30.08,4
IN00112,C01499,DV01609,18.85,9
IN00113,C02098,DV00835,42.27,21
IN00114,C02536,DV01182,39.96,21
IN00115,C01243,DV00513,28.68,19
IN00116,C02548,DV00051,37.38,11
IN00117,C02426,DV00553,41.68,22
IN00118,C01338,DV00826,6.13,18
IN00119,C02348,DV00795,22.25,16
IN00120,C01075,DV00048,23.90,24
IN00121,C01848,DV01448,27.92,18
IN00122,C01504,DV01638,36.71,15
IN00123,C01172,DV00678,41.02,9
IN00124,C01884,DV00673,28.17,20
IN00125,C01522,DV01762,23.48,14
IN00126,C02472,DV01429,21.37,16
IN00127,C02915,DV01284,28.60,0
IN00128,C02822,DV00724,44.36,5
IN00129,C02187,DV01712,7.60,17
IN00130,C01216,DV01597,6.60,20
IN00131,C01540,DV00854,34.75,2
IN00132,C02615,DV01442,24.37,14
IN00133,C02132,DV00977,31.99,9
IN00134,C02438,DV01154,40.98,14
IN00135,C01252,DV01640,33.88,21
IN00136,C02939,DV01620,28.13,8
IN00137,C02328,DV01709,11.97,16
IN00138,C01617,DV00907,40.54,19
IN00139,C02379,DV00409,9.76,21
IN00140,C02442,DV01128,30.24,17
IN00141,C02761,DV00896,25.53,20
IN00142,C01024,DV01310,28.58,3
IN00143,C01128,DV00685,36.47,16
IN00144,C02951,DV01223,15.81,18
IN00145,C01704,DV00621,34.75,23
IN00146,C02112,DV00532,37.00,5
IN00147,C02856,DV00459,30.65,23
IN00148,C02709,DV00086,24.49,17
IN00149,C02307,DV00132,10.51,20
IN00150,C02314,DV01779,12.01,15
IN00151,C01452,DV00618,27.26,9
IN00152,C02108,DV01581,44.21,23
IN00153,C01280,DV01488,11.37,21
IN00154,C01250,DV01575,38.36,16
IN00155,C02461,DV01169,17.06,21
IN00156,C02606,DV00393,16.00,1
IN00157,C01735,DV00358,39.58,8
IN00158,C02532,DV01196,6.73,9
IN00159,C01014,DV01118,24.96,9
IN00160,C02906,DV00167,44.96,15
IN00161,C01705,DV01436,27.66,0
IN00162,C02094,DV00090,11.47,20
IN00163,C02416,DV01184,11.29,18
IN00164,C02602,DV01623,23.10,9
IN00165,C01421,DV01369,8.61,21
IN00166,C02302,DV01098,19.38,20
IN00167,C01109,DV01646,43.64,21
IN00168,C02159,DV00209,39.84,0
IN00169,C01993,DV01573,44.28,14
IN00170,C02434,DV00303,36.20,2
IN00171,C01602,DV01398,24.54,16
IN00172,C01817,DV00180,20.44,5
IN00173,C01202,DV00761,26.27,20
IN00174,C01201,DV00996,12.54,0
IN00175,C01797,DV01508,39.44,12
IN00176,C02694,DV01514,12.63,5
IN00177,C01109,DV00575,5.84,3
IN00178,C01636,DV00107,33.84,5
IN00179,C01476,DV00173,24.43,16
IN00180,C02414,DV01633,21.24,20
IN00181,C02260,DV01741,27.54,3
IN00182,C01782,DV01315,9.69,11
IN00183,C02304,DV00036,16.55,9
IN00184,C01943,DV00703,11.70,21
IN00185,C01327,DV01553,25.74,7
IN00186,C01670,DV01280,38.43,14
IN00187,C01178,DV01615,43.90,23
IN00188,C02851,DV01247,17.59,16
IN00189,C01231,DV00404,5.14,21
IN00190,C01070,DV01370,7.73,23
IN00191,C02558,DV00683,19.41,2
IN00192,C02717,DV00813,8.62,3
IN00193,C02154,DV00797,28.59,24
IN00194,C01203,DV00745,17.37,9
IN00195,C02343,DV00863,31.33,16
IN00196,C02644,DV00289,26.10,0
IN00197,C01378,DV00100,24.43,24
IN00198,C01117,DV00322,9.42,9
IN00199,C01924,DV00843,19.04,13
IN00200,C02276,DV01614,34.90,4
IN00201,C02724,DV00647,11.38,13
IN00202,C01744,DV00410,25.29,21
IN00203,C02007,DV01663,14.69,23
IN00204,C02146,DV00093,16.65,0
IN00205,C01703,DV01666,44.94,4
IN00206,C01753,DV01415,5.01,13
IN00207,C01002,DV00384,13.83,10
IN00208,C02061,DV00191,40.58,0
IN00209,C01003,DV00493,43.40,6
IN00210,C02257,DV00683,27.81,17
IN00211,C01745,DV01589,5.25,22
IN00212,C02397,DV00032,32.22,21
IN00213,C01970,DV00555,34.00,14
IN00214,C01275,DV00438,8.01,16
IN00215,C02386,DV01758,27.97,23
IN00216,C02241,DV01583,40.59,2
IN00217,C01015,DV00761,10.04,19
IN00218,C02729,DV00133,21.88,4
IN00219,C02995,DV01117,15.04,12
IN00220,C01086,DV00106,10.76,23
IN00221,C02433,DV00421,20.96,1
IN00222,C01747,DV01048,31.11,2
IN00223,C02151,DV01546,14.35,0
IN00224,C01869,DV00245,34.21,16
IN00225,C01042,DV00030,12.09,13
IN00226,C01451,DV01559,19.15,15
IN00227,C01662,DV00265,19.65,0
IN00228,C01607,DV00755,13.38,24
IN00229,C02665,DV01531,5.10,19
IN00230,C02567,DV00781,26.76,24
IN00231,C01771,DV00183,13.15,8
IN00232,C01228,DV01621,24.13,10
IN00233,C02954,DV00718,36.08,15
IN00234,C02115,DV00766,25.56,21
IN00235,C02121,DV01728,17.86,9
IN00236,C01624,DV00345,16.97,8
IN00237,C02834,DV01398,38.89,17
IN00238,C02237,DV00675,29.22,14
IN00239,C01728,DV01506,42.01,20
IN00240,C02078,DV00307,16.30,18
IN00241,C02267,DV00264,13.45,13
IN00242,C01851,DV01235,44.47,23
IN00243,C01387,DV01611,11.27,15
IN00244,C02788,DV00389,6.25,7
IN00245,C01164,DV00835,13.51,15
IN00246,C01404,DV01784,31.93,24
IN00247,C01783,DV01597,18.69,18
IN00248,C02146,DV01038,41.42,4
IN00249,C02948,DV00951,5.97,24
IN00250,C01774,DV00706,22.54,20
IN00251,C01906,DV00300,26.33,21
IN00252,C01169,DV01177,18.06,20
IN00253,C01795,DV01000,21.79,15
IN00254,C01691,DV01243,44.10,12
IN00255,C02100,DV00966,8.95,21
IN00256,C01478,DV00744,20.96,9
IN00257,C01241,DV01132,16.76,24
IN00258,C02763,DV01744,33.57,16
IN00259,C01067,DV00549,36.36,7
IN00260,C02486,DV01197,23.31,4
IN00261,C02852,DV00349,20.12,6
IN00262,C02234,DV00530,15.01,2
IN00263,C01318,DV00725,9.97,21
IN00264,C02655,DV00029,43.27,0
IN00265,C01423,DV00220,34.53,22
IN00266,C02819,DV00186,37.43,10
IN00267,C01716,DV01699,41.08,13
IN00268,C02603,DV01049,7.61,6
IN00269,C02224,DV00959,29.62,18
IN00270,C02985,DV01446,23.90,1
IN00271,C02680,DV00336,12.80,10
IN00272,C02833,DV01310,7.49,6
IN00273,C02984,DV01379,29.79,9
IN00274,C01760,DV00617,29.28,20
IN00275,C01140,DV00498,20.05,15
IN00276,C02248,DV00930,43.20,20
IN00277,C02229,DV01032,26.01,20
IN00278,C02175,DV00961,5.54,14
IN00279,C02369,DV01111,26.92,14
IN00280,C01627,DV01430,12.61,12
IN00281,C02668,DV01181,6.40,5
IN00282,C02101,DV01690,35.63,24
IN00283,C01185,DV01068,26.31,4
IN00284,C02997,DV01466,39.83,13
IN00285,C02703,DV00858,5.11,19
IN00286,C01148,DV00056,38.32,22
IN00287,C01613,DV01750,17.70,13
IN00288,C01097,DV00245,39.27,11
IN00289,C01345,DV00934,11.65,5
IN00290,C01923,DV00322,25.01,14
IN00291,C01020,DV00857,19.06,19
IN00292,C01494,DV01373,40.76,22
IN00293,C02573,DV01472,41.99,12
IN00294,C01190,DV01473,34.92,22
IN00295,C01088,DV01776,43.32,11
IN00296,C01774,DV00475,22.31,18
IN00297,C01192,DV01548,36.30,3
IN00298,C01084,DV00764,43.22,19
IN00299,C01276,DV01269,27.59,18
IN00300,C02441,DV00589,37.04,4
IN00301,C02511,DV00732,30.02,6
IN00302,C02117,DV00714,12.05,6
IN00303,C01705,DV00138,16.73,6
IN00304,C01999,DV01399,24.90,15
IN00305,C02502,DV00925,6.47,15
IN00306,C02803,DV00643,12.77,16
IN00307,C01554,DV00626,44.94,7
IN00308,C02926,DV00553,25.47,21
IN00309,C01948,DV01558,17.94,15
IN00310,C02143,DV00918,38.92,4
IN00311,C01999,DV01793,10.49,6
IN00312,C01696,DV00077,26.73,7
IN00313,C01517,DV00470,23.41,7
IN00314,C01444,DV00654,32.50,2
IN00315,C02728,DV01463,40.80,12
IN00316,C02671,DV00250,27.03,18
IN00317,C02635,DV01305,27.32,22
IN00318,C01826,DV00581,31.02,15
IN00319,C02414,DV01457,15.78,21
IN00320,C01210,DV00283,23.49,0
IN00321,C01713,DV00838,32.80,0
IN00322,C02270,DV01477,35.55,11
IN00323,C01780,DV01059,18.71,0
IN00324,C01274,DV00468,32.29,9
IN00325,C01894,DV00346,19.33,19
IN00326,C02553,DV00690,7.05,8
IN00327,C01414,DV00725,22.74,9
IN00328,C01399,DV01733,12.90,18
IN00329,C01241,DV01128,10.24,5
IN00330,C02673,DV01273,43.52,16
IN00331,C02440,DV00763,44.87,21
IN00332,C01206,DV01469,15.98,9
IN00333,C01301,DV00880,10.08,2
IN00334,C01175,DV00355,17.78,11
IN00335,C02692,DV00594,18.84,7
IN00336,C01492,DV01552,39.81,4
IN00337,C01681,DV01008,42.93,17
IN00338,C02972,DV00966,16.47,0
IN00339,C01748,DV01567,13.88,19
IN00340,C01110,DV00684,5.47,10
IN00341,C01586,DV01271,39.49,23
IN00342,C01709,DV00634,31.30,7
IN00343,C01549,DV00819,7.60,16
IN00344,C02374,DV00569,32.49,12
IN00345,C01717,DV01455,14.16,21
IN00346,C01457,DV00933,10.62,11
IN00347,C01089,DV01354,37.11,21
IN00348,C02184,DV00023,27.30,7
IN00349,C01416,DV01347,19.23,18
IN00350,C01235,DV00028,33.76,11
IN00351,C02100,DV00439,13.43,2
IN00352,C02223,DV00513,38.81,10
IN00353,C01872,DV00781,35.38,13
IN00354,C02238,DV00528,23.14,6
IN00355,C02189,DV01752,20.56,14
IN00356,C02026,DV00882,25.45,14
IN00357,C01815,DV00499,22.29,10
IN00358,C02870,DV01406,29.48,19
IN00359,C01652,DV00804,11.44,17
IN00360,C01767,DV01495,19.29,6
IN00361,C01045,DV00950,14.96,12
IN00362,C02131,DV01783,44.91,8
IN00363,C02252,DV00220,7.21,19
IN00364,C02244,DV01192,29.80,10
IN00365,C01913,DV01508,13.04,17
IN00366,C01057,DV00895,6.64,16
IN00367,C02674,DV00324,15.72,13
IN00368,C02699,DV00482,12.90,9
IN00369,C02515,DV01239,33.11,12
IN00370,C01546,DV01231,9.06,12
IN00371,C01541,DV00269,18.54,19
IN00372,C01784,DV00793,6.11,12
IN00373,C01729,DV00009,28.62,19
IN00374,C01388,DV00857,10.97,14
IN00375,C01141,DV00022,13.81,8
IN00376,C02351,DV00281,40.31,1
IN00377,C01541,DV01467,16.54,9
IN00378,C02392,DV00304,33.21,10
IN00379,C02581,DV00575,18.65,15
IN00380,C02629,DV01290,26.24,16
IN00381,C01417,DV01407,19.12,23
IN00382,C02226,DV01139,24.96,10
IN00383,C02329,DV01507,25.64,15
IN00384,C01390,DV00617,32.14,8
IN00385,C01118,DV01528,10.72,22
IN00386,C02121,DV01118,14.80,18
IN00387,C02197,DV00164,24.71,18
IN00388,C01505,DV01215,5.01,16
IN00389,C01908,DV01604,19.47,17
IN00390,C02845,DV00761,44.65,13
IN00391,C02962,DV00176,44.38,10
IN00392,C02932,DV01128,42.80,14
IN00393,C01010,DV00656,16.57,6
IN00394,C02591,DV01571,13.91,1
IN00395,C02053,DV00928,9.78,2
IN00396,C02636,DV00912,41.31,9
IN00397,C02228,DV01522,39.57,23
IN00398,C02428,DV01332,36.12,14
IN00399,C01231,DV00491,14.68,17
IN00400,C02200,DV00948,27.78,3
IN00401,C01341,DV00386,21.86,3
IN00402,C02572,DV00713,31.40,1
IN00403,C02836,DV00453,38.85,23
IN00404,C01409,DV01783,44.66,20
IN00405,C02175,DV00263,15.22,21
IN00406,C02469,DV01404,30.25,20
IN00407,C02611,DV00122,43.35,0
IN00408,C02084,DV00444,13.71,24
IN00409,C02419,DV00465,29.99,14
IN00410,C02979,DV01256,34.92,20
IN00411,C02030,DV01770,8.93,3
IN00412,C02081,DV01507,30.97,7
IN00413,C02443,DV00363,10.10,8
IN00414,C02088,DV01727,44.16,2
IN00415,C02523,DV00659,6.24,2
IN00416,C02346,DV00308,31.52,7
IN00417,C02614,DV01305,5.51,9
IN00418,C01984,DV01193,25.89,1
IN00419,C01560,DV00187,44.24,3
IN00420,C02958,DV01319,33.91,24
IN00421,C01831,DV00074,40.46,12
IN00422,C01686,DV01394,31.20,18
IN00423,C01828,DV00719,29.15,9
IN00424,C02711,DV00697,31.87,18
IN00425,C02355,DV01646,29.89,2
IN00426,C01781,DV01637,39.85,5
IN00427,C01562,DV00113,30.57,17
IN00428,C01007,DV00660,29.59,24
IN00429,C02984,DV01691,26.38,9
IN00430,C02624,DV00712,25.89,4
IN00431,C02730,DV00816,26.87,2
IN00432,C02476,DV01503,16.05,0
IN00433,C01090,DV00112,31.91,10
IN00434,C01239,DV00858,34.85,11
IN00435,C01901,DV00526,7.13,14
IN00436,C01016,DV01615,19.00,24
IN00437,C01085,DV01039,42.78,24
IN00438,C02884,DV01451,13.77,5
IN00439,C01295,DV01187,30.88,5
IN00440,C02440,DV01159,20.91,19
IN00441,C02793,DV00014,36.34,8
IN00442,C01801,DV01368,27.24,7
IN00443,C01592,DV01460,16.30,13
IN00444,C01048,DV01742,11.54,4
IN00445,C01885,DV01220,22.60,13
IN00446,C02542,DV01430,14.60,11
IN00447,C01092,DV01636,29.83,14
IN00448,C02290,DV01014,14.38,11
IN00449,C01061,DV00711,25.54,0
IN00450,C02521,DV01155,13.82,0
IN00451,C01127,DV00245,29.78,7
IN00452,C01593,DV01332,37.36,10
IN00453,C02039,DV01476,15.76,16
IN00454,C02577,DV00683,44.52,13
IN00455,C01943,DV00033,30.68,10
IN00456,C02238,DV00685,13.22,0
IN00457,C02555,DV00673,6.14,16
IN00458,C01599,DV01030,10.97,4
IN00459,C01900,DV00252,30.47,3
IN00460,C02450,DV01188,24.50,15
IN00461,C02747,DV01709,33.05,12
IN00462,C02530,DV01400,34.95,13
IN00463,C01011,DV00391,43.62,12
IN00464,C02612,DV00586,7.06,11
IN00465,C02166,DV01075,23.94,6
IN00466,C01353,DV00873,37.07,10
IN00467,C02934,DV01091,38.92,16
IN00468,C01218,DV00990,43.45,2
IN00469,C02487,DV01436,14.64,9
IN00470,C01965,DV01383,43.90,9
IN00471,C02315,DV00049,27.27,14
IN00472,C02800,DV01265,34.94,15
IN00473,C02014,DV01682,9.95,18
IN00474,C01933,DV01695,30.42,4
IN00475,C02518,DV00024,39.83,20
IN00476,C01955,DV01201,11.51,4
IN00477,C01021,DV00511,41.21,4
IN00478,C02073,DV01051,10.83,24
IN00479,C01407,DV00100,25.25,8
IN00480,C02263,DV00503,19.77,6
IN00481,C01900,DV00138,36.06,4
IN00482,C01994,DV00085,37.10,8
IN00483,C02450,DV00917,11.56,2
IN00484,C01955,DV01700,41.38,8
IN00485,C02612,DV01755,21.74,16
IN00486,C02357,DV01757,28.78,12
IN00487,C02976,DV00423,9.31,18
IN00488,C02223,DV00667,34.47,10
IN00489,C01907,DV01742,28.31,12
IN00490,C01149,DV00693,15.32,6
IN00491,C01926,DV01541,24.70,17
IN00492,C02037,DV00768,13.53,17
IN00493,C02505,DV01070,15.54,10
IN00494,C01400,DV00910,13.59,5
IN00495,C02090,DV01196,9.62,7
IN00496,C02104,DV01496,20.59,14
IN00497,C01957,DV00548,12.92,23
IN00498,C02237,DV00239,33.31,9
IN00499,C01612,DV01095,6.52,18
IN00500,C02948,DV00395,15.72,21
IN00501,C01713,DV00272,24.77,7
IN00502,C01410,DV00724,40.76,3
IN00503,C02790,DV00463,39.25,6
IN00504,C02359,DV00012,11.09,13
IN00505,C01015,DV01203,13.59,2
IN00506,C01990,DV00882,6.99,8
IN00507,C01831,DV01535,12.75,8
IN00508,C01406,DV00910,7.68,11
IN00509,C01034,DV00839,13.22,12
IN00510,C01751,DV00905,5.39,20
IN00511,C01085,DV00101,31.53,6
IN00512,C02180,DV01161,24.20,14
IN00513,C01023,DV01377,12.08,23
IN00514,C02849,DV00174,26.95,0
IN00515,C01516,DV00546,14.41,21
IN00516,C01023,DV00527,34.49,2
IN00517,C01314,DV01563,10.74,18
IN00518,C01886,DV00704,35.11,23
IN00519,C02545,DV01625,28.23,6
IN00520,C01966,DV01101,37.68,7
IN00521,C02287,DV00007,19.38,13
IN00522,C01809,DV00839,11.31,2
IN00523,C01120,DV01015,19.58,4
IN00524,C02154,DV00029,22.52,6
IN00525,C02651,DV00217,32.59,1
IN00526,C02636,DV00841,25.17,3
IN00527,C01215,DV00485,28.02,14
IN00528,C01587,DV00640,10.80,20
IN00529,C01005,DV01386,32.96,7
IN00530,C01908,DV01242,37.06,19
IN00531,C02428,DV00176,20.86,24
IN00532,C02528,DV00458,10.00,6
IN00533,C01664,DV00538,10.61,8
IN00534,C02177,DV01329,33.74,10
IN00535,C02959,DV01155,17.65,8
IN00536,C02434,DV00849,14.70,23
IN00537,C02095,DV00873,28.72,8
IN00538,C02873,DV01072,33.03,12
IN00539,C02205,DV01208,18.58,23
IN00540,C02018,DV00789,42.78,2
IN00541,C02970,DV00492,10.15,17
IN00542,C02464,DV00743,10.73,19
IN00543,C02823,DV01452,28.49,6
IN00544,C02584,DV01468,26.84,15
IN00545,C02661,DV01646,32.41,5
IN00546,C02129,DV01012,20.72,19
IN00547,C02827,DV00136,44.75,3
IN00548,C01154,DV00249,23.81,18
IN00549,C01849,DV00560,8.30,3
IN00550,C01681,DV00356,17.74,13
IN00551,C01134,DV00128,29.72,22
IN00552,C02827,DV00465,8.98,1
IN00553,C01514,DV00323,41.18,18
IN00554,C01367,DV00732,26.36,9
IN00555,C02765,DV00558,28.71,7
IN00556,C02622,DV00039,6.02,15
IN00557,C01942,DV01707,7.66,17
IN00558,C01051,DV00411,22.37,7
IN00559,C02126,DV00306,9.24,10
IN00560,C02622,DV00939,42.13,12
IN00561,C01791,DV00050,20.83,15
IN00562,C02034,DV01186,32.30,9
IN00563,C01749,DV00916,34.18,8
IN00564,C02232,DV00454,40.97,2
IN00565,C02934,DV01203,24.30,19
IN00566,C01531,DV00130,10.44,17
IN00567,C02899,DV01075,33.34,17
IN00568,C02620,DV01584,7.63,9
IN00569,C02671,DV00620,41.74,3
IN00570,C01139,DV01200,33.78,12
IN00571,C02394,DV00049,38.30,19
IN00572,C01522,DV01523,41.34,24
IN00573,C01569,DV00841,44.56,14
IN00574,C02341,DV01063,30.03,1
IN00575,C01143,DV00065,15.62,20
IN00576,C02188,DV00351,18.96,0
IN00577,C01897,DV00616,22.52,1
IN00578,C02742,DV00040,6.65,16
IN00579,C02114,DV01490,22.55,18
IN00580,C01362,DV00996,40.69,3
IN00581,C02893,DV00776,15.72,1
IN00582,C02053,DV01512,14.06,16
IN00583,C01582,DV00714,28.97,8
IN00584,C02215,DV00892,39.67,21
IN00585,C02542,DV00985,16.68,15
IN00586,C01334,DV00257,42.16,17
IN00587,C01019,DV00107,31.83,2
IN00588,C02534,DV00423,27.76,14
IN00589,C02791,DV01233,6.53,1
IN00590,C01366,DV01250,38.81,2
IN00591,C02324,DV01671,25.20,18
IN00592,C01956,DV01024,32.95,8
IN00593,C02691,DV01524,8.85,19
IN00594,C01024,DV00550,5.22,8
IN00595,C02918,DV01720,21.97,22
IN00596,C02868,DV01064,39.92,24
IN00597,C01080,DV00042,14.62,3
IN00598,C01102,DV01057,24.88,14
IN00599,C02154,DV00835,5.80,5
IN00600,C02412,DV01087,20.82,19
IN00601,C01873,DV00740,11.29,1
IN00602,C02335,DV00221,38.46,13
IN00603,C01436,DV00174,37.82,16
IN00604,C02291,DV00581,20.58,10
IN00605,C02551,DV01693,41.44,14
IN00606,C02671,DV01411,22.22,3
IN00607,C02120,DV00839,17.14,5
IN00608,C01926,DV01730,22.21,17
IN00609,C01351,DV00196,13.60,17
IN00610,C01885,DV01174,33.84,18
IN00611,C02434,DV01619,24.85,18
IN00612,C02683,DV01066,21.16,2
IN00613,C01197,DV00325,36.18,10
IN00614,C01442,DV01099,40.81,21
IN00615,C02788,DV00208,43.20,14
IN00616,C02381,DV00196,33.63,15
IN00617,C01984,DV01215,44.81,10
IN00618,C02048,DV00655,37.36,15
IN00619,C02411,DV01589,39.01,3
IN00620,C01654,DV00680,33.85,1
IN00621,C02474,DV00971,31.48,18
IN00622,C02969,DV00456,26.51,16
IN00623,C02427,DV01360,29.96,10
IN00624,C01459,DV00225,10.55,14
IN00625,C01982,DV00872,27.98,24
IN00626,C01125,DV00537,29.03,23
IN00627,C01618,DV00991,34.26,10
IN00628,C01167,DV00921,44.65,4
IN00629,C01876,DV01169,32.80,20
IN00630,C01593,DV00789,40.75,22
IN00631,C01026,DV00180,38.25,7
IN00632,C02901,DV00636,34.04,21
IN00633,C02915,DV00828,15.00,22
IN00634,C01764,DV01767,39.78,1
IN00635,C01054,DV01214,33.60,14
IN00636,C01997,DV01455,23.35,15
IN00637,C01401,DV00659,13.07,0
IN00638,C02604,DV00141,12.89,14
IN00639,C02542,DV01302,27.85,5
IN00640,C02975,DV00434,35.00,12
IN00641,C01261,DV01010,38.90,9
IN00642,C02448,DV00301,17.69,11
IN00643,C01499,DV00958,29.72,22
IN00644,C01125,DV00470,42.51,24
IN00645,C01097,DV01130,34.48,10
IN00646,C01340,DV00473,18.51,22
IN00647,C02269,DV01338,5.76,20
IN00648,C01669,DV00070,19.24,18
IN00649,C02377,DV00503,7.39,4
IN00650,C02493,DV00413,17.22,6
IN00651,C02747,DV01288,27.61,1
IN00652,C02109,DV00450,6.56,0
IN00653,C02225,DV00860,41.45,1
IN00654,C01906,DV01192,10.75,20
IN00655,C01635,DV00468,16.18,20
IN00656,C01692,DV00093,29.63,13
IN00657,C01341,DV00375,13.74,2
IN00658,C01217,DV01293,36.37,3
IN00659,C02163,DV00082,37.70,19
IN00660,C01132,DV00865,8.57,4
IN00661,C01292,DV01534,39.60,4
IN00662,C01214,DV00736,6.07,8
IN00663,C01268,DV01312,9.99,4
IN00664,C02300,DV01556,9.31,3
IN00665,C01712,DV00571,32.78,15
IN00666,C01531,DV00199,28.24,14
IN00667,C01331,DV00620,16.87,14
IN00668,C02168,DV01482,21.16,15
IN00669,C01854,DV01205,30.53,13
IN00670,C01355,DV00535,30.35,9
IN00671,C01125,DV01541,6.32,2
IN00672,C02628,DV01566,5.44,9
IN00673,C01525,DV01257,19.34,6
IN00674,C02711,DV00149,21.91,19
IN00675,C02945,DV01446,24.16,3
IN00676,C01897,DV00411,38.43,19
IN00677,C02037,DV01132,10.43,14
IN00678,C02166,DV00776,10.64,18
IN00679,C02533,DV00148,8.08,9
IN00680,C01682,DV00196,42.18,10
IN00681,C01133,DV01489,11.29,14
IN00682,C02817,DV01361,15.67,12
IN00683,C02067,DV01608,43.01,15
IN00684,C02174,DV01182,10.09,12
IN00685,C01105,DV01640,19.46,14
IN00686,C02034,DV01722,32.49,24
IN00687,C02242,DV01767,42.59,17
IN00688,C01822,DV00779,41.04,21
IN00689,C02843,DV00154,27.65,9
IN00690,C01156,DV00460,38.76,16
IN00691,C02270,DV00851,38.81,20
IN00692,C01165,DV00370,24.25,3
IN00693,C01505,DV00515,10.39,16
IN00694,C01591,DV00372,29.81,21
IN00695,C01139,DV00917,9.50,16
IN00696,C01364,DV00392,44.09,10
IN00697,C01403,DV01688,38.66,7
IN00698,C01713,DV01615,10.51,0
IN00699,C01003,DV01281,39.47,6
IN00700,C02366,DV01626,42.99,12
IN00701,C01981,DV01087,27.65,21
IN00702,C02008,DV01072,26.76,15
IN00703,C02988,DV00299,32.36,18
IN00704,C02710,DV00708,16.11,22
IN00705,C02330,DV00401,9.34,10
IN00706,C01502,DV00918,39.77,5
IN00707,C02974,DV01139,7.85,14
IN00708,C02693,DV00774,12.91,4
IN00709,C01201,DV00728,5.05,7
IN00710,C01161,DV01636,15.95,5
IN00711,C02242,DV01220,40.51,10
IN00712,C01927,DV01225,11.61,4
IN00713,C01371,DV00362,41.85,5
IN00714,C02607,DV01053,32.35,4
IN00715,C02243,DV01645,11.73,20
IN00716,C01021,DV00978,42.94,1
IN00717,C02372,DV00438,40.54,1
IN00718,C02464,DV01719,39.28,3
IN00719,C02048,DV01381,8.58,1
IN00720,C01763,DV00398,24.07,24
IN00721,C02172,DV00392,10.26,15
IN00722,C02289,DV00337,7.54,11
IN00723,C02448,DV00047,14.52,1
IN00724,C02853,DV00748,13.10,0
IN00725,C02363,DV01486,18.62,10
IN00726,C02627,DV00732,12.96,5
IN00727,C02367,DV00769,18.58,24
IN00728,C01400,DV01121,14.36,18
IN00729,C02284,DV01690,7.42,1
IN00730,C02971,DV00717,30.15,2
IN00731,C01204,DV01257,28.80,22
IN00732,C01257,DV00016,30.77,9
IN00733,C01032,DV00623,28.39,5
IN00734,C01288,DV01661,13.68,21
IN00735,C02198,DV00051,10.45,19
IN00736,C02921,DV00360,20.72,17
IN00737,C01627,DV00967,6.60,18
IN00738,C02991,DV01715,39.09,23
IN00739,C01594,DV01643,28.16,9
IN00740,C02881,DV01784,26.08,14
IN00741,C02515,DV01611,36.79,5
IN00742,C01459,DV01319,40.64,3
IN00743,C01417,DV01377,19.25,18
IN00744,C01955,DV00141,23.94,4
IN00745,C02545,DV01358,44.40,17
IN00746,C01665,DV00312,10.15,20
IN00747,C02978,DV01313,43.59,7
IN00748,C02451,DV00147,20.77,19
IN00749,C01394,DV01255,22.10,9
IN00750,C02031,DV00606,17.40,9
IN00751,C02660,DV01388,8.09,15
IN00752,C01567,DV00754,17.77,8
IN00753,C02583,DV01507,9.23,19
IN00754,C01380,DV00508,7.29,2
IN00755,C02295,DV00234,8.53,0
IN00756,C01763,DV01761,40.67,4
IN00757,C01556,DV01138,34.85,8
IN00758,C02559,DV01342,6.65,1
IN00759,C01531,DV01387,14.33,12
IN00760,C01006,DV00076,6.40,8
IN00761,C02353,DV01510,18.73,12
IN00762,C02127,DV00851,14.58,5
IN00763,C02473,DV01403,17.99,7
IN00764,C02536,DV01283,22.08,10
IN00765,C02712,DV00200,32.45,4
IN00766,C02426,DV00019,44.93,7
IN00767,C02919,DV01285,26.87,5
IN00768,C01574,DV00856,12.38,10
IN00769,C01422,DV01791,44.92,17
IN00770,C01376,DV00408,43.17,24
IN00771,C02555,DV00773,41.09,8
IN00772,C01495,DV00453,27.07,12
IN00773,C02947,DV01251,11.03,17
IN00774,C01984,DV01309,19.57,24
IN00775,C01885,DV00514,34.41,6
IN00776,C02787,DV01798,33.32,9
IN00777,C01350,DV00511,11.72,24
IN00778,C02845,DV01279,33.52,13
IN00779,C01648,DV00318,24.31,5
IN00780,C01621,DV00621,20.40,23
IN00781,C02445,DV00135,5.03,19
IN00782,C01923,DV01710,17.91,1
IN00783,C02242,DV00414,6.88,20
IN00784,C02265,DV00027,19.45,2
IN00785,C01287,DV00382,36.63,22
IN00786,C01912,DV00129,5.75,22
IN00787,C01690,DV00709,33.46,6
IN00788,C02553,DV00302,27.32,22
IN00789,C01704,DV00315,41.12,11
IN00790,C01217,DV01233,39.73,10
IN00791,C02494,DV00553,31.82,22
IN00792,C01039,DV00947,42.82,11
IN00793,C01037,DV00287,18.77,24
IN00794,C01073,DV00791,34.89,14
IN00795,C01286,DV01034,14.25,22
IN00796,C02203,DV00443,36.39,15
IN00797,C01408,DV00188,12.39,15
IN00798,C02355,DV01085,9.50,10
IN00799,C01783,DV00779,5.21,1
IN00800,C02400,DV01281,11.95,6
IN00801,C01168,DV01300,41.72,8
IN00802,C01349,DV01462,42.68,7
IN00803,C02912,DV00967,33.38,18
IN00804,C02241,DV00007,38.55,21
IN00805,C01713,DV00501,10.71,13
IN00806,C02680,DV00637,41.50,22
IN00807,C01747,DV01395,23.31,12
IN00808,C01787,DV01716,10.80,12
IN00809,C01693,DV00308,25.77,1
IN00810,C02099,DV01289,42.99,20
IN00811,C02782,DV00280,12.72,9
IN00812,C02493,DV01211,26.27,24
IN00813,C01392,DV00561,20.42,1
IN00814,C02816,DV01323,5.62,5
IN00815,C02541,DV00169,13.35,8
IN00816,C02396,DV01188,42.05,21
IN00817,C01486,DV01474,35.05,13
IN00818,C01096,DV00188,21.97,9
IN00819,C01243,DV01063,22.35,20
IN00820,C02307,DV01150,11.03,7
IN00821,C02148,DV00041,39.11,24
IN00822,C02898,DV01644,25.77,21
IN00823,C02181,DV00727,10.60,12
IN00824,C01893,DV01732,14.42,20
IN00825,C01649,DV01483,42.75,17
IN00826,C01696,DV00995,11.63,9
IN00827,C02355,DV01543,30.25,12
IN00828,C02055,DV00172,37.14,19
IN00829,C02744,DV00296,41.92,0
IN00830,C02841,DV00323,18.78,20
IN00831,C02691,DV00115,28.51,7
IN00832,C02324,DV01691,24.37,20
IN00833,C02248,DV00709,41.91,19
IN00834,C02392,DV00993,43.24,23
IN00835,C01560,DV00086,30.04,19
IN00836,C01185,DV01264,19.85,22
IN00837,C02909,DV00024,37.14,17
IN00838,C01202,DV00065,22.87,22
IN00839,C01861,DV00272,18.11,17
IN00840,C02947,DV01064,35.92,0
IN00841,C01007,DV00498,25.13,23
IN00842,C02439,DV00833,35.17,7
IN00843,C01346,DV01287,27.42,16
IN00844,C02040,DV00236,31.20,23
IN00845,C01908,DV00290,30.25,22
IN00846,C01470,DV00037,23.82,3
IN00847,C01258,DV00859,14.80,18
IN00848,C02217,DV01695,6.88,20
IN00849,C02062,DV00234,15.54,20
IN00850,C01415,DV00813,28.24,17
IN00851,C01031,DV00733,29.60,19
IN00852,C01595,DV01214,21.40,12
IN00853,C01606,DV00132,37.84,7
IN00854,C02381,DV00623,22.08,12
IN00855,C01721,DV00167,6.03,3
IN00856,C01084,DV01084,27.52,21
IN00857,C01636,DV00579,8.43,24
IN00858,C02112,DV00138,19.27,2
IN00859,C02130,DV00581,42.74,19
IN00860,C02164,DV00947,15.50,18
IN00861,C02205,DV00235,15.14,15
IN00862,C01817,DV00084,41.56,5
IN00863,C01157,DV01571,26.48,19
IN00864,C02339,DV01480,39.25,19
IN00865,C01755,DV01222,38.52,22
IN00866,C02510,DV00403,15.93,3
IN00867,C01671,DV00747,40.74,16
IN00868,C02391,DV00385,21.32,22
IN00869,C02101,DV00874,30.79,14
IN00870,C01211,DV00191,18.19,12
IN00871,C01318,DV01253,24.18,9
IN00872,C01995,DV01206,16.13,16
IN00873,C02964,DV01680,9.13,8
IN00874,C02612,DV00185,24.63,3
IN00875,C02867,DV00617,11.14,2
IN00876,C02373,DV01711,36.17,22
IN00877,C01947,DV01230,28.16,16
IN00878,C02859,DV00889,43.80,7
IN00879,C01449,DV01542,5.98,6
IN00880,C01810,DV01539,25.44,12
IN00881,C02016,DV00550,17.00,22
IN00882,C02428,DV01344,36.23,9
IN00883,C01559,DV00982,31.51,10
IN00884,C02271,DV00079,30.36,19
IN00885,C02155,DV00859,24.00,24
IN00886,C01018,DV00711,10.16,18
IN00887,C02356,DV01124,10.35,7
IN00888,C02052,DV00851,23.09,17
IN00889,C02715,DV01102,27.56,17
IN00890,C02823,DV00827,14.09,8
IN00891,C01191,DV00956,21.44,15
IN00892,C01245,DV01567,5.28,16
IN00893,C02544,DV00596,34.73,2
IN00894,C01515,DV00624,44.03,12
IN00895,C02330,DV01457,27.84,20
IN00896,C02763,DV00808,6.31,8
IN00897,C02410,DV01023,11.52,8
IN00898,C01377,DV00068,22.84,6
IN00899,C02199,DV00811,14.47,0
IN00900,C02828,DV00614,5.83,17
IN00901,C01591,DV00862,22.76,22
IN00902,C02841,DV01262,10.84,19
IN00903,C01173,DV01751,22.35,1
IN00904,C02352,DV00177,8.51,10
IN00905,C02943,DV01170,18.11,2
IN00906,C02262,DV00502,29.29,8
IN00907,C02871,DV00505,35.73,4
IN00908,C02488,DV01188,37.42,14
IN00909,C02555,DV01048,9.96,20
IN00910,C02140,DV01413,41.02,14
IN00911,C02695,DV01334,7.13,6
IN00912,C02838,DV00873,21.50,3
IN00913,C02700,DV01626,42.76,0
IN00914,C02687,DV00927,7.08,16
IN00915,C02509,DV01618,11.61,2
IN00916,C01026,DV00851,36.24,24
IN00917,C01153,DV00851,13.35,19
IN00918,C02301,DV00441,27.19,2
IN00919,C02540,DV00443,18.03,3
IN00920,C01949,DV01055,39.58,15
IN00921,C02799,DV01777,33.20,14
IN00922,C01089,DV00203,6.34,13
IN00923,C02800,DV01656,22.94,17
IN00924,C02496,DV00021,6.37,6
IN00925,C02577,DV01190,30.01,0
IN00926,C02393,DV00773,37.42,5
IN00927,C02930,DV01553,6.08,12
IN00928,C02801,DV00593,16.30,0
IN00929,C02601,DV01062,9.34,20
IN00930,C02722,DV01696,14.53,6
IN00931,C02619,DV00832,8.94,2
IN00932,C02926,DV00486,29.56,12
IN00933,C01450,DV01340,27.39,24
IN00934,C02686,DV01613,30.88,10
IN00935,C02691,DV00717,36.72,7
IN00936,C01645,DV00406,35.25,15
IN00937,C02568,DV00858,44.91,23
IN00938,C02534,DV01670,22.56,6
IN00939,C02240,DV01306,6.58,6
IN00940,C02712,DV00011,21.14,2
IN00941,C02098,DV00275,44.89,12
IN00942,C02432,DV01701,15.51,23
IN00943,C02850,DV00519,21.40,13
IN00944,C02607,DV01648,21.92,0
IN00945,C01786,DV00056,25.90,4
IN00946,C02153,DV00024,35.47,2
IN00947,C02032,DV00976,15.41,1
IN00948,C02107,DV00316,13.83,8
IN00949,C02556,DV00252,18.63,9
IN00950,C02480,DV01274,25.12,20
IN00951,C01891,DV00710,20.25,4
IN00952,C01878,DV00198,5.49,8
IN00953,C02596,DV00028,25.52,0
IN00954,C01456,DV00086,16.67,6
IN00955,C02301,DV00373,14.52,16
IN00956,C01114,DV00892,36.81,19
IN00957,C01567,DV00961,7.19,23
IN00958,C01181,DV00244,40.33,9
IN00959,C02250,DV00606,14.36,11
IN00960,C01704,DV01310,44.71,10
IN00961,C01546,DV01379,13.67,18
IN00962,C01195,DV01321,19.62,20
IN00963,C01002,DV01072,14.75,5
IN00964,C01822,DV00007,29.69,22
IN00965,C02233,DV01267,40.91,3
IN00966,C01668,DV00648,16.52,5
IN00967,C02368,DV01639,44.22,2
IN00968,C02210,DV00772,21.07,9
IN00969,C02983,DV00496,34.32,10
IN00970,C02874,DV01217,15.00,5
IN00971,C02750,DV00069,31.29,24
IN00972,C02208,DV00775,40.70,23
IN00973,C02513,DV00975,6.32,20
IN00974,C02486,DV00542,10.50,8
IN00975,C01501,DV00286,19.58,13
IN00976,C02667,DV01423,17.09,11
IN00977,C01075,DV00742,22.92,4
IN00978,C01659,DV01596,10.05,3
IN00979,C01212,DV00737,27.97,13
IN00980,C01732,DV01326,7.79,1
IN00981,C02441,DV01660,11.06,19
IN00982,C02830,DV01318,42.23,6
IN00983,C01126,DV01553,29.09,9
IN00984,C01157,DV00755,8.16,20
IN00985,C01511,DV00826,29.23,19
IN00986,C02480,DV01695,12.74,22
IN00987,C01965,DV00109,12.61,18
IN00988,C02104,DV01393,14.15,16
IN00989,C01623,DV00176,26.59,18
IN00990,C02451,DV00244,30.89,0
IN00991,C01671,DV01542,44.12,22
IN00992,C02997,DV01520,40.67,14
IN00993,C02003,DV01644,28.09,21
IN00994,C02649,DV00181,27.91,21
IN00995,C02044,DV00968,36.47,21
IN00996,C02788,DV01521,39.39,1
IN00997,C02810,DV00710,11.76,20
IN00998,C01220,DV01110,38.08,16
IN00999,C02572,DV00309,35.90,12
IN01000,C02368,DV00689,35.98,23
IN01001,C02147,DV01227,35.29,17
IN01002,C02632,DV00439,25.20,15
IN01003,C01923,DV01601,24.26,20
IN01004,C01210,DV01687,6.51,6
IN01005,C01386,DV01132,13.07,14
IN01006,C01620,DV01027,37.33,10
IN01007,C02346,DV01179,6.31,15
IN01008,C02082,DV00411,34.48,10
IN01009,C01787,DV00526,34.02,20
IN01010,C02613,DV00785,27.66,13
IN01011,C02229,DV01436,33.53,20
IN01012,C02764,DV00133,29.20,16
IN01013,C02459,DV01569,42.64,8
IN01014,C01335,DV01090,13.82,13
IN01015,C02960,DV01312,30.96,13
IN01016,C01457,DV00277,5.31,24
IN01017,C02068,DV01198,28.29,13
IN01018,C01691,DV01662,33.71,18
IN01019,C02336,DV00669,28.80,18
IN01020,C01753,DV01789,9.93,20
IN01021,C01223,DV00305,8.07,9
IN01022,C01680,DV01771,30.87,18
IN01023,C02218,DV01181,7.49,11
IN01024,C02847,DV00660,21.70,15
IN01025,C01850,DV01332,32.89,2
IN01026,C02131,DV00619,32.04,21
IN01027,C02996,DV01198,31.25,24
IN01028,C01220,DV00311,26.50,5
IN01029,C02953,DV00597,14.71,15
IN01030,C01996,DV01174,12.53,17
IN01031,C01446,DV01032,30.57,18
IN01032,C02738,DV01796,34.90,3
IN01033,C02817,DV01710,15.14,14
IN01034,C02360,DV01585,22.97,8
IN01035,C02544,DV01078,36.52,13
IN01036,C01394,DV01755,37.55,5
IN01037,C02536,DV01639,21.29,9
IN01038,C01175,DV00245,21.53,2
IN01039,C02188,DV01579,28.94,18
IN01040,C01716,DV01528,23.30,9
IN01041,C01409,DV01727,34.19,13
IN01042,C01408,DV01240,35.74,8
IN01043,C02205,DV00021,12.44,21
IN01044,C01914,DV01475,6.03,13
IN01045,C02544,DV01674,5.24,1
IN01046,C01025,DV00593,17.08,1
IN01047,C02583,DV01376,5.98,18
IN01048,C02502,DV01252,13.41,24
IN01049,C01353,DV01083,37.77,3
IN01050,C01232,DV01028,28.37,12
IN01051,C02807,DV01450,15.81,0
IN01052,C02823,DV00651,21.25,5
IN01053,C02017,DV00977,42.11,12
IN01054,C02965,DV00642,32.40,2
IN01055,C02381,DV01697,28.56,13
IN01056,C02097,DV01549,17.53,16
IN01057,C01905,DV00088,23.88,24
IN01058,C02875,DV00150,26.77,16
IN01059,C01891,DV00951,38.26,8
IN01060,C01645,DV01606,44.88,4
IN01061,C01579,DV00292,20.27,10
IN01062,C02249,DV00812,9.58,23
IN01063,C01878,DV01349,38.67,20
IN01064,C02940,DV01304,32.05,18
IN01065,C01285,DV00600,21.44,2
IN01066,C01528,DV00421,24.26,6
IN01067,C01587,DV01071,18.14,23
IN01068,C01442,DV01361,43.49,12
IN01069,C02505,DV01343,14.69,11
IN01070,C01112,DV01421,33.60,10
IN01071,C02553,DV00132,9.87,24
IN01072,C02088,DV00242,6.53,17
IN01073,C02580,DV01538,18.28,13
IN01074,C02781,DV00729,44.79,9
IN01075,C02612,DV00896,31.08,0
IN01076,C02737,DV00057,34.75,4
IN01077,C02435,DV00173,6.39,9
IN01078,C02741,DV01246,15.63,16
IN01079,C02122,DV01388,8.05,5
IN01080,C02916,DV01780,23.92,4
IN01081,C01116,DV00498,34.84,14
IN01082,C01243,DV00101,41.12,0
IN01083,C02772,DV01598,10.91,1
IN01084,C02147,DV01345,26.06,4
IN01085,C02355,DV00689,32.09,0
IN01086,C01307,DV00067,28.91,1
IN01087,C02922,DV01287,5.11,10
IN01088,C01245,DV00575,25.74,2
IN01089,C01015,DV00822,37.30,18
IN01090,C02205,DV01422,26.01,21
IN01091,C01973,DV00013,36.26,18
IN01092,C02657,DV00096,27.00,8
IN01093,C01179,DV00173,34.01,23
IN01094,C01553,DV01404,34.92,6
IN01095,C02837,DV01300,29.60,16
IN01096,C02695,DV01040,28.14,1
IN01097,C02371,DV00560,16.58,1
IN01098,C02342,DV00262,36.54,12
IN01099,C01634,DV00876,30.19,23
IN01100,C02962,DV01175,24.92,21
IN01101,C02937,DV00858,40.08,13
IN01102,C02487,DV00350,21.91,14
IN01103,C02559,DV00875,22.54,20
IN01104,C02988,DV01783,23.13,4
IN01105,C01130,DV00527,19.36,9
IN01106,C02611,DV00733,38.30,15
IN01107,C01667,DV01009,42.84,3
IN01108,C01711,DV01121,17.14,13
IN01109,C02505,DV00802,5.90,9
IN01110,C01391,DV00395,34.51,22
IN01111,C02239,DV00592,16.99,0
IN01112,C02866,DV01041,32.34,16
IN01113,C01337,DV00271,7.48,3
IN01114,C01141,DV00827,30.64,11
IN01115,C02290,DV01634,26.16,2
IN01116,C02932,DV01397,7.14,17
IN01117,C02934,DV01658,44.32,12
IN01118,C02531,DV00243,35.91,12
IN01119,C01264,DV01452,33.17,10
IN01120,C02405,DV00145,7.07,16
IN01121,C01871,DV01055,36.80,9
IN01122,C01642,DV00571,29.83,13
IN01123,C01593,DV01001,32.59,9
IN01124,C01030,DV01414,42.30,15
IN01125,C02542,DV01035,10.18,7
IN01126,C01531,DV00350,8.84,21
IN01127,C01577,DV00080,22.05,12
IN01128,C02915,DV00858,40.55,2
IN01129,C02617,DV00047,5.94,3
IN01130,C02873,DV00534,26.18,24
IN01131,C02316,DV00908,10.03,11
IN01132,C02053,DV01187,6.45,19
IN01133,C01973,DV00645,34.20,24
IN01134,C02278,DV00334,41.52,13
IN01135,C02209,DV01618,44.00,0
IN01136,C02795,DV01741,20.76,19
IN01137,C01611,DV00665,42.68,4
IN01138,C02599,DV00959,14.77,24
IN01139,C02405,DV01032,28.98,17
IN01140,C02177,DV00011,30.74,8
IN01141,C01522,DV00451,11.40,8
IN01142,C01245,DV01374,14.80,2
IN01143,C01775,DV01169,40.28,15
IN01144,C01100,DV01123,31.83,8
IN01145,C01657,DV01502,38.27,8
IN01146,C01116,DV00417,42.63,10
IN01147,C01487,DV00411,21.23,24
IN01148,C02376,DV00052,22.72,19
IN01149,C02455,DV01362,23.02,3
IN01150,C02021,DV00156,40.23,3
IN01151,C02644,DV01266,13.65,9
IN01152,C01106,DV00731,6.76,21
IN01153,C01577,DV00758,27.04,8
IN01154,C01268,DV01685,30.42,8
IN01155,C01623,DV00646,8.31,18
IN01156,C01988,DV00685,6.86,8
IN01157,C01456,DV01376,7.51,15
IN01158,C02365,DV01009,29.49,20
IN01159,C01980,DV00651,18.36,7
IN01160,C02647,DV00583,18.07,1
IN01161,C02692,DV00378,40.01,15
IN01162,C01802,DV01199,17.38,20
IN01163,C01166,DV00328,38.84,2
IN01164,C01192,DV00113,30.31,1
IN01165,C02888,DV01562,28.25,7
IN01166,C01915,DV00271,6.18,8
IN01167,C02490,DV01525,17.72,4
IN01168,C01381,DV00859,18.76,10
IN01169,C01274,DV00812,6.52,17
IN01170,C01794,DV00677,10.35,18
IN01171,C01896,DV00835,14.63,23
IN01172,C02760,DV00261,19.37,5
IN01173,C02303,DV00660,13.86,11
IN01174,C02300,DV01067,6.51,20
IN01175,C02439,DV00957,34.96,9
IN01176,C01496,DV01101,37.32,23
IN01177,C02886,DV00248,13.43,9
IN01178,C02016,DV00876,21.87,13
IN01179,C01970,DV00674,40.32,5
IN01180,C02776,DV00761,27.55,1
IN01181,C02655,DV01429,6.26,19
IN01182,C01086,DV01553,17.59,18
IN01183,C02614,DV00748,22.63,23
IN01184,C01150,DV00522,42.74,1
IN01185,C02701,DV00174,7.07,1
IN01186,C01606,DV01082,41.99,11
IN01187,C01165,DV01165,18.20,11
IN01188,C01678,DV00460,44.99,9
IN01189,C02645,DV01665,42.17,1
IN01190,C01609,DV00709,6.15,5
IN01191,C02122,DV00232,27.81,19
IN01192,C02369,DV01180,29.24,20
IN01193,C01057,DV00471,11.15,5
IN01194,C01987,DV01724,19.85,3
IN01195,C02297,DV00239,14.76,14
IN01196,C01514,DV00166,24.71,4
IN01197,C02567,DV00172,30.61,2
IN01198,C02338,DV01730,17.95,14
IN01199,C02141,DV00429,29.27,6
IN01200,C02389,DV01292,13.82,16
