invoice_id,subscription_id,cycle,total_usd
IV000001,S01320,2025-02,74.68
IV000002,S01047,2025-02,184.13
IV000003,S00462,2025-02,148.64
IV000004,S01951,2025-02,133.58
IV000005,S01943,2025-02,46.98
IV000006,S00054,2025-02,112.53
IV000007,S00932,2025-02,155.67
IV000008,S00383,2025-02,175.41
IV000009,S00634,2025-02,125.09
IV000010,S01104,2025-02,78.94
IV000011,S01647,2025-02,116.75
IV000012,S00514,2025-02,194.05
IV000013,S01509,2025-02,127.03
IV000014,S01207,2025-02,108.46
IV000015,S01738,2025-02,49.71
IV000016,S01806,2025-02,39.91
IV000017,S01559,2025-02,190.03
IV000018,S01676,2025-02,47.98
IV000019,S00004,2025-02,87.77
IV000020,S01605,2025-02,20.99
IV000021,S00982,2025-02,72.13
IV000022,S01370,2025-02,117.00
IV000023,S00181,2025-02,88.64
IV000024,S00474,2025-02,182.11
IV000025,S00803,2025-02,31.07
IV000026,S00929,2025-02,78.37
IV000027,S01133,2025-02,105.10
IV000028,S01009,2025-02,60.06
IV000029,S00235,2025-02,55.44
IV000030,S00988,2025-02,29.54
IV000031,S01739,2025-02,87.48
IV000032,S00582,2025-02,148.81
IV000033,S00793,2025-02,87.60
IV000034,S01224,2025-02,174.37
IV000035,S01176,2025-02,107.09
IV000036,S01238,2025-02,74.99
IV000037,S01253,2025-02,115.53
IV000038,S00733,2025-02,80.51
IV000039,S01596,2025-02,68.33
IV000040,S00678,2025-02,92.13
IV000041,S01021,2025-02,191.41
IV000042,S01480,2025-02,125.18
IV000043,S01624,2025-02,179.22
IV000044,S01663,2025-02,76.78
IV000045,S00033,2025-02,90.36
IV000046,S01969,2025-02,191.13
IV000047,S01090,2025-02,187.94
IV000048,S00620,2025-02,193.63
IV000049,S01339,2025-02,155.87
IV000050,S01952,2025-02,43.85
IV000051,S00650,2025-02,71.94
IV000052,S01868,2025-02,39.66
IV000053,S00105,2025-02,149.48
IV000054,S00599,2025-02,65.17
IV000055,S01891,2025-02,93.53
IV000056,S00608,2025-02,107.83
IV000057,S01223,2025-02,168.45
IV000058,S00242,2025-02,147.63
IV000059,S00682,2025-02,97.27
IV000060,S01160,2025-02,149.84
IV000061,S01543,2025-02,103.25
IV000062,S00577,2025-02,28.01
IV000063,S00623,2025-02,110.32
IV000064,S00500,2025-02,189.34
IV000065,S01956,2025-02,131.93
IV000066,S00394,2025-02,42.43
IV000067,S00862,2025-02,103.89
IV000068,S01750,2025-02,139.83
IV000069,S01600,2025-02,46.80
IV000070,S01011,2025-02,32.15
IV000071,S00523,2025-02,134.77
IV000072,S00924,2025-02,70.51
IV000073,S00857,2025-02,56.41
IV000074,S01732,2025-02,74.69
IV000075,S00392,2025-02,39.21
IV000076,S00996,2025-02,135.80
IV000077,S00417,2025-02,84.73
IV000078,S00992,2025-02,78.52
IV000079,S01197,2025-02,21.94
IV000080,S01714,2025-02,156.72
IV000081,S01600,2025-02,91.05
IV000082,S01271,2025-02,87.10
IV000083,S01551,2025-02,86.20
IV000084,S00902,2025-02,125.52
IV000085,S00283,2025-02,140.88
IV000086,S01751,2025-02,131.72
IV000087,S01446,2025-02,58.03
IV000088,S01005,2025-02,191.74
IV000089,S00961,2025-02,115.88
IV000090,S01067,2025-02,87.08
IV000091,S01972,2025-02,148.05
IV000092,S01096,2025-02,42.09
IV000093,S01286,2025-02,197.25
IV000094,S00645,2025-02,53.96
IV000095,S01629,2025-02,154.98
IV000096,S01046,2025-02,141.11
IV000097,S01842,2025-02,119.59
IV000098,S01650,2025-02,98.07
IV000099,S00200,2025-02,47.57
IV000100,S00047,2025-02,156.02
IV000101,S00110,2025-02,150.52
IV000102,S01686,2025-02,61.03
IV000103,S01993,2025-02,91.76
IV000104,S00472,2025-02,146.30
IV000105,S01758,2025-02,191.66
IV000106,S01920,2025-02,113.06
IV000107,S01526,2025-02,145.78
IV000108,S01127,2025-02,26.54
IV000109,S00861,2025-02,93.60
IV000110,S00550,2025-02,28.87
IV000111,S01069,2025-02,89.90
IV000112,S00231,2025-02,194.59
IV000113,S01045,2025-02,136.11
IV000114,S01822,2025-02,138.84
IV000115,S01110,2025-02,183.00
IV000116,S00193,2025-02,100.33
IV000117,S01863,2025-02,43.31
IV000118,S01337,2025-02,34.80
IV000119,S00907,2025-02,153.48
IV000120,S00107,2025-02,170.46
IV000121,S01425,2025-02,82.27
IV000122,S01769,2025-02,123.50
IV000123,S01138,2025-02,75.89
IV000124,S00111,2025-02,57.63
IV000125,S01834,2025-02,69.41
IV000126,S00360,2025-02,100.56
IV000127,S00739,2025-02,159.13
IV000128,S01763,2025-02,101.46
IV000129,S01865,2025-02,51.65
IV000130,S01297,2025-02,184.53
IV000131,S01003,2025-02,76.79
IV000132,S00348,2025-02,132.51
IV000133,S00771,2025-02,30.28
IV000134,S01834,2025-02,137.96
IV000135,S00729,2025-02,49.10
IV000136,S01671,2025-02,166.40
IV000137,S01432,2025-02,184.95
IV000138,S01472,2025-02,59.22
IV000139,S00757,2025-02,69.87
IV000140,S01751,2025-02,171.89
IV000141,S01540,2025-02,64.34
IV000142,S00894,2025-02,46.08
IV000143,S00717,2025-02,46.22
IV000144,S01430,2025-02,76.42
IV000145,S01036,2025-02,108.40
IV000146,S00544,2025-02,83.47
IV000147,S01215,2025-02,74.06
IV000148,S01251,2025-02,161.93
IV000149,S01147,2025-02,171.35
IV000150,S01934,2025-02,48.52
IV000151,S00098,2025-02,168.72
IV000152,S00053,2025-02,71.49
IV000153,S01249,2025-02,128.33
IV000154,S00583,2025-02,32.96
IV000155,S00129,2025-02,39.80
IV000156,S00479,2025-02,71.39
IV000157,S01622,2025-02,101.80
IV000158,S00761,2025-02,183.90
IV000159,S00829,2025-02,65.85
IV000160,S00414,2025-02,134.54
IV000161,S01115,2025-02,67.18
IV000162,S01750,2025-02,172.43
IV000163,S01483,2025-02,86.66
IV000164,S00860,2025-02,185.91
IV000165,S00915,2025-02,54.54
IV000166,S00131,2025-02,54.50
IV000167,S01943,2025-02,102.46
IV000168,S00880,2025-02,91.88
IV000169,S00362,2025-02,163.73
IV000170,S00841,2025-02,107.46
IV000171,S01058,2025-02,57.56
IV000172,S00625,2025-02,136.87
IV000173,S01653,2025-02,168.35
IV000174,S00957,2025-02,150.56
IV000175,S00517,2025-02,134.95
IV000176,S01698,2025-02,127.26
IV000177,S01190,2025-02,83.39
IV000178,S01230,2025-02,156.42
IV000179,S00556,2025-02,60.10
IV000180,S01404,2025-02,77.59
IV000181,S01387,2025-02,29.75
IV000182,S01877,2025-02,75.04
IV000183,S00600,2025-02,49.72
IV000184,S01358,2025-02,53.13
IV000185,S00476,2025-02,50.62
IV000186,S00883,2025-02,199.15
IV000187,S01205,2025-02,109.82
IV000188,S01300,2025-02,116.93
IV000189,S00176,2025-02,33.62
IV000190,S01467,2025-02,89.57
IV000191,S01594,2025-02,102.50
IV000192,S01381,2025-02,89.81
IV000193,S00381,2025-02,52.85
IV000194,S01018,2025-02,63.78
IV000195,S00955,2025-02,30.49
IV000196,S00146,2025-02,68.50
IV000197,S01995,2025-02,174.38
IV000198,S00491,2025-02,150.21
IV000199,S00344,2025-02,162.21
IV000200,S00040,2025-02,94.67
IV000201,S00011,2025-02,143.11
IV000202,S01824,2025-02,86.46
IV000203,S00908,2025-02,68.47
IV000204,S01732,2025-02,95.17
IV000205,S01970,2025-02,83.30
IV000206,S00012,2025-02,104.66
IV000207,S01258,2025-02,151.65
IV000208,S01997,2025-02,171.35
IV000209,S01610,2025-02,52.97
IV000210,S01866,2025-02,93.56
IV000211,S00476,2025-02,51.63
IV000212,S00220,2025-02,90.62
IV000213,S01779,2025-02,146.65
IV000214,S01496,2025-02,163.23
IV000215,S01884,2025-02,156.44
IV000216,S00924,2025-02,38.26
IV000217,S01946,2025-02,199.73
IV000218,S00039,2025-02,163.03
IV000219,S01537,2025-02,176.85
IV000220,S01302,2025-02,48.11
IV000221,S00233,2025-02,174.98
IV000222,S01525,2025-02,132.42
IV000223,S01749,2025-02,101.28
IV000224,S00226,2025-02,145.97
IV000225,S01404,2025-02,80.55
IV000226,S01780,2025-02,60.97
IV000227,S00479,2025-02,91.82
IV000228,S01046,2025-02,48.31
IV000229,S00981,2025-02,45.72
IV000230,S01315,2025-02,87.39
IV000231,S01003,2025-02,175.22
IV000232,S01062,2025-02,40.22
IV000233,S01579,2025-02,48.15
IV000234,S01603,2025-02,168.00
IV000235,S01244,2025-02,168.90
IV000236,S00729,2025-02,95.87
IV000237,S01260,2025-02,104.98
IV000238,S01442,2025-02,155.86
IV000239,S01227,2025-02,163.78
IV000240,S01876,2025-02,195.45
IV000241,S00992,2025-02,99.83
IV000242,S01456,2025-02,129.49
IV000243,S00026,2025-02,108.36
IV000244,S01013,2025-02,30.59
IV000245,S00256,2025-02,116.11
IV000246,S01746,2025-02,23.96
IV000247,S00370,2025-02,92.19
IV000248,S01793,2025-02,29.32
IV000249,S01442,2025-02,187.15
IV000250,S00481,2025-02,161.18
IV000251,S00525,2025-02,137.08
IV000252,S00599,2025-02,140.70
IV000253,S01129,2025-02,135.31
IV000254,S00799,2025-02,96.00
IV000255,S00742,2025-02,69.47
IV000256,S00381,2025-02,103.42
IV000257,S01855,2025-02,195.41
IV000258,S00338,2025-02,118.90
IV000259,S01718,2025-02,35.97
IV000260,S01296,2025-02,160.03
IV000261,S00430,2025-02,199.49
IV000262,S01493,2025-02,70.86
IV000263,S01582,2025-02,191.59
IV000264,S01122,2025-02,170.41
IV000265,S00541,2025-02,132.08
IV000266,S00276,2025-02,139.91
IV000267,S00559,2025-02,192.00
IV000268,S00273,2025-02,113.63
IV000269,S01228,2025-02,178.24
IV000270,S01303,2025-02,131.43
IV000271,S00330,2025-02,181.52
IV000272,S00823,2025-02,24.80
IV000273,S00908,2025-02,35.26
IV000274,S00034,2025-02,168.13
IV000275,S01189,2025-02,161.09
IV000276,S00625,2025-02,176.76
IV000277,S00874,2025-02,123.63
IV000278,S01095,2025-02,138.81
IV000279,S01756,2025-02,22.89
IV000280,S00724,2025-02,105.27
IV000281,S01473,2025-02,112.91
IV000282,S01318,2025-02,24.65
IV000283,S00844,2025-02,23.13
IV000284,S00858,2025-02,130.19
IV000285,S00605,2025-02,50.96
IV000286,S01645,2025-02,74.76
IV000287,S01613,2025-02,132.16
IV000288,S01472,2025-02,176.99
IV000289,S01214,2025-02,39.35
IV000290,S00125,2025-02,58.74
IV000291,S00974,2025-02,186.36
IV000292,S00524,2025-02,173.92
IV000293,S01687,2025-02,85.15
IV000294,S01786,2025-02,60.63
IV000295,S01262,2025-02,103.45
IV000296,S00957,2025-02,119.68
IV000297,S01014,2025-02,34.21
IV000298,S00751,2025-02,50.97
IV000299,S01992,2025-02,73.67
IV000300,S00882,2025-02,135.54
IV000301,S01365,2025-02,164.86
IV000302,S00263,2025-02,92.21
IV000303,S01600,2025-02,108.06
IV000304,S00492,2025-02,25.60
IV000305,S01845,2025-02,32.15
IV000306,S00442,2025-02,66.39
IV000307,S01150,2025-02,160.52
IV000308,S00116,2025-02,96.44
IV000309,S01162,2025-02,132.75
IV000310,S00530,2025-02,196.19
IV000311,S01973,2025-02,30.91
IV000312,S01979,2025-02,127.50
IV000313,S00676,2025-02,20.76
IV000314,S01529,2025-02,73.19
IV000315,S01166,2025-02,61.77
IV000316,S01959,2025-02,174.37
IV000317,S00142,2025-02,61.89
IV000318,S01641,2025-02,59.04
IV000319,S01994,2025-02,26.37
IV000320,S01243,2025-02,20.92
IV000321,S00949,2025-02,45.18
IV000322,S00650,2025-02,158.28
IV000323,S00804,2025-02,51.87
IV000324,S01187,2025-02,115.11
IV000325,S00213,2025-02,160.22
IV000326,S01002,2025-02,26.90
IV000327,S00410,2025-02,60.83
IV000328,S01322,2025-02,154.28
IV000329,S00671,2025-02,80.10
IV000330,S00901,2025-02,171.64
IV000331,S01256,2025-02,188.54
IV000332,S00735,2025-02,147.69
IV000333,S00833,2025-02,145.58
IV000334,S01133,2025-02,198.03
IV000335,S01515,2025-02,92.93
IV000336,S01507,2025-02,146.53
IV000337,S01258,2025-02,83.03
IV000338,S00750,2025-02,100.68
IV000339,S01907,2025-02,168.09
IV000340,S01088,2025-02,54.51
IV000341,S00110,2025-02,20.89
IV000342,S01831,2025-02,33.58
IV000343,S01714,2025-02,187.22
IV000344,S00599,2025-02,76.97
IV000345,S01642,2025-02,199.93
IV000346,S01207,2025-02,150.98
IV000347,S01295,2025-02,168.24
IV000348,S00158,2025-02,45.58
IV000349,S00898,2025-02,176.85
IV000350,S00137,2025-02,159.23
IV000351,S01450,2025-02,163.72
IV000352,S01814,2025-02,103.08
IV000353,S00133,2025-02,152.66
IV000354,S01765,2025-02,157.55
IV000355,S01136,2025-02,38.55
IV000356,S00426,2025-02,168.21
IV000357,S01397,2025-02,139.81
IV000358,S01416,2025-02,199.85
IV000359,S00017,2025-02,68.26
IV000360,S00889,2025-02,43.69
IV000361,S01490,2025-02,127.70
IV000362,S01159,2025-02,89.78
IV000363,S01487,2025-02,162.93
IV000364,S01150,2025-02,171.94
IV000365,S01494,2025-02,56.07
IV000366,S01196,2025-02,150.37
IV000367,S00124,2025-02,133.52
IV000368,S01449,2025-02,71.67
IV000369,S00897,2025-02,136.10
IV000370,S00499,2025-02,168.87
IV000371,S00789,2025-02,116.63
IV000372,S01955,2025-02,61.40
IV000373,S01285,2025-02,178.33
IV000374,S01968,2025-02,120.39
IV000375,S01523,2025-02,163.69
IV000376,S01229,2025-02,28.49
IV000377,S01935,2025-02,167.35
IV000378,S00093,2025-02,139.68
IV000379,S01272,2025-02,95.19
IV000380,S01648,2025-02,152.22
IV000381,S01420,2025-02,44.41
IV000382,S01505,2025-02,110.92
IV000383,S01261,2025-02,154.36
IV000384,S01132,2025-02,37.36
IV000385,S00348,2025-02,54.86
IV000386,S00507,2025-02,74.88
IV000387,S01109,2025-02,34.81
IV000388,S01720,2025-02,32.38
IV000389,S00927,2025-02,189.53
IV000390,S00715,2025-02,55.14
IV000391,S01484,2025-02,109.76
IV000392,S01624,2025-02,56.76
IV000393,S01173,2025-02,142.92
IV000394,S00486,2025-02,151.38
IV000395,S00406,2025-02,136.56
IV000396,S00436,2025-02,126.87
IV000397,S00930,2025-02,24.79
IV000398,S00496,2025-02,177.01
IV000399,S01283,2025-02,131.94
IV000400,S01041,2025-02,188.36
IV000401,S00863,2025-02,148.32
IV000402,S01349,2025-02,174.81
IV000403,S01164,2025-02,166.58
IV000404,S00241,2025-02,111.69
IV000405,S01207,2025-02,168.16
IV000406,S00868,2025-02,110.22
IV000407,S01058,2025-02,197.98
IV000408,S00059,2025-02,63.86
IV000409,S00504,2025-02,66.85
IV000410,S01982,2025-02,142.65
IV000411,S01139,2025-02,53.72
IV000412,S00583,2025-02,157.42
IV000413,S00661,2025-02,112.99
IV000414,S00802,2025-02,125.86
IV000415,S01317,2025-02,47.95
IV000416,S01445,2025-02,141.73
IV000417,S01130,2025-02,177.40
IV000418,S01623,2025-02,121.53
IV000419,S01596,2025-02,89.52
IV000420,S00484,2025-02,110.21
IV000421,S01599,2025-02,193.68
IV000422,S01047,2025-02,102.95
IV000423,S00337,2025-02,194.71
IV000424,S01651,2025-02,89.99
IV000425,S00698,2025-02,71.73
IV000426,S00012,2025-02,53.60
IV000427,S00072,2025-02,170.29
IV000428,S00221,2025-02,179.87
IV000429,S01661,2025-02,23.41
IV000430,S00021,2025-02,150.47
IV000431,S00491,2025-02,99.80
IV000432,S00829,2025-02,74.15
IV000433,S00170,2025-02,136.16
IV000434,S00877,2025-02,51.51
IV000435,S01607,2025-02,76.05
IV000436,S00591,2025-02,165.92
IV000437,S00751,2025-02,136.78
IV000438,S01236,2025-02,60.41
IV000439,S00876,2025-02,154.46
IV000440,S01162,2025-02,178.00
IV000441,S01381,2025-02,53.97
IV000442,S00052,2025-02,156.22
IV000443,S00974,2025-02,111.83
IV000444,S00504,2025-02,38.77
IV000445,S01110,2025-02,196.48
IV000446,S01580,2025-02,144.55
IV000447,S01338,2025-02,159.08
IV000448,S00050,2025-02,43.93
IV000449,S00406,2025-02,91.63
IV000450,S01212,2025-02,195.96
IV000451,S01903,2025-02,93.19
IV000452,S00821,2025-02,138.44
IV000453,S01341,2025-02,137.84
IV000454,S00092,2025-02,191.68
IV000455,S00174,2025-02,60.13
IV000456,S01302,2025-02,122.55
IV000457,S01631,2025-02,194.76
IV000458,S01799,2025-02,30.44
IV000459,S01776,2025-02,163.83
IV000460,S00338,2025-02,199.34
IV000461,S01725,2025-02,167.41
IV000462,S00417,2025-02,135.20
IV000463,S00523,2025-02,197.41
IV000464,S01454,2025-02,189.65
IV000465,S00034,2025-02,185.74
IV000466,S00001,2025-02,164.37
IV000467,S01273,2025-02,35.81
IV000468,S01212,2025-02,74.06
IV000469,S01342,2025-02,126.86
IV000470,S01562,2025-02,38.36
IV000471,S01353,2025-02,28.03
IV000472,S01922,2025-02,171.73
IV000473,S01300,2025-02,141.07
IV000474,S00283,2025-02,69.04
IV000475,S00506,2025-02,125.52
IV000476,S00729,2025-02,39.04
IV000477,S01815,2025-02,81.37
IV000478,S00428,2025-02,108.65
IV000479,S00014,2025-02,116.17
IV000480,S00504,2025-02,46.84
IV000481,S00787,2025-02,47.39
IV000482,S00146,2025-02,149.65
IV000483,S01153,2025-02,24.51
IV000484,S00241,2025-02,113.13
IV000485,S01599,2025-02,178.62
IV000486,S01791,2025-02,24.17
IV000487,S00746,2025-02,42.79
IV000488,S00620,2025-02,106.50
IV000489,S01563,2025-02,122.95
IV000490,S01286,2025-02,59.20
IV000491,S01130,2025-02,45.87
IV000492,S00074,2025-02,155.78
IV000493,S00627,2025-02,98.07
IV000494,S01699,2025-02,121.79
IV000495,S00447,2025-02,111.89
IV000496,S00661,2025-02,102.75
IV000497,S01451,2025-02,69.73
IV000498,S01300,2025-02,61.55
IV000499,S00946,2025-02,55.38
IV000500,S01103,2025-02,178.33
IV000501,S00490,2025-02,37.06
IV000502,S00456,2025-02,136.05
IV000503,S01547,2025-02,63.39
IV000504,S01281,2025-02,197.00
IV000505,S00032,2025-02,136.65
IV000506,S01544,2025-02,40.07
IV000507,S00517,2025-02,156.42
IV000508,S00693,2025-02,74.69
IV000509,S01223,2025-02,115.53
IV000510,S00661,2025-02,108.17
IV000511,S01258,2025-02,116.38
IV000512,S01501,2025-02,26.18
IV000513,S01996,2025-02,107.90
IV000514,S00524,2025-02,63.96
IV000515,S00043,2025-02,28.99
IV000516,S01486,2025-02,95.73
IV000517,S01054,2025-02,138.77
IV000518,S00399,2025-02,198.09
IV000519,S00634,2025-02,75.40
IV000520,S01547,2025-02,102.02
IV000521,S01915,2025-02,197.15
IV000522,S01104,2025-02,93.47
IV000523,S00778,2025-02,119.09
IV000524,S00340,2025-02,145.89
IV000525,S01546,2025-02,51.11
IV000526,S00648,2025-02,154.85
IV000527,S00947,2025-02,127.03
IV000528,S01481,2025-02,61.41
IV000529,S01919,2025-02,135.59
IV000530,S01221,2025-02,126.59
IV000531,S00276,2025-02,141.34
IV000532,S00155,2025-02,105.86
IV000533,S01991,2025-02,44.01
IV000534,S01469,2025-02,161.70
IV000535,S00820,2025-02,46.94
IV000536,S00710,2025-02,66.77
IV000537,S00644,2025-02,59.04
IV000538,S00013,2025-02,142.83
IV000539,S00652,2025-02,153.21
IV000540,S00833,2025-02,94.93
IV000541,S00025,2025-02,45.68
IV000542,S00426,2025-02,155.68
IV000543,S01627,2025-02,41.02
IV000544,S01295,2025-02,132.21
IV000545,S00896,2025-02,152.13
IV000546,S00125,2025-02,147.10
IV000547,S01851,2025-02,55.23
IV000548,S01401,2025-02,87.13
IV000549,S01045,2025-02,121.00
IV000550,S01528,2025-02,56.71
IV000551,S00891,2025-02,177.35
IV000552,S00977,2025-02,114.15
IV000553,S00840,2025-02,59.37
IV000554,S00805,2025-02,128.71
IV000555,S01606,2025-02,121.46
IV000556,S01414,2025-02,97.98
IV000557,S00924,2025-02,141.56
IV000558,S00167,2025-02,80.71
IV000559,S00884,2025-02,123.35
IV000560,S00279,2025-02,187.84
IV000561,S01632,2025-02,20.29
IV000562,S01467,2025-02,174.96
IV000563,S00203,2025-02,76.04
IV000564,S01257,2025-02,164.37
IV000565,S01092,2025-02,131.55
IV000566,S01966,2025-02,176.73
IV000567,S01230,2025-02,43.68
IV000568,S00172,2025-02,151.39
IV000569,S01902,2025-02,102.96
IV000570,S00679,2025-02,148.67
IV000571,S00915,2025-02,132.81
IV000572,S00923,2025-02,97.17
IV000573,S00772,2025-02,135.91
IV000574,S00249,2025-02,178.50
IV000575,S00499,2025-02,131.66
IV000576,S00217,2025-02,188.31
IV000577,S01174,2025-02,180.17
IV000578,S00492,2025-02,181.65
IV000579,S00246,2025-02,149.17
IV000580,S00362,2025-02,174.06
IV000581,S01302,2025-02,72.50
IV000582,S00009,2025-02,163.51
IV000583,S00581,2025-02,175.89
IV000584,S01043,2025-02,179.33
IV000585,S00647,2025-02,25.65
IV000586,S00867,2025-02,74.79
IV000587,S01003,2025-02,162.65
IV000588,S00933,2025-02,77.15
IV000589,S01730,2025-02,33.82
IV000590,S00904,2025-02,91.90
IV000591,S01697,2025-02,181.93
IV000592,S00613,2025-02,141.06
IV000593,S01658,2025-02,125.54
IV000594,S00738,2025-02,78.94
IV000595,S00279,2025-02,174.35
IV000596,S01613,2025-02,71.37
IV000597,S00225,2025-02,85.27
IV000598,S00580,2025-02,149.96
IV000599,S00716,2025-02,23.66
IV000600,S00533,2025-02,122.71
IV000601,S00950,2025-02,157.07
IV000602,S00234,2025-02,186.70
IV000603,S00369,2025-02,186.95
IV000604,S00246,2025-02,76.86
IV000605,S00791,2025-02,147.68
IV000606,S00736,2025-02,112.49
IV000607,S01367,2025-02,154.50
IV000608,S01993,2025-02,21.85
IV000609,S01238,2025-02,107.32
IV000610,S01721,2025-02,21.94
IV000611,S00282,2025-02,94.33
IV000612,S00119,2025-02,174.67
IV000613,S00144,2025-02,77.32
IV000614,S00341,2025-02,72.38
IV000615,S01758,2025-02,154.18
IV000616,S00774,2025-02,151.92
IV000617,S00081,2025-02,103.94
IV000618,S01921,2025-02,177.63
IV000619,S01302,2025-02,79.95
IV000620,S01637,2025-02,158.21
IV000621,S01783,2025-02,65.00
IV000622,S01142,2025-02,192.52
IV000623,S00011,2025-02,100.83
IV000624,S01630,2025-02,114.40
IV000625,S00229,2025-02,95.33
IV000626,S00061,2025-02,69.38
IV000627,S01966,2025-02,173.69
IV000628,S00314,2025-02,79.45
IV000629,S01906,2025-02,42.74
IV000630,S00454,2025-02,100.18
IV000631,S01290,2025-02,33.35
IV000632,S00112,2025-02,42.13
IV000633,S01451,2025-02,91.99
IV000634,S00528,2025-02,108.41
IV000635,S00366,2025-02,143.00
IV000636,S00665,2025-02,123.00
IV000637,S01841,2025-02,39.68
IV000638,S00713,2025-02,47.61
IV000639,S01333,2025-02,187.52
IV000640,S00476,2025-02,95.18
IV000641,S01018,2025-02,115.64
IV000642,S00299,2025-02,94.01
IV000643,S00599,2025-02,121.88
IV000644,S01248,2025-02,136.99
IV000645,S01597,2025-02,198.85
IV000646,S01131,2025-02,166.69
IV000647,S00083,2025-02,168.15
IV000648,S00984,2025-02,199.25
IV000649,S00231,2025-02,139.26
IV000650,S00854,2025-02,93.44
IV000651,S00982,2025-02,60.32
IV000652,S01194,2025-02,171.51
IV000653,S00439,2025-02,164.26
IV000654,S00461,2025-02,124.96
IV000655,S00281,2025-02,144.71
IV000656,S00826,2025-02,137.70
IV000657,S01649,2025-02,78.69
IV000658,S01588,2025-02,24.44
IV000659,S01977,2025-02,188.23
IV000660,S00461,2025-02,170.19
IV000661,S01569,2025-02,84.83
IV000662,S01166,2025-02,111.61
IV000663,S01190,2025-02,193.28
IV000664,S00855,2025-02,124.43
IV000665,S01790,2025-02,46.62
IV000666,S00756,2025-02,152.53
IV000667,S01643,2025-02,116.59
IV000668,S00748,2025-02,68.12
IV000669,S00418,2025-02,152.28
IV000670,S01497,2025-02,190.07
IV000671,S01454,2025-02,39.73
IV000672,S00232,2025-02,100.12
IV000673,S01855,2025-02,97.80
IV000674,S00758,2025-02,93.41
IV000675,S00762,2025-02,54.44
IV000676,S01513,2025-02,138.29
IV000677,S00269,2025-02,62.61
IV000678,S01980,2025-02,87.57
IV000679,S00316,2025-02,191.23
IV000680,S00189,2025-02,54.47
IV000681,S00038,2025-02,26.49
IV000682,S00458,2025-02,165.61
IV000683,S01206,2025-02,175.48
IV000684,S00763,2025-02,178.32
IV000685,S00178,2025-02,23.47
IV000686,S00562,2025-02,193.85
IV000687,S01181,2025-02,43.55
IV000688,S00565,2025-02,53.74
IV000689,S00046,2025-02,147.36
IV000690,S00472,2025-02,61.61
IV000691,S01577,2025-02,175.96
IV000692,S00104,2025-02,179.40
IV000693,S01812,2025-02,57.58
IV000694,S00682,2025-02,179.57
IV000695,S01362,2025-02,160.41
IV000696,S01995,2025-02,108.14
IV000697,S01846,2025-02,50.16
IV000698,S00236,2025-02,176.05
IV000699,S00697,2025-02,140.49
IV000700,S01902,2025-02,119.77
IV000701,S01965,2025-02,68.95
IV000702,S00135,2025-02,92.21
IV000703,S01961,2025-02,115.99
IV000704,S01203,2025-02,51.01
IV000705,S00242,2025-02,98.90
IV000706,S00670,2025-02,151.03
IV000707,S01971,2025-02,181.69
IV000708,S01874,2025-02,98.40
IV000709,S01713,2025-02,181.02
IV000710,S01575,2025-02,127.66
IV000711,S01335,2025-02,67.94
IV000712,S01743,2025-02,30.61
IV000713,S00303,2025-02,37.67
IV000714,S01597,2025-02,71.25
IV000715,S00242,2025-02,97.79
IV000716,S01577,2025-02,134.46
IV000717,S01455,2025-02,38.99
IV000718,S01280,2025-02,116.05
IV000719,S00928,2025-02,138.71
IV000720,S00898,2025-02,135.28
IV000721,S01724,2025-02,40.57
IV000722,S00520,2025-02,161.77
IV000723,S00543,2025-02,121.27
IV000724,S01584,2025-02,61.17
IV000725,S01110,2025-02,90.84
IV000726,S00396,2025-02,115.92
IV000727,S01178,2025-02,58.29
IV000728,S01013,2025-02,78.37
IV000729,S00052,2025-02,101.11
IV000730,S00720,2025-02,60.26
IV000731,S00933,2025-02,65.84
IV000732,S01677,2025-02,45.51
IV000733,S01542,2025-02,188.38
IV000734,S01005,2025-02,141.05
IV000735,S00606,2025-02,110.58
IV000736,S01128,2025-02,185.43
IV000737,S01769,2025-02,117.41
IV000738,S01953,2025-02,33.61
IV000739,S00276,2025-02,20.68
IV000740,S00867,2025-02,122.39
IV000741,S00205,2025-02,64.85
IV000742,S01443,2025-02,184.08
IV000743,S00781,2025-02,58.83
IV000744,S00390,2025-02,158.14
IV000745,S01272,2025-02,52.02
IV000746,S00805,2025-02,21.42
IV000747,S01613,2025-02,83.88
IV000748,S01952,2025-02,55.89
IV000749,S00505,2025-02,105.15
IV000750,S00267,2025-02,79.45
IV000751,S01652,2025-02,110.34
IV000752,S00196,2025-02,127.66
IV000753,S00094,2025-02,26.68
IV000754,S00416,2025-02,21.60
IV000755,S01955,2025-02,68.90
IV000756,S01882,2025-02,161.89
IV000757,S01262,2025-02,93.92
IV000758,S01296,2025-02,98.03
IV000759,S01816,2025-02,92.86
IV000760,S01064,2025-02,21.40
IV000761,S00137,2025-02,28.79
IV000762,S00313,2025-02,170.57
IV000763,S00429,2025-02,62.66
IV000764,S00402,2025-02,163.69
IV000765,S01560,2025-02,33.66
IV000766,S01730,2025-02,199.36
IV000767,S00533,2025-02,182.90
IV000768,S00861,2025-02,65.90
IV000769,S01186,2025-02,77.87
IV000770,S00265,2025-02,172.53
IV000771,S00698,2025-02,29.65
IV000772,S01156,2025-02,129.10
IV000773,S00806,2025-02,193.50
IV000774,S00650,2025-02,118.09
IV000775,S00026,2025-02,70.28
IV000776,S00610,2025-02,76.07
IV000777,S00178,2025-02,31.96
IV000778,S01382,2025-02,193.39
IV000779,S00232,2025-02,122.27
IV000780,S01709,2025-02,137.21
IV000781,S00192,2025-02,173.03
IV000782,S01450,2025-02,193.47
IV000783,S00744,2025-02,74.99
IV000784,S01259,2025-02,56.98
IV000785,S01900,2025-02,75.14
IV000786,S00453,2025-02,114.89
IV000787,S01412,2025-02,153.17
IV000788,S01975,2025-02,76.14
IV000789,S01202,2025-02,134.73
IV000790,S00015,2025-02,149.87
IV000791,S01172,2025-02,75.40
IV000792,S01031,2025-02,72.95
IV000793,S00882,2025-02,30.81
IV000794,S00696,2025-02,66.11
IV000795,S00584,2025-02,184.33
IV000796,S01394,2025-02,188.00
IV000797,S01511,2025-02,48.02
IV000798,S00846,2025-02,48.82
IV000799,S00912,2025-02,145.35
IV000800,S00129,2025-02,151.18
IV000801,S01638,2025-02,139.99
IV000802,S01839,2025-02,75.77
IV000803,S00986,2025-02,56.78
IV000804,S01452,2025-02,92.93
IV000805,S01926,2025-02,57.74
IV000806,S00301,2025-02,58.71
IV000807,S00887,2025-02,102.14
IV000808,S01082,2025-02,98.04
IV000809,S00713,2025-02,88.54
IV000810,S00890,2025-02,185.84
IV000811,S01303,2025-02,186.01
IV000812,S01885,2025-02,183.31
IV000813,S01784,2025-02,137.04
IV000814,S01631,2025-02,130.39
IV000815,S01951,2025-02,67.70
IV000816,S01236,2025-02,100.65
IV000817,S01811,2025-02,170.36
IV000818,S00562,2025-02,44.73
IV000819,S01626,2025-02,75.29
IV000820,S00067,2025-02,162.42
IV000821,S01724,2025-02,99.92
IV000822,S01438,2025-02,85.17
IV000823,S00723,2025-02,106.04
IV000824,S00451,2025-02,183.64
IV000825,S01450,2025-02,125.87
IV000826,S00041,2025-02,122.21
IV000827,S00794,2025-02,177.00
IV000828,S01157,2025-02,27.14
IV000829,S00183,2025-02,38.35
IV000830,S00873,2025-02,54.91
IV000831,S01624,2025-02,20.63
IV000832,S01738,2025-02,40.54
IV000833,S00229,2025-02,50.15
IV000834,S01117,2025-02,168.35
IV000835,S00869,2025-02,20.48
IV000836,S00072,2025-02,25.27
IV000837,S01632,2025-02,69.40
IV000838,S01080,2025-02,128.13
IV000839,S01585,2025-02,44.80
IV000840,S01452,2025-02,136.29
IV000841,S00279,2025-02,28.79
IV000842,S00774,2025-02,158.40
IV000843,S00774,2025-02,66.20
IV000844,S01376,2025-02,86.23
IV000845,S00992,2025-02,160.05
IV000846,S01754,2025-02,162.93
IV000847,S00198,2025-02,114.00
IV000848,S01296,2025-02,27.82
IV000849,S01950,2025-02,100.65
IV000850,S01342,2025-02,38.97
IV000851,S01393,2025-02,109.30
IV000852,S01667,2025-02,125.51
IV000853,S00159,2025-02,71.51
IV000854,S00113,2025-02,62.08
IV000855,S01876,2025-02,199.03
IV000856,S00409,2025-02,39.32
IV000857,S01039,2025-02,57.60
IV000858,S01616,2025-02,86.29
IV000859,S00713,2025-02,89.23
IV000860,S00853,2025-02,152.30
IV000861,S01953,2025-02,77.78
IV000862,S00937,2025-02,27.03
IV000863,S01340,2025-02,75.98
IV000864,S01930,2025-02,92.87
IV000865,S00051,2025-02,40.56
IV000866,S01413,2025-02,199.90
IV000867,S00600,2025-02,174.22
IV000868,S00024,2025-02,29.24
IV000869,S01537,2025-02,78.18
IV000870,S01773,2025-02,121.82
IV000871,S00777,2025-02,165.10
IV000872,S01002,2025-02,23.22
IV000873,S00375,2025-02,121.12
IV000874,S00551,2025-02,94.95
IV000875,S00807,2025-02,111.34
IV000876,S00596,2025-02,199.37
IV000877,S01333,2025-02,105.32
IV000878,S00986,2025-02,91.44
IV000879,S00267,2025-02,42.10
IV000880,S00465,2025-02,160.15
IV000881,S01214,2025-02,46.33
IV000882,S00621,2025-02,76.91
IV000883,S00849,2025-02,124.58
IV000884,S01358,2025-02,44.61
IV000885,S01777,2025-02,59.72
IV000886,S00798,2025-02,20.02
IV000887,S01336,2025-02,97.85
IV000888,S01656,2025-02,100.60
IV000889,S00595,2025-02,35.61
IV000890,S00918,2025-02,122.71
IV000891,S00673,2025-02,61.68
IV000892,S01346,2025-02,23.25
IV000893,S01745,2025-02,136.77
IV000894,S01391,2025-02,192.85
IV000895,S00652,2025-02,191.28
IV000896,S01136,2025-02,101.35
IV000897,S00846,2025-02,173.63
IV000898,S00262,2025-02,94.51
IV000899,S01583,2025-02,58.60
IV000900,S00737,2025-02,58.06
IV000901,S00269,2025-02,193.03
IV000902,S01687,2025-02,110.45
IV000903,S01357,2025-02,122.72
IV000904,S00200,2025-02,159.36
IV000905,S01902,2025-02,105.77
IV000906,S00189,2025-02,92.94
IV000907,S00990,2025-02,175.21
IV000908,S00780,2025-02,33.69
IV000909,S01585,2025-02,81.30
IV000910,S01203,2025-02,22.47
IV000911,S00428,2025-02,78.85
IV000912,S01075,2025-02,47.55
IV000913,S00590,2025-02,47.39
IV000914,S00310,2025-02,195.43
IV000915,S01812,2025-02,21.79
IV000916,S01139,2025-02,102.30
IV000917,S00409,2025-02,88.61
IV000918,S00104,2025-02,173.49
IV000919,S01709,2025-02,129.82
IV000920,S01603,2025-02,124.28
IV000921,S01660,2025-02,22.54
IV000922,S00651,2025-02,107.76
IV000923,S01866,2025-02,86.56
IV000924,S00890,2025-02,178.79
IV000925,S00890,2025-02,25.10
IV000926,S01181,2025-02,56.24
IV000927,S01356,2025-02,145.15
IV000928,S01537,2025-02,123.30
IV000929,S00879,2025-02,175.09
IV000930,S00091,2025-02,168.60
IV000931,S01735,2025-02,181.65
IV000932,S00362,2025-02,84.76
IV000933,S01453,2025-02,94.81
IV000934,S01096,2025-02,140.83
IV000935,S00997,2025-02,139.97
IV000936,S00237,2025-02,104.99
IV000937,S00405,2025-02,62.31
IV000938,S01169,2025-02,133.55
IV000939,S00427,2025-02,149.69
IV000940,S00517,2025-02,77.42
IV000941,S01646,2025-02,31.03
IV000942,S00628,2025-02,39.64
IV000943,S00741,2025-02,99.10
IV000944,S00553,2025-02,114.30
IV000945,S00527,2025-02,136.73
IV000946,S00248,2025-02,49.17
IV000947,S01286,2025-02,41.54
IV000948,S01614,2025-02,62.97
IV000949,S00464,2025-02,70.22
IV000950,S01366,2025-02,173.30
IV000951,S00347,2025-02,111.88
IV000952,S00722,2025-02,73.31
IV000953,S01432,2025-02,196.33
IV000954,S00767,2025-02,84.52
IV000955,S01663,2025-02,176.14
IV000956,S01095,2025-02,127.93
IV000957,S01118,2025-02,174.08
IV000958,S01035,2025-02,164.82
IV000959,S00536,2025-02,178.17
IV000960,S00299,2025-02,46.97
IV000961,S01328,2025-02,184.86
IV000962,S00706,2025-02,131.20
IV000963,S00392,2025-02,80.55
IV000964,S00034,2025-02,52.78
IV000965,S01709,2025-02,120.02
IV000966,S00725,2025-02,185.60
IV000967,S00700,2025-02,20.36
IV000968,S00910,2025-02,23.87
IV000969,S01496,2025-02,149.99
IV000970,S00762,2025-02,199.57
IV000971,S00584,2025-02,33.56
IV000972,S00578,2025-02,197.23
IV000973,S00138,2025-02,69.79
IV000974,S01516,2025-02,189.35
IV000975,S01118,2025-02,98.08
IV000976,S01205,2025-02,94.01
IV000977,S00022,2025-02,93.06
IV000978,S00936,2025-02,148.20
IV000979,S01901,2025-02,148.72
IV000980,S00262,2025-02,76.10
IV000981,S01669,2025-02,120.86
IV000982,S00654,2025-02,22.68
IV000983,S00885,2025-02,111.34
IV000984,S01358,2025-02,33.44
IV000985,S01828,2025-02,145.69
IV000986,S00850,2025-02,96.86
IV000987,S00281,2025-02,168.49
IV000988,S00920,2025-02,168.45
IV000989,S00886,2025-02,101.66
IV000990,S00455,2025-02,111.62
IV000991,S01731,2025-02,26.81
IV000992,S01957,2025-02,170.22
IV000993,S00090,2025-02,42.55
IV000994,S00208,2025-02,32.83
IV000995,S00442,2025-02,168.55
IV000996,S00281,2025-02,180.37
IV000997,S00202,2025-02,100.03
IV000998,S01538,2025-02,76.96
IV000999,S00758,2025-02,67.46
IV001000,S00575,2025-02,64.27
IV001001,S00630,2025-02,88.75
IV001002,S00140,2025-02,164.21
IV001003,S00556,2025-02,94.90
IV001004,S00187,2025-02,61.75
IV001005,S00870,2025-02,39.72
IV001006,S01442,2025-02,175.81
IV001007,S01100,2025-02,159.23
IV001008,S01583,2025-02,142.92
IV001009,S01078,2025-02,34.93
IV001010,S00255,2025-02,51.93
IV001011,S00279,2025-02,137.49
IV001012,S01752,2025-02,140.68
IV001013,S00279,2025-02,23.89
IV001014,S01954,2025-02,75.05
IV001015,S00986,2025-02,104.80
IV001016,S00926,2025-02,36.14
IV001017,S01094,2025-02,82.57
IV001018,S00083,2025-02,182.63
IV001019,S00974,2025-02,43.81
IV001020,S01516,2025-02,125.78
IV001021,S00543,2025-02,133.48
IV001022,S00385,2025-02,161.62
IV001023,S00837,2025-02,127.58
IV001024,S01618,2025-02,54.29
IV001025,S01604,2025-02,121.16
IV001026,S01608,2025-02,184.99
IV001027,S00897,2025-02,34.41
IV001028,S01287,2025-02,79.71
IV001029,S01017,2025-02,189.01
IV001030,S00342,2025-02,41.45
IV001031,S01606,2025-02,154.14
IV001032,S01647,2025-02,198.32
IV001033,S00728,2025-02,93.68
IV001034,S01719,2025-02,121.78
IV001035,S01869,2025-02,79.77
IV001036,S00102,2025-02,167.33
IV001037,S00379,2025-02,169.76
IV001038,S00564,2025-02,62.26
IV001039,S01025,2025-02,75.28
IV001040,S01952,2025-02,99.42
IV001041,S00840,2025-02,113.45
IV001042,S00952,2025-02,48.20
IV001043,S00386,2025-02,116.90
IV001044,S01349,2025-02,173.04
IV001045,S00045,2025-02,66.14
IV001046,S00013,2025-02,162.94
IV001047,S00120,2025-02,74.44
IV001048,S00169,2025-02,95.10
IV001049,S01194,2025-02,94.87
IV001050,S01559,2025-02,130.84
IV001051,S00882,2025-02,165.09
IV001052,S01670,2025-02,161.17
IV001053,S00342,2025-02,106.06
IV001054,S00567,2025-02,139.51
IV001055,S01826,2025-02,29.46
IV001056,S00385,2025-02,59.92
IV001057,S01570,2025-02,131.71
IV001058,S01448,2025-02,87.68
IV001059,S01477,2025-02,193.77
IV001060,S00390,2025-02,39.82
IV001061,S00141,2025-02,104.13
IV001062,S00313,2025-02,46.87
IV001063,S00946,2025-02,47.61
IV001064,S01449,2025-02,161.26
IV001065,S01015,2025-02,194.86
IV001066,S01077,2025-02,195.45
IV001067,S01231,2025-02,61.17
IV001068,S00810,2025-02,54.85
IV001069,S01047,2025-02,95.19
IV001070,S00194,2025-02,89.54
IV001071,S00060,2025-02,131.09
IV001072,S00503,2025-02,77.13
IV001073,S00519,2025-02,109.90
IV001074,S01830,2025-02,74.77
IV001075,S00795,2025-02,167.29
IV001076,S01671,2025-02,189.41
IV001077,S01468,2025-02,173.46
IV001078,S01730,2025-02,187.08
IV001079,S00685,2025-02,142.95
IV001080,S01770,2025-02,26.00
IV001081,S00472,2025-02,77.05
IV001082,S01422,2025-02,24.51
IV001083,S00065,2025-02,44.88
IV001084,S00508,2025-02,123.02
IV001085,S00529,2025-02,46.35
IV001086,S00063,2025-02,172.15
IV001087,S01715,2025-02,142.66
IV001088,S01976,2025-02,39.79
IV001089,S01672,2025-02,67.87
IV001090,S01926,2025-02,95.40
IV001091,S01401,2025-02,165.81
IV001092,S01708,2025-02,89.67
IV001093,S01981,2025-02,35.96
IV001094,S01612,2025-02,73.19
IV001095,S00541,2025-02,165.53
IV001096,S00097,2025-02,69.55
IV001097,S00299,2025-02,149.91
IV001098,S01086,2025-02,126.63
IV001099,S00141,2025-02,98.75
IV001100,S01847,2025-02,23.07
IV001101,S01890,2025-02,129.57
IV001102,S00986,2025-02,170.35
IV001103,S00704,2025-02,69.36
IV001104,S00626,2025-02,69.74
IV001105,S01861,2025-02,193.40
IV001106,S00160,2025-02,116.17
IV001107,S01512,2025-02,101.99
IV001108,S00844,2025-02,78.27
IV001109,S00052,2025-02,102.05
IV001110,S00702,2025-02,167.40
IV001111,S01401,2025-02,100.62
IV001112,S00398,2025-02,129.51
IV001113,S01332,2025-02,28.19
IV001114,S00533,2025-02,169.03
IV001115,S01463,2025-02,114.39
IV001116,S00229,2025-02,35.74
IV001117,S00629,2025-02,195.41
IV001118,S01070,2025-02,153.26
IV001119,S01147,2025-02,49.89
IV001120,S00053,2025-02,41.12
IV001121,S01495,2025-02,187.85
IV001122,S00154,2025-02,97.83
IV001123,S01743,2025-02,165.42
IV001124,S01678,2025-02,125.14
IV001125,S01806,2025-02,185.83
IV001126,S01155,2025-02,67.27
IV001127,S00354,2025-02,192.40
IV001128,S01966,2025-02,153.22
IV001129,S00682,2025-02,156.95
IV001130,S01432,2025-02,74.10
IV001131,S01618,2025-02,153.66
IV001132,S01626,2025-02,131.88
IV001133,S01595,2025-02,52.79
IV001134,S01726,2025-02,181.92
IV001135,S00492,2025-02,60.93
IV001136,S01019,2025-02,186.48
IV001137,S00958,2025-02,146.79
IV001138,S01416,2025-02,124.41
IV001139,S01228,2025-02,156.64
IV001140,S01632,2025-02,46.84
IV001141,S00320,2025-02,33.61
IV001142,S00660,2025-02,72.58
IV001143,S00339,2025-02,26.36
IV001144,S01131,2025-02,121.57
IV001145,S00834,2025-02,96.45
IV001146,S01416,2025-02,171.03
IV001147,S01113,2025-02,36.18
IV001148,S00807,2025-02,118.73
IV001149,S00050,2025-02,70.35
IV001150,S01473,2025-02,125.43
IV001151,S01517,2025-02,20.12
IV001152,S01400,2025-02,188.09
IV001153,S01719,2025-02,121.87
IV001154,S00726,2025-02,153.75
IV001155,S01703,2025-02,119.30
IV001156,S01709,2025-02,42.83
IV001157,S00861,2025-02,126.66
IV001158,S01258,2025-02,44.03
IV001159,S01264,2025-02,119.69
IV001160,S01246,2025-02,182.78
IV001161,S01174,2025-02,59.08
IV001162,S00289,2025-02,130.08
IV001163,S00066,2025-02,46.55
IV001164,S00228,2025-02,132.43
IV001165,S01026,2025-02,100.63
IV001166,S00723,2025-02,47.53
IV001167,S00562,2025-02,105.98
IV001168,S00967,2025-02,178.27
IV001169,S01689,2025-02,108.26
IV001170,S00120,2025-02,167.32
IV001171,S00797,2025-02,152.97
IV001172,S01613,2025-02,43.74
IV001173,S00416,2025-02,122.09
IV001174,S00258,2025-02,70.99
IV001175,S01068,2025-02,54.15
IV001176,S00415,2025-02,97.17
IV001177,S00071,2025-02,197.77
IV001178,S00042,2025-02,99.56
IV001179,S00875,2025-02,144.43
IV001180,S00163,2025-02,28.54
IV001181,S00130,2025-02,41.14
IV001182,S01817,2025-02,60.79
IV001183,S01092,2025-02,198.69
IV001184,S00269,2025-02,176.73
IV001185,S00816,2025-02,175.91
IV001186,S00926,2025-02,163.72
IV001187,S00429,2025-02,99.10
IV001188,S00130,2025-02,118.35
IV001189,S01115,2025-02,95.91
IV001190,S00148,2025-02,196.32
IV001191,S00476,2025-02,71.65
IV001192,S00751,2025-02,38.70
IV001193,S01249,2025-02,89.73
IV001194,S01908,2025-02,33.41
IV001195,S00041,2025-02,52.79
IV001196,S01263,2025-02,177.59
IV001197,S01443,2025-02,96.06
IV001198,S01490,2025-02,50.35
IV001199,S01333,2025-02,116.51
IV001200,S00879,2025-02,126.69
IV001201,S01306,2025-02,56.86
IV001202,S01220,2025-02,48.95
IV001203,S01399,2025-02,177.42
IV001204,S00534,2025-02,151.62
IV001205,S01714,2025-02,179.84
IV001206,S00256,2025-02,124.52
IV001207,S00444,2025-02,43.92
IV001208,S00355,2025-02,123.50
IV001209,S01162,2025-02,180.36
IV001210,S01076,2025-02,117.34
IV001211,S00572,2025-02,102.80
IV001212,S01174,2025-02,99.71
IV001213,S00892,2025-02,176.20
IV001214,S01667,2025-02,88.96
IV001215,S01519,2025-02,191.09
IV001216,S00541,2025-02,166.33
IV001217,S00131,2025-02,92.17
IV001218,S00823,2025-02,182.63
IV001219,S01914,2025-02,196.56
IV001220,S00200,2025-02,35.61
IV001221,S00562,2025-02,92.34
IV001222,S01845,2025-02,188.89
IV001223,S00895,2025-02,167.55
IV001224,S00763,2025-02,173.54
IV001225,S00128,2025-02,157.37
IV001226,S01716,2025-02,91.90
IV001227,S00884,2025-02,104.05
IV001228,S01835,2025-02,36.15
IV001229,S00432,2025-02,76.75
IV001230,S01683,2025-02,183.73
IV001231,S00275,2025-02,103.16
IV001232,S00674,2025-02,22.65
IV001233,S00207,2025-02,67.99
IV001234,S00254,2025-02,141.21
IV001235,S01425,2025-02,115.46
IV001236,S01957,2025-02,48.69
IV001237,S01132,2025-02,23.12
IV001238,S01846,2025-02,159.77
IV001239,S00718,2025-02,157.30
IV001240,S00349,2025-02,61.99
IV001241,S00462,2025-02,143.93
IV001242,S00858,2025-02,21.36
IV001243,S00940,2025-02,42.57
IV001244,S00733,2025-02,91.90
IV001245,S01978,2025-02,28.53
IV001246,S00814,2025-02,60.32
IV001247,S01656,2025-02,137.80
IV001248,S01694,2025-02,81.74
IV001249,S01649,2025-02,43.76
IV001250,S01499,2025-02,57.12
IV001251,S01322,2025-02,101.57
IV001252,S00498,2025-02,62.03
IV001253,S01239,2025-02,59.64
IV001254,S00543,2025-02,104.64
IV001255,S00467,2025-02,156.26
IV001256,S01477,2025-02,98.56
IV001257,S01168,2025-02,60.96
IV001258,S00985,2025-02,116.43
IV001259,S00497,2025-02,153.91
IV001260,S01557,2025-02,45.49
IV001261,S01891,2025-02,53.67
IV001262,S00490,2025-02,143.20
IV001263,S01926,2025-02,176.19
IV001264,S01890,2025-02,70.75
IV001265,S01916,2025-02,181.50
IV001266,S00245,2025-02,191.65
IV001267,S01906,2025-02,145.20
IV001268,S00406,2025-02,99.15
IV001269,S00349,2025-02,115.98
IV001270,S01457,2025-02,198.22
IV001271,S01833,2025-02,168.58
IV001272,S01359,2025-02,28.39
IV001273,S00410,2025-02,30.73
IV001274,S00114,2025-02,140.33
IV001275,S00726,2025-02,43.91
IV001276,S00940,2025-02,147.74
IV001277,S00283,2025-02,39.72
IV001278,S00697,2025-02,42.71
IV001279,S01338,2025-02,46.17
IV001280,S01881,2025-02,140.98
IV001281,S01416,2025-02,112.49
IV001282,S00019,2025-02,34.38
IV001283,S00967,2025-02,180.33
IV001284,S00100,2025-02,156.39
IV001285,S01141,2025-02,53.86
IV001286,S00989,2025-02,20.51
IV001287,S00474,2025-02,184.14
IV001288,S00829,2025-02,75.83
IV001289,S00251,2025-02,165.96
IV001290,S01666,2025-02,156.43
IV001291,S01836,2025-02,132.30
IV001292,S01408,2025-02,37.91
IV001293,S01891,2025-02,115.27
IV001294,S01762,2025-02,190.37
IV001295,S01937,2025-02,192.17
IV001296,S00254,2025-02,132.62
IV001297,S00583,2025-02,190.90
IV001298,S00440,2025-02,23.06
IV001299,S01079,2025-02,100.58
IV001300,S01886,2025-02,68.61
IV001301,S00559,2025-02,129.05
IV001302,S01530,2025-02,66.73
IV001303,S00127,2025-02,151.47
IV001304,S01905,2025-02,162.37
IV001305,S00388,2025-02,21.49
IV001306,S01108,2025-02,190.19
IV001307,S00570,2025-02,56.78
IV001308,S00594,2025-02,109.86
IV001309,S00153,2025-02,151.15
IV001310,S00008,2025-02,109.03
IV001311,S00387,2025-02,113.82
IV001312,S00520,2025-02,79.45
IV001313,S00897,2025-02,124.89
IV001314,S00285,2025-02,199.20
IV001315,S01418,2025-02,81.35
IV001316,S00789,2025-02,21.40
IV001317,S01681,2025-02,28.16
IV001318,S00442,2025-02,179.51
IV001319,S00495,2025-02,46.32
IV001320,S01389,2025-02,22.87
IV001321,S00243,2025-02,156.86
IV001322,S01010,2025-02,111.19
IV001323,S01486,2025-02,174.95
IV001324,S00631,2025-02,60.48
IV001325,S01153,2025-02,36.61
IV001326,S01826,2025-02,21.87
IV001327,S00450,2025-02,190.40
IV001328,S00008,2025-02,80.16
IV001329,S01132,2025-02,113.68
IV001330,S01092,2025-02,111.50
IV001331,S01948,2025-02,61.96
IV001332,S00233,2025-02,74.88
IV001333,S01405,2025-02,154.88
IV001334,S00112,2025-02,189.05
IV001335,S01880,2025-02,137.38
IV001336,S01953,2025-02,72.89
IV001337,S00900,2025-02,140.90
IV001338,S01950,2025-02,36.70
IV001339,S00772,2025-02,179.70
IV001340,S01527,2025-02,189.89
IV001341,S00766,2025-02,179.79
IV001342,S01841,2025-02,75.70
IV001343,S01229,2025-02,176.19
IV001344,S00803,2025-02,191.69
IV001345,S01413,2025-02,28.71
IV001346,S01578,2025-02,63.69
IV001347,S00097,2025-02,42.35
IV001348,S01636,2025-02,159.23
IV001349,S01883,2025-02,192.51
IV001350,S00493,2025-02,94.00
IV001351,S01555,2025-02,38.94
IV001352,S01172,2025-02,191.52
IV001353,S01767,2025-02,192.96
IV001354,S00021,2025-02,198.51
IV001355,S01284,2025-02,198.03
IV001356,S00614,2025-02,24.20
IV001357,S00597,2025-02,56.76
IV001358,S01956,2025-02,195.21
IV001359,S01957,2025-02,94.40
IV001360,S00730,2025-02,116.19
IV001361,S01037,2025-02,70.55
IV001362,S00528,2025-02,135.07
IV001363,S00119,2025-02,164.03
IV001364,S01660,2025-02,80.81
IV001365,S01461,2025-02,163.20
IV001366,S01108,2025-02,49.09
IV001367,S00330,2025-02,152.96
IV001368,S01348,2025-02,182.52
IV001369,S00713,2025-02,143.32
IV001370,S01699,2025-02,199.64
IV001371,S00736,2025-02,137.54
IV001372,S00006,2025-02,59.22
IV001373,S00081,2025-02,158.86
IV001374,S01827,2025-02,46.33
IV001375,S00745,2025-02,77.01
IV001376,S01705,2025-02,50.08
IV001377,S01461,2025-02,92.42
IV001378,S01471,2025-02,53.41
IV001379,S01045,2025-02,99.21
IV001380,S01542,2025-02,177.11
IV001381,S01008,2025-02,76.17
IV001382,S00052,2025-02,192.00
IV001383,S00007,2025-02,42.31
IV001384,S01396,2025-02,33.57
IV001385,S01286,2025-02,110.22
IV001386,S00760,2025-02,66.31
IV001387,S00981,2025-02,23.14
IV001388,S01951,2025-02,167.16
IV001389,S00743,2025-02,52.87
IV001390,S01487,2025-02,77.42
IV001391,S00886,2025-02,28.37
IV001392,S01994,2025-02,162.17
IV001393,S00845,2025-02,121.75
IV001394,S01280,2025-02,166.45
IV001395,S00944,2025-02,56.26
IV001396,S00927,2025-02,94.34
IV001397,S00864,2025-02,190.16
IV001398,S00565,2025-02,39.60
IV001399,S00485,2025-02,185.60
IV001400,S01999,2025-02,29.25
IV001401,S00309,2025-02,24.61
IV001402,S01927,2025-02,172.37
IV001403,S01566,2025-02,33.44
IV001404,S01961,2025-02,147.95
IV001405,S01272,2025-02,57.57
IV001406,S00561,2025-02,138.70
IV001407,S00966,2025-02,116.14
IV001408,S00096,2025-02,90.61
IV001409,S01094,2025-02,198.57
IV001410,S00259,2025-02,64.62
IV001411,S01511,2025-02,138.25
IV001412,S01838,2025-02,163.31
IV001413,S00790,2025-02,159.97
IV001414,S00649,2025-02,23.94
IV001415,S00143,2025-02,44.69
IV001416,S00583,2025-02,37.78
IV001417,S01340,2025-02,134.31
IV001418,S01996,2025-02,97.34
IV001419,S00194,2025-02,175.11
IV001420,S01343,2025-02,104.39
IV001421,S01704,2025-02,118.56
IV001422,S00509,2025-02,53.70
IV001423,S00300,2025-02,193.60
IV001424,S00454,2025-02,147.35
IV001425,S00584,2025-02,86.90
IV001426,S00405,2025-02,46.43
IV001427,S00095,2025-02,109.55
IV001428,S01744,2025-02,155.04
IV001429,S01908,2025-02,109.38
IV001430,S01418,2025-02,98.67
IV001431,S01322,2025-02,82.89
IV001432,S01948,2025-02,53.86
IV001433,S00797,2025-02,112.01
IV001434,S00076,2025-02,34.20
IV001435,S00278,2025-02,191.06
IV001436,S01393,2025-02,28.14
IV001437,S00367,2025-02,199.53
IV001438,S00959,2025-02,108.62
IV001439,S00315,2025-02,174.80
IV001440,S00856,2025-02,170.03
IV001441,S01811,2025-02,58.83
IV001442,S00135,2025-02,150.21
IV001443,S01259,2025-02,154.50
IV001444,S01174,2025-02,151.19
IV001445,S01867,2025-02,98.25
IV001446,S01470,2025-02,195.09
IV001447,S01173,2025-02,115.94
IV001448,S01784,2025-02,186.64
IV001449,S00905,2025-02,22.57
IV001450,S00675,2025-02,182.59
IV001451,S01432,2025-02,60.60
IV001452,S00756,2025-02,39.24
IV001453,S01927,2025-02,119.63
IV001454,S01211,2025-02,104.62
IV001455,S00771,2025-02,189.36
IV001456,S00446,2025-02,30.51
IV001457,S00368,2025-02,164.52
IV001458,S00125,2025-02,89.70
IV001459,S01336,2025-02,185.54
IV001460,S01533,2025-02,26.57
IV001461,S01831,2025-02,38.66
IV001462,S00296,2025-02,138.00
IV001463,S01899,2025-02,162.51
IV001464,S01813,2025-02,80.13
IV001465,S00608,2025-02,142.66
IV001466,S00504,2025-02,110.88
IV001467,S01950,2025-02,95.76
IV001468,S01162,2025-02,54.42
IV001469,S01091,2025-02,191.93
IV001470,S00741,2025-02,199.74
IV001471,S01373,2025-02,23.52
IV001472,S00654,2025-02,33.36
IV001473,S00878,2025-02,81.62
IV001474,S01476,2025-02,138.31
IV001475,S00580,2025-02,105.72
IV001476,S00059,2025-02,38.79
IV001477,S01350,2025-02,51.62
IV001478,S01519,2025-02,153.79
IV001479,S01089,2025-02,71.57
IV001480,S00294,2025-02,176.22
IV001481,S00262,2025-02,156.76
IV001482,S01715,2025-02,114.62
IV001483,S00432,2025-02,84.25
IV001484,S01334,2025-02,44.38
IV001485,S00660,2025-02,172.53
IV001486,S01920,2025-02,171.73
IV001487,S00071,2025-02,159.07
IV001488,S01689,2025-02,171.40
IV001489,S01489,2025-02,58.05
IV001490,S01737,2025-02,63.20
IV001491,S00093,2025-02,164.74
IV001492,S01823,2025-02,87.90
IV001493,S01238,2025-02,135.25
IV001494,S01876,2025-02,33.16
IV001495,S00810,2025-02,65.26
IV001496,S01080,2025-02,154.51
IV001497,S00978,2025-02,105.14
IV001498,S01754,2025-02,183.74
IV001499,S00014,2025-02,157.98
IV001500,S00858,2025-02,30.60
IV001501,S00370,2025-02,137.22
IV001502,S00262,2025-02,128.80
IV001503,S01337,2025-02,60.94
IV001504,S00928,2025-02,79.22
IV001505,S01386,2025-02,37.25
IV001506,S01575,2025-02,195.19
IV001507,S00823,2025-02,97.97
IV001508,S01589,2025-02,192.19
IV001509,S01668,2025-02,74.41
IV001510,S00402,2025-02,76.79
IV001511,S00558,2025-02,162.00
IV001512,S01467,2025-02,68.92
IV001513,S01581,2025-02,69.59
IV001514,S00054,2025-02,98.70
IV001515,S01959,2025-02,139.31
IV001516,S00314,2025-02,51.18
IV001517,S01522,2025-02,180.44
IV001518,S00251,2025-02,155.27
IV001519,S00443,2025-02,129.58
IV001520,S01228,2025-02,193.03
IV001521,S00363,2025-02,196.62
IV001522,S00406,2025-02,31.88
IV001523,S00552,2025-02,141.31
IV001524,S00247,2025-02,128.71
IV001525,S01004,2025-02,184.35
IV001526,S00968,2025-02,184.23
IV001527,S00681,2025-02,155.97
IV001528,S00727,2025-02,139.77
IV001529,S01602,2025-02,139.83
IV001530,S01712,2025-02,195.72
IV001531,S00787,2025-02,183.56
IV001532,S00355,2025-02,184.79
IV001533,S00990,2025-02,96.27
IV001534,S01853,2025-02,139.76
IV001535,S00711,2025-02,191.06
IV001536,S01351,2025-02,152.07
IV001537,S01670,2025-02,101.80
IV001538,S01737,2025-02,66.89
IV001539,S01267,2025-02,81.11
IV001540,S00807,2025-02,68.09
IV001541,S00454,2025-02,56.21
IV001542,S01725,2025-02,135.33
IV001543,S00448,2025-02,187.17
IV001544,S01977,2025-02,137.16
IV001545,S00253,2025-02,142.27
IV001546,S00548,2025-02,21.56
IV001547,S00547,2025-02,154.90
IV001548,S00754,2025-02,141.81
IV001549,S01138,2025-02,31.26
IV001550,S00065,2025-02,112.98
IV001551,S00240,2025-02,29.57
IV001552,S01294,2025-02,34.66
IV001553,S01711,2025-02,145.58
IV001554,S00483,2025-02,176.15
IV001555,S00702,2025-02,150.21
IV001556,S00286,2025-02,167.96
IV001557,S00742,2025-02,35.18
IV001558,S00149,2025-02,181.67
IV001559,S01998,2025-02,28.15
IV001560,S00264,2025-02,24.78
IV001561,S01370,2025-02,24.12
IV001562,S00525,2025-02,199.44
IV001563,S01625,2025-02,136.33
IV001564,S00321,2025-02,51.47
IV001565,S00630,2025-02,177.63
IV001566,S01074,2025-02,46.55
IV001567,S01469,2025-02,116.68
IV001568,S01628,2025-02,110.45
IV001569,S00557,2025-02,112.72
IV001570,S01085,2025-02,67.01
IV001571,S01763,2025-02,195.58
IV001572,S01818,2025-02,27.96
IV001573,S01951,2025-02,77.99
IV001574,S01790,2025-02,100.08
IV001575,S00042,2025-02,119.44
IV001576,S01099,2025-02,59.74
IV001577,S01383,2025-02,81.15
IV001578,S01080,2025-02,106.27
IV001579,S01622,2025-02,33.42
IV001580,S01922,2025-02,39.38
IV001581,S01997,2025-02,116.55
IV001582,S00564,2025-02,175.84
IV001583,S00980,2025-02,189.58
IV001584,S00854,2025-02,23.65
IV001585,S00581,2025-02,51.48
IV001586,S00318,2025-02,113.74
IV001587,S00672,2025-02,31.22
IV001588,S00346,2025-02,107.18
IV001589,S00488,2025-02,62.76
IV001590,S00120,2025-02,180.49
IV001591,S01447,2025-02,188.47
IV001592,S00525,2025-02,126.24
IV001593,S00904,2025-02,142.97
IV001594,S01879,2025-02,190.41
IV001595,S00378,2025-02,135.32
IV001596,S00772,2025-02,163.80
IV001597,S01721,2025-02,62.13
IV001598,S01224,2025-02,177.79
IV001599,S00823,2025-02,38.07
IV001600,S01534,2025-02,197.61
IV001601,S01409,2025-02,199.95
IV001602,S00896,2025-02,173.55
IV001603,S01765,2025-02,73.98
IV001604,S01666,2025-02,34.82
IV001605,S01105,2025-02,189.61
IV001606,S00602,2025-02,169.15
IV001607,S00413,2025-02,198.59
IV001608,S01815,2025-02,95.76
IV001609,S00391,2025-02,141.72
IV001610,S01273,2025-02,83.78
IV001611,S00168,2025-02,52.01
IV001612,S01408,2025-02,121.55
IV001613,S00624,2025-02,21.49
IV001614,S00440,2025-02,193.65
IV001615,S01188,2025-02,133.35
IV001616,S01778,2025-02,50.48
IV001617,S00335,2025-02,28.91
IV001618,S01570,2025-02,52.87
IV001619,S00550,2025-02,57.03
IV001620,S00738,2025-02,54.38
IV001621,S00425,2025-02,36.41
IV001622,S00434,2025-02,28.38
IV001623,S00656,2025-02,129.52
IV001624,S00380,2025-02,191.90
IV001625,S01797,2025-02,37.56
IV001626,S00539,2025-02,190.44
IV001627,S00731,2025-02,96.38
IV001628,S00522,2025-02,48.24
IV001629,S01716,2025-02,34.45
IV001630,S00197,2025-02,139.55
IV001631,S01838,2025-02,67.53
IV001632,S00806,2025-02,192.27
IV001633,S01224,2025-02,89.66
IV001634,S01399,2025-02,65.38
IV001635,S01687,2025-02,88.06
IV001636,S01058,2025-02,22.35
IV001637,S00007,2025-02,46.71
IV001638,S01247,2025-02,68.82
IV001639,S01317,2025-02,141.18
IV001640,S01191,2025-02,112.89
IV001641,S01514,2025-02,173.80
IV001642,S01456,2025-02,175.12
IV001643,S00038,2025-02,131.01
IV001644,S01692,2025-02,120.17
IV001645,S00973,2025-02,151.86
IV001646,S01256,2025-02,68.71
IV001647,S00564,2025-02,54.54
IV001648,S00523,2025-02,118.86
IV001649,S01094,2025-02,137.86
IV001650,S01440,2025-02,49.98
IV001651,S00886,2025-02,169.43
IV001652,S01319,2025-02,113.81
IV001653,S00260,2025-02,177.74
IV001654,S00886,2025-02,46.21
IV001655,S01287,2025-02,82.82
IV001656,S00031,2025-02,45.38
IV001657,S01871,2025-02,141.86
IV001658,S01020,2025-02,182.05
IV001659,S00341,2025-02,82.87
IV001660,S01070,2025-02,55.55
IV001661,S00320,2025-02,174.56
IV001662,S00879,2025-02,71.48
IV001663,S00566,2025-02,21.95
IV001664,S00577,2025-02,102.35
IV001665,S00387,2025-02,116.88
IV001666,S01131,2025-02,65.39
IV001667,S00823,2025-02,116.66
IV001668,S01831,2025-02,32.83
IV001669,S00476,2025-02,99.41
IV001670,S00516,2025-02,179.43
IV001671,S01121,2025-02,106.41
IV001672,S00972,2025-02,101.44
IV001673,S00021,2025-02,68.35
IV001674,S00130,2025-02,40.74
IV001675,S01007,2025-02,34.44
IV001676,S00337,2025-02,115.28
IV001677,S00864,2025-02,183.00
IV001678,S00733,2025-02,39.36
IV001679,S00232,2025-02,25.29
IV001680,S00556,2025-02,61.37
IV001681,S00386,2025-02,142.61
IV001682,S00357,2025-02,131.91
IV001683,S00767,2025-02,195.21
IV001684,S01409,2025-02,23.21
IV001685,S01819,2025-02,109.07
IV001686,S01790,2025-02,167.71
IV001687,S01125,2025-02,175.59
IV001688,S00018,2025-02,160.26
IV001689,S00543,2025-02,150.96
IV001690,S01157,2025-02,114.06
IV001691,S00010,2025-02,79.04
IV001692,S00275,2025-02,41.06
IV001693,S00024,2025-02,190.41
IV001694,S00594,2025-02,33.18
IV001695,S01940,2025-02,42.80
IV001696,S01249,2025-02,42.05
IV001697,S01727,2025-02,162.55
IV001698,S00774,2025-02,179.47
IV001699,S00329,2025-02,198.86
IV001700,S00251,2025-02,47.37
