sim_iccid,status,subscription_id
8901000000000000001,ACTIVE,S00828
8901000000000000002,ACTIVE,S01891
8901000000000000003,SPARE,S01723
8901000000000000004,RETIRED,S00060
8901000000000000005,SPARE,S01297
8901000000000000006,RETIRED,S01354
8901000000000000007,ACTIVE,S00948
8901000000000000008,ACTIVE,S01340
8901000000000000009,SPARE,S01723
8901000000000000010,SPARE,S01330
8901000000000000011,SPARE,S01121
8901000000000000012,SPARE,S00587
8901000000000000013,ACTIVE,S01814
8901000000000000014,SPARE,S01992
8901000000000000015,ACTIVE,S00515
8901000000000000016,RETIRED,S01059
8901000000000000017,SPARE,S00686
8901000000000000018,SPARE,S00123
8901000000000000019,SPARE,S01732
8901000000000000020,ACTIVE,S00784
8901000000000000021,SPARE,S00591
8901000000000000022,RETIRED,S00069
8901000000000000023,ACTIVE,S01832
8901000000000000024,RETIRED,S01666
8901000000000000025,SPARE,S01475
8901000000000000026,RETIRED,S01994
8901000000000000027,RETIRED,S00466
8901000000000000028,ACTIVE,S01486
8901000000000000029,RETIRED,S00519
8901000000000000030,RETIRED,S01843
8901000000000000031,ACTIVE,S00193
8901000000000000032,SPARE,S00015
8901000000000000033,RETIRED,S01034
8901000000000000034,RETIRED,S01553
8901000000000000035,SPARE,S01907
8901000000000000036,ACTIVE,S00646
8901000000000000037,RETIRED,S00215
8901000000000000038,SPARE,S01174
8901000000000000039,SPARE,S00038
8901000000000000040,SPARE,S01774
8901000000000000041,RETIRED,S00957
8901000000000000042,SPARE,S01455
8901000000000000043,ACTIVE,S00844
8901000000000000044,ACTIVE,S00324
8901000000000000045,RETIRED,S00536
8901000000000000046,SPARE,S00283
8901000000000000047,RETIRED,S01521
8901000000000000048,RETIRED,S01797
8901000000000000049,RETIRED,S00417
8901000000000000050,ACTIVE,S01131
8901000000000000051,ACTIVE,S00863
8901000000000000052,ACTIVE,S00807
8901000000000000053,SPARE,S00010
8901000000000000054,ACTIVE,S00607
8901000000000000055,SPARE,S00297
8901000000000000056,RETIRED,S00854
8901000000000000057,SPARE,S01967
8901000000000000058,ACTIVE,S00491
8901000000000000059,SPARE,S00833
8901000000000000060,SPARE,S01847
8901000000000000061,SPARE,S01726
8901000000000000062,RETIRED,S01004
8901000000000000063,ACTIVE,S00133
8901000000000000064,SPARE,S00626
8901000000000000065,ACTIVE,S00824
8901000000000000066,SPARE,S01173
8901000000000000067,RETIRED,S00727
8901000000000000068,SPARE,S01645
8901000000000000069,ACTIVE,S00765
8901000000000000070,SPARE,S01689
8901000000000000071,SPARE,S01915
8901000000000000072,RETIRED,S01760
8901000000000000073,ACTIVE,S00332
8901000000000000074,SPARE,S01983
8901000000000000075,RETIRED,S00944
8901000000000000076,RETIRED,S00090
8901000000000000077,SPARE,S01929
8901000000000000078,RETIRED,S01153
8901000000000000079,RETIRED,S01512
8901000000000000080,SPARE,S01812
8901000000000000081,ACTIVE,S00823
8901000000000000082,SPARE,S00425
8901000000000000083,RETIRED,S01686
8901000000000000084,RETIRED,S00270
8901000000000000085,RETIRED,S01749
8901000000000000086,ACTIVE,S00918
8901000000000000087,SPARE,S00435
8901000000000000088,RETIRED,S01390
8901000000000000089,RETIRED,S01826
8901000000000000090,RETIRED,S01927
8901000000000000091,SPARE,S00729
8901000000000000092,SPARE,S00401
8901000000000000093,RETIRED,S00584
8901000000000000094,ACTIVE,S00692
8901000000000000095,RETIRED,S01426
8901000000000000096,ACTIVE,S00956
8901000000000000097,ACTIVE,S00223
8901000000000000098,RETIRED,S01875
8901000000000000099,SPARE,S00240
8901000000000000100,ACTIVE,S00319
8901000000000000101,RETIRED,S01616
8901000000000000102,SPARE,S01931
8901000000000000103,SPARE,S01970
8901000000000000104,SPARE,S00737
8901000000000000105,ACTIVE,S00171
8901000000000000106,SPARE,S01739
8901000000000000107,SPARE,S00388
8901000000000000108,SPARE,S00194
8901000000000000109,RETIRED,S00408
8901000000000000110,SPARE,S01839
8901000000000000111,RETIRED,S01275
8901000000000000112,RETIRED,S01275
8901000000000000113,ACTIVE,S01596
8901000000000000114,RETIRED,S01084
8901000000000000115,RETIRED,S00360
8901000000000000116,RETIRED,S00406
8901000000000000117,ACTIVE,S01644
8901000000000000118,RETIRED,S01514
8901000000000000119,SPARE,S01995
8901000000000000120,ACTIVE,S00794
8901000000000000121,ACTIVE,S01409
8901000000000000122,RETIRED,S00787
8901000000000000123,RETIRED,S00322
8901000000000000124,RETIRED,S01677
8901000000000000125,SPARE,S01154
8901000000000000126,RETIRED,S01533
8901000000000000127,SPARE,S01888
8901000000000000128,ACTIVE,S01508
8901000000000000129,ACTIVE,S01945
8901000000000000130,RETIRED,S00597
8901000000000000131,SPARE,S00168
8901000000000000132,ACTIVE,S00033
8901000000000000133,ACTIVE,S00074
8901000000000000134,ACTIVE,S01776
8901000000000000135,ACTIVE,S01206
8901000000000000136,RETIRED,S00591
8901000000000000137,SPARE,S01088
8901000000000000138,RETIRED,S00540
8901000000000000139,RETIRED,S00443
8901000000000000140,RETIRED,S00426
8901000000000000141,ACTIVE,S00535
8901000000000000142,SPARE,S00280
8901000000000000143,ACTIVE,S00745
8901000000000000144,RETIRED,S00610
8901000000000000145,SPARE,S01963
8901000000000000146,ACTIVE,S01098
8901000000000000147,RETIRED,S00481
8901000000000000148,ACTIVE,S01745
8901000000000000149,ACTIVE,S00092
8901000000000000150,SPARE,S00339
8901000000000000151,RETIRED,S00814
8901000000000000152,RETIRED,S00231
8901000000000000153,SPARE,S01764
8901000000000000154,SPARE,S00057
8901000000000000155,ACTIVE,S00665
8901000000000000156,ACTIVE,S00207
8901000000000000157,ACTIVE,S00671
8901000000000000158,SPARE,S01900
8901000000000000159,ACTIVE,S01956
8901000000000000160,SPARE,S01942
8901000000000000161,RETIRED,S00813
8901000000000000162,ACTIVE,S00422
8901000000000000163,RETIRED,S01031
8901000000000000164,ACTIVE,S00144
8901000000000000165,SPARE,S01371
8901000000000000166,SPARE,S00003
8901000000000000167,RETIRED,S01322
8901000000000000168,SPARE,S01212
8901000000000000169,SPARE,S00292
8901000000000000170,SPARE,S00644
8901000000000000171,RETIRED,S00895
8901000000000000172,SPARE,S00284
8901000000000000173,SPARE,S00046
8901000000000000174,RETIRED,S01183
8901000000000000175,RETIRED,S00715
8901000000000000176,SPARE,S01309
8901000000000000177,ACTIVE,S00789
8901000000000000178,ACTIVE,S00063
8901000000000000179,RETIRED,S01877
8901000000000000180,ACTIVE,S00469
8901000000000000181,ACTIVE,S01907
8901000000000000182,ACTIVE,S00986
8901000000000000183,RETIRED,S00438
8901000000000000184,RETIRED,S00192
8901000000000000185,RETIRED,S00405
8901000000000000186,RETIRED,S00981
8901000000000000187,RETIRED,S00582
8901000000000000188,RETIRED,S00571
8901000000000000189,RETIRED,S00208
8901000000000000190,RETIRED,S00435
8901000000000000191,ACTIVE,S01647
8901000000000000192,SPARE,S00754
8901000000000000193,SPARE,S01128
8901000000000000194,SPARE,S00191
8901000000000000195,SPARE,S01248
8901000000000000196,SPARE,S00416
8901000000000000197,ACTIVE,S01493
8901000000000000198,RETIRED,S00318
8901000000000000199,SPARE,S00789
8901000000000000200,RETIRED,S01604
8901000000000000201,RETIRED,S00668
8901000000000000202,SPARE,S01709
8901000000000000203,ACTIVE,S00827
8901000000000000204,ACTIVE,S01911
8901000000000000205,SPARE,S01184
8901000000000000206,SPARE,S01067
8901000000000000207,SPARE,S00624
8901000000000000208,SPARE,S00045
8901000000000000209,RETIRED,S00064
8901000000000000210,ACTIVE,S01463
8901000000000000211,SPARE,S00827
8901000000000000212,RETIRED,S01349
8901000000000000213,RETIRED,S01222
8901000000000000214,ACTIVE,S01654
8901000000000000215,SPARE,S01471
8901000000000000216,RETIRED,S00965
8901000000000000217,SPARE,S00387
8901000000000000218,ACTIVE,S00541
8901000000000000219,SPARE,S01717
8901000000000000220,ACTIVE,S01159
8901000000000000221,ACTIVE,S00645
8901000000000000222,RETIRED,S00102
8901000000000000223,SPARE,S01931
8901000000000000224,RETIRED,S00240
8901000000000000225,SPARE,S00466
8901000000000000226,ACTIVE,S01289
8901000000000000227,RETIRED,S00591
8901000000000000228,RETIRED,S00567
8901000000000000229,ACTIVE,S01162
8901000000000000230,ACTIVE,S00822
8901000000000000231,ACTIVE,S01026
8901000000000000232,RETIRED,S01333
8901000000000000233,ACTIVE,S01274
8901000000000000234,RETIRED,S01927
8901000000000000235,ACTIVE,S01315
8901000000000000236,RETIRED,S00590
8901000000000000237,ACTIVE,S01479
8901000000000000238,SPARE,S01421
8901000000000000239,RETIRED,S01970
8901000000000000240,ACTIVE,S01187
8901000000000000241,ACTIVE,S00154
8901000000000000242,ACTIVE,S01375
8901000000000000243,RETIRED,S00571
8901000000000000244,SPARE,S01172
8901000000000000245,ACTIVE,S01785
8901000000000000246,RETIRED,S00070
8901000000000000247,SPARE,S00757
8901000000000000248,RETIRED,S00146
8901000000000000249,SPARE,S01398
8901000000000000250,ACTIVE,S01216
8901000000000000251,RETIRED,S00137
8901000000000000252,SPARE,S01009
8901000000000000253,RETIRED,S00511
8901000000000000254,SPARE,S00695
8901000000000000255,ACTIVE,S00061
8901000000000000256,SPARE,S00660
8901000000000000257,RETIRED,S00220
8901000000000000258,ACTIVE,S01060
8901000000000000259,RETIRED,S01894
8901000000000000260,RETIRED,S01517
8901000000000000261,SPARE,S00937
8901000000000000262,SPARE,S01360
8901000000000000263,ACTIVE,S01565
8901000000000000264,ACTIVE,S00507
8901000000000000265,RETIRED,S00201
8901000000000000266,ACTIVE,S01565
8901000000000000267,ACTIVE,S01450
8901000000000000268,RETIRED,S00103
8901000000000000269,RETIRED,S01353
8901000000000000270,SPARE,S01908
8901000000000000271,RETIRED,S01652
8901000000000000272,SPARE,S00937
8901000000000000273,RETIRED,S01149
8901000000000000274,ACTIVE,S00320
8901000000000000275,SPARE,S01186
8901000000000000276,ACTIVE,S01707
8901000000000000277,SPARE,S01597
8901000000000000278,RETIRED,S00210
8901000000000000279,ACTIVE,S01873
8901000000000000280,RETIRED,S00409
8901000000000000281,ACTIVE,S01283
8901000000000000282,SPARE,S00007
8901000000000000283,ACTIVE,S01139
8901000000000000284,RETIRED,S00119
8901000000000000285,RETIRED,S01579
8901000000000000286,SPARE,S01457
8901000000000000287,ACTIVE,S01145
8901000000000000288,ACTIVE,S01266
8901000000000000289,SPARE,S00859
8901000000000000290,RETIRED,S01445
8901000000000000291,ACTIVE,S01068
8901000000000000292,SPARE,S00659
8901000000000000293,RETIRED,S00737
8901000000000000294,SPARE,S00883
8901000000000000295,SPARE,S01921
8901000000000000296,RETIRED,S01295
8901000000000000297,SPARE,S00108
8901000000000000298,ACTIVE,S00762
8901000000000000299,SPARE,S00999
8901000000000000300,RETIRED,S00823
8901000000000000301,ACTIVE,S01688
8901000000000000302,RETIRED,S00119
8901000000000000303,SPARE,S00873
8901000000000000304,SPARE,S01678
8901000000000000305,ACTIVE,S01373
8901000000000000306,SPARE,S00266
8901000000000000307,ACTIVE,S01641
8901000000000000308,RETIRED,S00217
8901000000000000309,RETIRED,S00649
8901000000000000310,SPARE,S00996
8901000000000000311,ACTIVE,S01350
8901000000000000312,SPARE,S00519
8901000000000000313,RETIRED,S01052
8901000000000000314,ACTIVE,S00652
8901000000000000315,RETIRED,S01963
8901000000000000316,RETIRED,S01806
8901000000000000317,SPARE,S00888
8901000000000000318,SPARE,S01206
8901000000000000319,ACTIVE,S00418
8901000000000000320,ACTIVE,S01407
8901000000000000321,RETIRED,S01352
8901000000000000322,ACTIVE,S01742
8901000000000000323,RETIRED,S00950
8901000000000000324,SPARE,S01724
8901000000000000325,RETIRED,S00907
8901000000000000326,SPARE,S01463
8901000000000000327,RETIRED,S01218
8901000000000000328,ACTIVE,S01846
8901000000000000329,RETIRED,S01408
8901000000000000330,ACTIVE,S00962
8901000000000000331,SPARE,S00027
8901000000000000332,SPARE,S01426
8901000000000000333,RETIRED,S01438
8901000000000000334,RETIRED,S01924
8901000000000000335,SPARE,S01934
8901000000000000336,ACTIVE,S00936
8901000000000000337,ACTIVE,S01300
8901000000000000338,RETIRED,S01939
8901000000000000339,ACTIVE,S00665
8901000000000000340,ACTIVE,S02000
8901000000000000341,SPARE,S01315
8901000000000000342,SPARE,S00299
8901000000000000343,ACTIVE,S00105
8901000000000000344,SPARE,S00281
8901000000000000345,SPARE,S01957
8901000000000000346,RETIRED,S00168
8901000000000000347,ACTIVE,S00971
8901000000000000348,ACTIVE,S01916
8901000000000000349,ACTIVE,S00939
8901000000000000350,SPARE,S00993
8901000000000000351,SPARE,S00218
8901000000000000352,ACTIVE,S01401
8901000000000000353,RETIRED,S01362
8901000000000000354,ACTIVE,S01968
8901000000000000355,SPARE,S01194
8901000000000000356,RETIRED,S00491
8901000000000000357,SPARE,S00289
8901000000000000358,ACTIVE,S01905
8901000000000000359,SPARE,S01071
8901000000000000360,RETIRED,S00337
8901000000000000361,SPARE,S01154
8901000000000000362,ACTIVE,S01077
8901000000000000363,SPARE,S01161
8901000000000000364,SPARE,S00440
8901000000000000365,SPARE,S00391
8901000000000000366,RETIRED,S00509
8901000000000000367,SPARE,S01836
8901000000000000368,SPARE,S01185
8901000000000000369,SPARE,S00128
8901000000000000370,RETIRED,S00263
8901000000000000371,SPARE,S01113
8901000000000000372,ACTIVE,S00733
8901000000000000373,ACTIVE,S01096
8901000000000000374,SPARE,S01201
8901000000000000375,SPARE,S01462
8901000000000000376,SPARE,S01639
8901000000000000377,RETIRED,S01356
8901000000000000378,ACTIVE,S01935
8901000000000000379,ACTIVE,S01659
8901000000000000380,ACTIVE,S01874
8901000000000000381,SPARE,S00729
8901000000000000382,RETIRED,S01390
8901000000000000383,SPARE,S00421
8901000000000000384,SPARE,S01441
8901000000000000385,ACTIVE,S00988
8901000000000000386,RETIRED,S01555
8901000000000000387,SPARE,S01394
8901000000000000388,ACTIVE,S00244
8901000000000000389,SPARE,S01455
8901000000000000390,SPARE,S00046
8901000000000000391,RETIRED,S00442
8901000000000000392,SPARE,S00568
8901000000000000393,ACTIVE,S01917
8901000000000000394,SPARE,S01029
8901000000000000395,RETIRED,S00420
8901000000000000396,ACTIVE,S00948
8901000000000000397,SPARE,S00157
8901000000000000398,RETIRED,S00699
8901000000000000399,RETIRED,S01682
8901000000000000400,SPARE,S00203
8901000000000000401,ACTIVE,S01468
8901000000000000402,SPARE,S01338
8901000000000000403,ACTIVE,S01167
8901000000000000404,SPARE,S00545
8901000000000000405,ACTIVE,S01176
8901000000000000406,SPARE,S00103
8901000000000000407,RETIRED,S01232
8901000000000000408,SPARE,S00946
8901000000000000409,SPARE,S00495
8901000000000000410,ACTIVE,S00087
8901000000000000411,RETIRED,S00786
8901000000000000412,RETIRED,S01673
8901000000000000413,SPARE,S01023
8901000000000000414,ACTIVE,S00423
8901000000000000415,SPARE,S00054
8901000000000000416,SPARE,S01927
8901000000000000417,RETIRED,S00114
8901000000000000418,SPARE,S01780
8901000000000000419,RETIRED,S01313
8901000000000000420,ACTIVE,S00554
8901000000000000421,ACTIVE,S00152
8901000000000000422,SPARE,S01201
8901000000000000423,RETIRED,S01763
8901000000000000424,SPARE,S00284
8901000000000000425,RETIRED,S01937
8901000000000000426,SPARE,S00516
8901000000000000427,SPARE,S01111
8901000000000000428,RETIRED,S00334
8901000000000000429,ACTIVE,S01506
8901000000000000430,ACTIVE,S00033
8901000000000000431,ACTIVE,S01696
8901000000000000432,ACTIVE,S00490
8901000000000000433,ACTIVE,S00337
8901000000000000434,SPARE,S00678
8901000000000000435,SPARE,S00436
8901000000000000436,ACTIVE,S00496
8901000000000000437,SPARE,S01599
8901000000000000438,SPARE,S00762
8901000000000000439,SPARE,S01838
8901000000000000440,ACTIVE,S01210
8901000000000000441,RETIRED,S00218
8901000000000000442,ACTIVE,S01987
8901000000000000443,ACTIVE,S00208
8901000000000000444,SPARE,S00531
8901000000000000445,RETIRED,S01992
8901000000000000446,ACTIVE,S00028
8901000000000000447,RETIRED,S00806
8901000000000000448,ACTIVE,S01786
8901000000000000449,RETIRED,S01250
8901000000000000450,RETIRED,S00514
8901000000000000451,ACTIVE,S00663
8901000000000000452,ACTIVE,S00810
8901000000000000453,SPARE,S00233
8901000000000000454,ACTIVE,S01159
8901000000000000455,RETIRED,S00520
8901000000000000456,RETIRED,S00303
8901000000000000457,ACTIVE,S00819
8901000000000000458,RETIRED,S00882
8901000000000000459,RETIRED,S00549
8901000000000000460,ACTIVE,S00710
8901000000000000461,RETIRED,S00363
8901000000000000462,RETIRED,S00392
8901000000000000463,ACTIVE,S01245
8901000000000000464,ACTIVE,S00255
8901000000000000465,ACTIVE,S00554
8901000000000000466,SPARE,S00787
8901000000000000467,SPARE,S01752
8901000000000000468,SPARE,S01742
8901000000000000469,SPARE,S00669
8901000000000000470,ACTIVE,S01476
8901000000000000471,ACTIVE,S01062
8901000000000000472,SPARE,S00864
8901000000000000473,ACTIVE,S01807
8901000000000000474,SPARE,S00570
8901000000000000475,RETIRED,S01576
8901000000000000476,ACTIVE,S00875
8901000000000000477,RETIRED,S01817
8901000000000000478,ACTIVE,S01255
8901000000000000479,RETIRED,S00093
8901000000000000480,SPARE,S01028
8901000000000000481,RETIRED,S00372
8901000000000000482,RETIRED,S00914
8901000000000000483,SPARE,S00301
8901000000000000484,RETIRED,S00847
8901000000000000485,RETIRED,S00100
8901000000000000486,SPARE,S00208
8901000000000000487,RETIRED,S01076
8901000000000000488,SPARE,S00685
8901000000000000489,SPARE,S01903
8901000000000000490,ACTIVE,S01511
8901000000000000491,RETIRED,S01476
8901000000000000492,RETIRED,S00285
8901000000000000493,SPARE,S01128
8901000000000000494,RETIRED,S01232
8901000000000000495,RETIRED,S00770
8901000000000000496,ACTIVE,S01990
8901000000000000497,RETIRED,S00409
8901000000000000498,RETIRED,S00626
8901000000000000499,SPARE,S01901
8901000000000000500,RETIRED,S01835
8901000000000000501,SPARE,S00013
8901000000000000502,SPARE,S01206
8901000000000000503,ACTIVE,S01436
8901000000000000504,ACTIVE,S00484
8901000000000000505,ACTIVE,S00059
8901000000000000506,ACTIVE,S01217
8901000000000000507,ACTIVE,S01441
8901000000000000508,ACTIVE,S00539
8901000000000000509,ACTIVE,S00901
8901000000000000510,ACTIVE,S00358
8901000000000000511,RETIRED,S01131
8901000000000000512,RETIRED,S01513
8901000000000000513,SPARE,S01592
8901000000000000514,RETIRED,S00270
8901000000000000515,ACTIVE,S01988
8901000000000000516,SPARE,S00451
8901000000000000517,RETIRED,S01578
8901000000000000518,ACTIVE,S00296
8901000000000000519,RETIRED,S01823
8901000000000000520,ACTIVE,S00425
8901000000000000521,ACTIVE,S00788
8901000000000000522,ACTIVE,S01486
8901000000000000523,RETIRED,S01260
8901000000000000524,RETIRED,S00297
8901000000000000525,SPARE,S01436
8901000000000000526,ACTIVE,S00174
8901000000000000527,RETIRED,S00257
8901000000000000528,RETIRED,S01331
8901000000000000529,ACTIVE,S00789
8901000000000000530,ACTIVE,S01204
8901000000000000531,SPARE,S01642
8901000000000000532,ACTIVE,S01611
8901000000000000533,SPARE,S00645
8901000000000000534,ACTIVE,S00767
8901000000000000535,ACTIVE,S01564
8901000000000000536,RETIRED,S01635
8901000000000000537,RETIRED,S00019
8901000000000000538,RETIRED,S00958
8901000000000000539,ACTIVE,S00960
8901000000000000540,RETIRED,S01993
8901000000000000541,RETIRED,S01060
8901000000000000542,ACTIVE,S00384
8901000000000000543,SPARE,S00459
8901000000000000544,RETIRED,S00321
8901000000000000545,ACTIVE,S00332
8901000000000000546,SPARE,S01992
8901000000000000547,SPARE,S00306
8901000000000000548,SPARE,S01749
8901000000000000549,RETIRED,S01168
8901000000000000550,RETIRED,S00907
8901000000000000551,RETIRED,S00695
8901000000000000552,RETIRED,S01518
8901000000000000553,SPARE,S01190
8901000000000000554,ACTIVE,S01314
8901000000000000555,RETIRED,S00543
8901000000000000556,ACTIVE,S01105
8901000000000000557,RETIRED,S00094
8901000000000000558,RETIRED,S01641
8901000000000000559,ACTIVE,S00856
8901000000000000560,ACTIVE,S01862
8901000000000000561,SPARE,S00062
8901000000000000562,SPARE,S00515
8901000000000000563,RETIRED,S00051
8901000000000000564,RETIRED,S01542
8901000000000000565,SPARE,S01540
8901000000000000566,ACTIVE,S00071
8901000000000000567,ACTIVE,S00378
8901000000000000568,ACTIVE,S00745
8901000000000000569,ACTIVE,S01833
8901000000000000570,ACTIVE,S01681
8901000000000000571,SPARE,S00339
8901000000000000572,RETIRED,S01148
8901000000000000573,SPARE,S00018
8901000000000000574,ACTIVE,S01130
8901000000000000575,RETIRED,S00998
8901000000000000576,RETIRED,S01781
8901000000000000577,ACTIVE,S01450
8901000000000000578,SPARE,S00700
8901000000000000579,SPARE,S00164
8901000000000000580,SPARE,S00856
8901000000000000581,SPARE,S00645
8901000000000000582,ACTIVE,S00612
8901000000000000583,ACTIVE,S01673
8901000000000000584,SPARE,S00096
8901000000000000585,SPARE,S00248
8901000000000000586,ACTIVE,S00217
8901000000000000587,RETIRED,S01183
8901000000000000588,SPARE,S01484
8901000000000000589,SPARE,S00861
8901000000000000590,ACTIVE,S00354
8901000000000000591,SPARE,S00297
8901000000000000592,ACTIVE,S00244
8901000000000000593,SPARE,S00969
8901000000000000594,ACTIVE,S00502
8901000000000000595,SPARE,S00172
8901000000000000596,SPARE,S00641
8901000000000000597,RETIRED,S00131
8901000000000000598,RETIRED,S01360
8901000000000000599,SPARE,S01788
8901000000000000600,ACTIVE,S01067
8901000000000000601,SPARE,S01581
8901000000000000602,SPARE,S00019
8901000000000000603,RETIRED,S01900
8901000000000000604,ACTIVE,S00821
8901000000000000605,SPARE,S01792
8901000000000000606,SPARE,S01279
8901000000000000607,RETIRED,S01779
8901000000000000608,ACTIVE,S00462
8901000000000000609,RETIRED,S00337
8901000000000000610,ACTIVE,S01886
8901000000000000611,RETIRED,S00245
8901000000000000612,RETIRED,S00519
8901000000000000613,SPARE,S01998
8901000000000000614,SPARE,S01317
8901000000000000615,RETIRED,S01555
8901000000000000616,ACTIVE,S00689
8901000000000000617,RETIRED,S01522
8901000000000000618,RETIRED,S01903
8901000000000000619,ACTIVE,S00542
8901000000000000620,SPARE,S01997
8901000000000000621,RETIRED,S00047
8901000000000000622,RETIRED,S01600
8901000000000000623,ACTIVE,S01481
8901000000000000624,RETIRED,S01729
8901000000000000625,RETIRED,S00565
8901000000000000626,ACTIVE,S01401
8901000000000000627,SPARE,S01252
8901000000000000628,SPARE,S01904
8901000000000000629,ACTIVE,S01513
8901000000000000630,RETIRED,S01690
8901000000000000631,ACTIVE,S00740
8901000000000000632,ACTIVE,S01645
8901000000000000633,SPARE,S00315
8901000000000000634,ACTIVE,S00779
8901000000000000635,ACTIVE,S00373
8901000000000000636,RETIRED,S01787
8901000000000000637,RETIRED,S01827
8901000000000000638,RETIRED,S00156
8901000000000000639,SPARE,S00154
8901000000000000640,RETIRED,S01169
8901000000000000641,SPARE,S01175
8901000000000000642,SPARE,S00565
8901000000000000643,ACTIVE,S01700
8901000000000000644,SPARE,S01722
8901000000000000645,ACTIVE,S01363
8901000000000000646,SPARE,S01102
8901000000000000647,RETIRED,S00392
8901000000000000648,RETIRED,S01256
8901000000000000649,RETIRED,S00471
8901000000000000650,ACTIVE,S00708
8901000000000000651,SPARE,S00877
8901000000000000652,ACTIVE,S01819
8901000000000000653,SPARE,S01926
8901000000000000654,ACTIVE,S01984
8901000000000000655,SPARE,S00098
8901000000000000656,RETIRED,S00573
8901000000000000657,RETIRED,S00675
8901000000000000658,SPARE,S00330
8901000000000000659,SPARE,S00246
8901000000000000660,SPARE,S00866
8901000000000000661,ACTIVE,S01794
8901000000000000662,SPARE,S00639
8901000000000000663,RETIRED,S01640
8901000000000000664,ACTIVE,S00180
8901000000000000665,RETIRED,S00348
8901000000000000666,ACTIVE,S01898
8901000000000000667,RETIRED,S00777
8901000000000000668,RETIRED,S01389
8901000000000000669,RETIRED,S00829
8901000000000000670,RETIRED,S00698
8901000000000000671,RETIRED,S00896
8901000000000000672,RETIRED,S00836
8901000000000000673,RETIRED,S00852
8901000000000000674,ACTIVE,S01491
8901000000000000675,ACTIVE,S01405
8901000000000000676,ACTIVE,S00512
8901000000000000677,SPARE,S00728
8901000000000000678,SPARE,S00243
8901000000000000679,ACTIVE,S00603
8901000000000000680,RETIRED,S00855
8901000000000000681,RETIRED,S01083
8901000000000000682,RETIRED,S01452
8901000000000000683,SPARE,S00385
8901000000000000684,ACTIVE,S00624
8901000000000000685,ACTIVE,S00823
8901000000000000686,ACTIVE,S00991
8901000000000000687,RETIRED,S01064
8901000000000000688,RETIRED,S00794
8901000000000000689,RETIRED,S01133
8901000000000000690,SPARE,S00896
8901000000000000691,SPARE,S01175
8901000000000000692,SPARE,S00229
8901000000000000693,SPARE,S01485
8901000000000000694,ACTIVE,S01845
8901000000000000695,RETIRED,S00393
8901000000000000696,ACTIVE,S01499
8901000000000000697,RETIRED,S00434
8901000000000000698,SPARE,S01167
8901000000000000699,SPARE,S01721
8901000000000000700,SPARE,S01572
8901000000000000701,ACTIVE,S00638
8901000000000000702,ACTIVE,S00252
8901000000000000703,RETIRED,S01946
8901000000000000704,SPARE,S01620
8901000000000000705,SPARE,S01393
8901000000000000706,ACTIVE,S01534
8901000000000000707,SPARE,S00202
8901000000000000708,RETIRED,S00454
8901000000000000709,RETIRED,S01814
8901000000000000710,RETIRED,S00049
8901000000000000711,ACTIVE,S00363
8901000000000000712,SPARE,S00891
8901000000000000713,SPARE,S01702
8901000000000000714,SPARE,S01260
8901000000000000715,ACTIVE,S01611
8901000000000000716,RETIRED,S01203
8901000000000000717,ACTIVE,S00280
8901000000000000718,ACTIVE,S01583
8901000000000000719,ACTIVE,S01230
8901000000000000720,ACTIVE,S01374
8901000000000000721,ACTIVE,S01830
8901000000000000722,SPARE,S00452
8901000000000000723,RETIRED,S01132
8901000000000000724,SPARE,S01055
8901000000000000725,SPARE,S00118
8901000000000000726,ACTIVE,S01422
8901000000000000727,RETIRED,S00875
8901000000000000728,RETIRED,S00415
8901000000000000729,SPARE,S01293
8901000000000000730,ACTIVE,S01015
8901000000000000731,SPARE,S01418
8901000000000000732,RETIRED,S01308
8901000000000000733,SPARE,S00704
8901000000000000734,RETIRED,S01599
8901000000000000735,RETIRED,S00439
8901000000000000736,RETIRED,S01933
8901000000000000737,ACTIVE,S00880
8901000000000000738,SPARE,S01580
8901000000000000739,ACTIVE,S00072
8901000000000000740,ACTIVE,S01759
8901000000000000741,ACTIVE,S01842
8901000000000000742,SPARE,S01026
8901000000000000743,ACTIVE,S01486
8901000000000000744,RETIRED,S00102
8901000000000000745,ACTIVE,S01650
8901000000000000746,ACTIVE,S00566
8901000000000000747,ACTIVE,S00425
8901000000000000748,ACTIVE,S00153
8901000000000000749,SPARE,S01447
8901000000000000750,ACTIVE,S00852
8901000000000000751,ACTIVE,S01956
8901000000000000752,ACTIVE,S01612
8901000000000000753,SPARE,S01810
8901000000000000754,ACTIVE,S01323
8901000000000000755,SPARE,S01251
8901000000000000756,RETIRED,S01486
8901000000000000757,ACTIVE,S00170
8901000000000000758,ACTIVE,S00486
8901000000000000759,RETIRED,S01425
8901000000000000760,ACTIVE,S00095
8901000000000000761,ACTIVE,S00922
8901000000000000762,ACTIVE,S00769
8901000000000000763,SPARE,S00299
8901000000000000764,SPARE,S00953
8901000000000000765,SPARE,S00584
8901000000000000766,RETIRED,S00165
8901000000000000767,ACTIVE,S00335
8901000000000000768,RETIRED,S01959
8901000000000000769,RETIRED,S00279
8901000000000000770,RETIRED,S01824
8901000000000000771,ACTIVE,S00881
8901000000000000772,RETIRED,S01455
8901000000000000773,SPARE,S00814
8901000000000000774,SPARE,S00544
8901000000000000775,SPARE,S00242
8901000000000000776,ACTIVE,S00302
8901000000000000777,RETIRED,S00278
8901000000000000778,ACTIVE,S00034
8901000000000000779,RETIRED,S00873
8901000000000000780,SPARE,S01206
8901000000000000781,RETIRED,S01451
8901000000000000782,SPARE,S00569
8901000000000000783,RETIRED,S00480
8901000000000000784,SPARE,S00235
8901000000000000785,RETIRED,S01469
8901000000000000786,RETIRED,S00602
8901000000000000787,SPARE,S01274
8901000000000000788,SPARE,S01907
8901000000000000789,SPARE,S00148
8901000000000000790,SPARE,S02000
8901000000000000791,RETIRED,S00709
8901000000000000792,SPARE,S01167
8901000000000000793,RETIRED,S01117
8901000000000000794,ACTIVE,S00560
8901000000000000795,RETIRED,S01137
8901000000000000796,RETIRED,S01421
8901000000000000797,RETIRED,S00623
8901000000000000798,ACTIVE,S01577
8901000000000000799,SPARE,S00863
8901000000000000800,RETIRED,S00111
8901000000000000801,ACTIVE,S01395
8901000000000000802,SPARE,S01829
8901000000000000803,RETIRED,S01608
8901000000000000804,SPARE,S00089
8901000000000000805,ACTIVE,S01263
8901000000000000806,SPARE,S01106
8901000000000000807,ACTIVE,S00239
8901000000000000808,RETIRED,S00575
8901000000000000809,SPARE,S00760
8901000000000000810,ACTIVE,S00939
8901000000000000811,RETIRED,S01421
8901000000000000812,RETIRED,S01753
8901000000000000813,RETIRED,S01520
8901000000000000814,ACTIVE,S01435
8901000000000000815,SPARE,S00936
8901000000000000816,RETIRED,S01034
8901000000000000817,SPARE,S01548
8901000000000000818,ACTIVE,S01705
8901000000000000819,SPARE,S00246
8901000000000000820,RETIRED,S00844
8901000000000000821,ACTIVE,S01436
8901000000000000822,ACTIVE,S00395
8901000000000000823,SPARE,S00170
8901000000000000824,SPARE,S01309
8901000000000000825,RETIRED,S01361
8901000000000000826,SPARE,S00159
8901000000000000827,SPARE,S01619
8901000000000000828,SPARE,S00441
8901000000000000829,SPARE,S01625
8901000000000000830,RETIRED,S00298
8901000000000000831,ACTIVE,S01102
8901000000000000832,RETIRED,S00349
8901000000000000833,RETIRED,S01273
8901000000000000834,ACTIVE,S01592
8901000000000000835,ACTIVE,S01940
8901000000000000836,RETIRED,S01955
8901000000000000837,ACTIVE,S01638
8901000000000000838,RETIRED,S00807
8901000000000000839,SPARE,S00462
8901000000000000840,ACTIVE,S01594
8901000000000000841,RETIRED,S01133
8901000000000000842,RETIRED,S01944
8901000000000000843,RETIRED,S00178
8901000000000000844,SPARE,S01221
8901000000000000845,RETIRED,S01146
8901000000000000846,SPARE,S01212
8901000000000000847,ACTIVE,S00537
8901000000000000848,ACTIVE,S01027
8901000000000000849,ACTIVE,S01272
8901000000000000850,RETIRED,S01378
8901000000000000851,ACTIVE,S01077
8901000000000000852,ACTIVE,S00962
8901000000000000853,ACTIVE,S00196
8901000000000000854,SPARE,S01723
8901000000000000855,RETIRED,S00738
8901000000000000856,RETIRED,S00056
8901000000000000857,RETIRED,S01288
8901000000000000858,RETIRED,S00872
8901000000000000859,RETIRED,S01257
8901000000000000860,RETIRED,S01433
8901000000000000861,RETIRED,S01524
8901000000000000862,RETIRED,S01928
8901000000000000863,RETIRED,S00257
8901000000000000864,RETIRED,S00862
8901000000000000865,RETIRED,S01862
8901000000000000866,ACTIVE,S00768
8901000000000000867,RETIRED,S00386
8901000000000000868,RETIRED,S00433
8901000000000000869,RETIRED,S00323
8901000000000000870,ACTIVE,S00190
8901000000000000871,RETIRED,S00546
8901000000000000872,ACTIVE,S01424
8901000000000000873,RETIRED,S01440
8901000000000000874,ACTIVE,S00252
8901000000000000875,RETIRED,S00074
8901000000000000876,SPARE,S00731
8901000000000000877,ACTIVE,S01870
8901000000000000878,SPARE,S01963
8901000000000000879,SPARE,S01030
8901000000000000880,RETIRED,S01043
8901000000000000881,ACTIVE,S01995
8901000000000000882,ACTIVE,S00019
8901000000000000883,RETIRED,S01610
8901000000000000884,ACTIVE,S00578
8901000000000000885,SPARE,S01264
8901000000000000886,SPARE,S01003
8901000000000000887,SPARE,S00172
8901000000000000888,ACTIVE,S01857
8901000000000000889,RETIRED,S00284
8901000000000000890,RETIRED,S00897
8901000000000000891,ACTIVE,S00812
8901000000000000892,SPARE,S01328
8901000000000000893,SPARE,S01660
8901000000000000894,ACTIVE,S00538
8901000000000000895,RETIRED,S00276
8901000000000000896,RETIRED,S00528
8901000000000000897,SPARE,S01362
8901000000000000898,ACTIVE,S00631
8901000000000000899,RETIRED,S01037
8901000000000000900,ACTIVE,S00001
8901000000000000901,RETIRED,S01883
8901000000000000902,SPARE,S00429
8901000000000000903,RETIRED,S01604
8901000000000000904,ACTIVE,S00235
8901000000000000905,RETIRED,S01345
8901000000000000906,RETIRED,S01402
8901000000000000907,RETIRED,S01291
8901000000000000908,ACTIVE,S01476
8901000000000000909,ACTIVE,S01897
8901000000000000910,RETIRED,S00405
8901000000000000911,ACTIVE,S01499
8901000000000000912,RETIRED,S00011
8901000000000000913,SPARE,S00840
8901000000000000914,SPARE,S01527
8901000000000000915,ACTIVE,S01980
8901000000000000916,ACTIVE,S01681
8901000000000000917,RETIRED,S00478
8901000000000000918,RETIRED,S00279
8901000000000000919,ACTIVE,S00242
8901000000000000920,SPARE,S01708
8901000000000000921,ACTIVE,S00163
8901000000000000922,ACTIVE,S01522
8901000000000000923,RETIRED,S00155
8901000000000000924,RETIRED,S00471
8901000000000000925,SPARE,S00436
8901000000000000926,SPARE,S01798
8901000000000000927,ACTIVE,S00303
8901000000000000928,SPARE,S01673
8901000000000000929,RETIRED,S01264
8901000000000000930,ACTIVE,S00674
8901000000000000931,RETIRED,S01887
8901000000000000932,ACTIVE,S00046
8901000000000000933,ACTIVE,S00512
8901000000000000934,ACTIVE,S00951
8901000000000000935,SPARE,S01965
8901000000000000936,RETIRED,S00333
8901000000000000937,SPARE,S01612
8901000000000000938,ACTIVE,S01914
8901000000000000939,SPARE,S00991
8901000000000000940,ACTIVE,S00176
8901000000000000941,RETIRED,S01354
8901000000000000942,SPARE,S01871
8901000000000000943,SPARE,S01456
8901000000000000944,RETIRED,S01799
8901000000000000945,ACTIVE,S00747
8901000000000000946,RETIRED,S01536
8901000000000000947,ACTIVE,S01200
8901000000000000948,ACTIVE,S00562
8901000000000000949,RETIRED,S00360
8901000000000000950,ACTIVE,S00755
8901000000000000951,SPARE,S01261
8901000000000000952,SPARE,S01460
8901000000000000953,SPARE,S01304
8901000000000000954,ACTIVE,S00148
8901000000000000955,ACTIVE,S00479
8901000000000000956,RETIRED,S00341
8901000000000000957,SPARE,S00253
8901000000000000958,RETIRED,S01658
8901000000000000959,ACTIVE,S01631
8901000000000000960,RETIRED,S00680
8901000000000000961,RETIRED,S01812
8901000000000000962,SPARE,S01774
8901000000000000963,SPARE,S01399
8901000000000000964,SPARE,S01391
8901000000000000965,ACTIVE,S01083
8901000000000000966,RETIRED,S01357
8901000000000000967,SPARE,S00419
8901000000000000968,ACTIVE,S00975
8901000000000000969,SPARE,S00736
8901000000000000970,ACTIVE,S00619
8901000000000000971,SPARE,S00224
8901000000000000972,SPARE,S01782
8901000000000000973,RETIRED,S01261
8901000000000000974,ACTIVE,S01440
8901000000000000975,SPARE,S00415
8901000000000000976,ACTIVE,S00367
8901000000000000977,SPARE,S00184
8901000000000000978,RETIRED,S01803
8901000000000000979,SPARE,S01744
8901000000000000980,RETIRED,S01604
8901000000000000981,RETIRED,S00566
8901000000000000982,ACTIVE,S01862
8901000000000000983,SPARE,S00540
8901000000000000984,SPARE,S01472
8901000000000000985,ACTIVE,S00828
8901000000000000986,RETIRED,S01022
8901000000000000987,ACTIVE,S01504
8901000000000000988,ACTIVE,S00468
8901000000000000989,RETIRED,S00023
8901000000000000990,ACTIVE,S00243
8901000000000000991,RETIRED,S00698
8901000000000000992,RETIRED,S00696
8901000000000000993,ACTIVE,S00207
8901000000000000994,RETIRED,S01603
8901000000000000995,RETIRED,S01486
8901000000000000996,SPARE,S00486
8901000000000000997,RETIRED,S01217
8901000000000000998,ACTIVE,S01312
8901000000000000999,RETIRED,S00680
8901000000000001000,SPARE,S01793
8901000000000001001,RETIRED,S01427
8901000000000001002,SPARE,S01599
8901000000000001003,SPARE,S00623
8901000000000001004,SPARE,S01859
8901000000000001005,SPARE,S00562
8901000000000001006,RETIRED,S01812
8901000000000001007,RETIRED,S00190
8901000000000001008,ACTIVE,S00077
8901000000000001009,SPARE,S00982
8901000000000001010,SPARE,S00563
8901000000000001011,RETIRED,S01172
8901000000000001012,ACTIVE,S01896
8901000000000001013,ACTIVE,S00383
8901000000000001014,RETIRED,S01463
8901000000000001015,SPARE,S00901
8901000000000001016,RETIRED,S00612
8901000000000001017,SPARE,S00482
8901000000000001018,RETIRED,S01471
8901000000000001019,RETIRED,S00059
8901000000000001020,RETIRED,S01276
8901000000000001021,ACTIVE,S00669
8901000000000001022,SPARE,S00828
8901000000000001023,ACTIVE,S01350
8901000000000001024,ACTIVE,S00071
8901000000000001025,SPARE,S00215
8901000000000001026,ACTIVE,S00944
8901000000000001027,SPARE,S00736
8901000000000001028,SPARE,S00386
8901000000000001029,ACTIVE,S01676
8901000000000001030,RETIRED,S00014
8901000000000001031,ACTIVE,S00166
8901000000000001032,RETIRED,S00138
8901000000000001033,SPARE,S01154
8901000000000001034,ACTIVE,S01671
8901000000000001035,ACTIVE,S00219
8901000000000001036,ACTIVE,S00197
8901000000000001037,RETIRED,S01047
8901000000000001038,SPARE,S00727
8901000000000001039,ACTIVE,S00690
8901000000000001040,SPARE,S01841
8901000000000001041,RETIRED,S01021
8901000000000001042,ACTIVE,S00447
8901000000000001043,SPARE,S00493
8901000000000001044,SPARE,S01604
8901000000000001045,RETIRED,S00573
8901000000000001046,RETIRED,S00231
8901000000000001047,RETIRED,S00032
8901000000000001048,SPARE,S00322
8901000000000001049,SPARE,S00037
8901000000000001050,SPARE,S00911
8901000000000001051,RETIRED,S00052
8901000000000001052,SPARE,S00724
8901000000000001053,RETIRED,S00244
8901000000000001054,RETIRED,S00205
8901000000000001055,RETIRED,S00145
8901000000000001056,SPARE,S00039
8901000000000001057,RETIRED,S01985
8901000000000001058,SPARE,S01175
8901000000000001059,RETIRED,S00712
8901000000000001060,RETIRED,S01589
8901000000000001061,SPARE,S00719
8901000000000001062,RETIRED,S01347
8901000000000001063,SPARE,S01402
8901000000000001064,RETIRED,S00364
8901000000000001065,ACTIVE,S00514
8901000000000001066,SPARE,S00606
8901000000000001067,ACTIVE,S01846
8901000000000001068,RETIRED,S00406
8901000000000001069,SPARE,S01037
8901000000000001070,SPARE,S01382
8901000000000001071,ACTIVE,S00553
8901000000000001072,RETIRED,S01934
8901000000000001073,RETIRED,S00216
8901000000000001074,RETIRED,S00988
8901000000000001075,SPARE,S01998
8901000000000001076,ACTIVE,S00155
8901000000000001077,SPARE,S01190
8901000000000001078,SPARE,S01996
8901000000000001079,ACTIVE,S01233
8901000000000001080,ACTIVE,S01881
8901000000000001081,ACTIVE,S01275
8901000000000001082,ACTIVE,S01283
8901000000000001083,SPARE,S01095
8901000000000001084,ACTIVE,S00427
8901000000000001085,RETIRED,S00003
8901000000000001086,ACTIVE,S00616
8901000000000001087,ACTIVE,S01535
8901000000000001088,ACTIVE,S00359
8901000000000001089,SPARE,S01127
8901000000000001090,ACTIVE,S01272
8901000000000001091,ACTIVE,S00089
8901000000000001092,ACTIVE,S00186
8901000000000001093,RETIRED,S01750
8901000000000001094,RETIRED,S00846
8901000000000001095,RETIRED,S00444
8901000000000001096,RETIRED,S01664
8901000000000001097,SPARE,S00329
8901000000000001098,SPARE,S00531
8901000000000001099,RETIRED,S00171
8901000000000001100,SPARE,S01542
8901000000000001101,SPARE,S01049
8901000000000001102,RETIRED,S00287
8901000000000001103,SPARE,S01248
8901000000000001104,RETIRED,S00130
8901000000000001105,ACTIVE,S00208
8901000000000001106,ACTIVE,S01252
8901000000000001107,RETIRED,S01920
8901000000000001108,RETIRED,S01001
8901000000000001109,ACTIVE,S00349
8901000000000001110,RETIRED,S00585
8901000000000001111,RETIRED,S01368
8901000000000001112,SPARE,S01501
8901000000000001113,RETIRED,S01671
8901000000000001114,SPARE,S01305
8901000000000001115,ACTIVE,S00679
8901000000000001116,RETIRED,S00554
8901000000000001117,ACTIVE,S00913
8901000000000001118,SPARE,S01492
8901000000000001119,RETIRED,S00628
8901000000000001120,ACTIVE,S01959
8901000000000001121,SPARE,S00160
8901000000000001122,RETIRED,S00256
8901000000000001123,RETIRED,S00170
8901000000000001124,SPARE,S01353
8901000000000001125,RETIRED,S00637
8901000000000001126,ACTIVE,S01115
8901000000000001127,RETIRED,S01356
8901000000000001128,SPARE,S01183
8901000000000001129,RETIRED,S00208
8901000000000001130,RETIRED,S01128
8901000000000001131,SPARE,S00163
8901000000000001132,RETIRED,S01191
8901000000000001133,SPARE,S00435
8901000000000001134,SPARE,S00076
8901000000000001135,ACTIVE,S01758
8901000000000001136,ACTIVE,S01972
8901000000000001137,SPARE,S01041
8901000000000001138,RETIRED,S00382
8901000000000001139,ACTIVE,S00416
8901000000000001140,SPARE,S01119
8901000000000001141,SPARE,S01993
8901000000000001142,SPARE,S01639
8901000000000001143,SPARE,S00977
8901000000000001144,SPARE,S01612
8901000000000001145,RETIRED,S00211
8901000000000001146,ACTIVE,S00270
8901000000000001147,SPARE,S00549
8901000000000001148,ACTIVE,S01782
8901000000000001149,SPARE,S01802
8901000000000001150,RETIRED,S01917
8901000000000001151,RETIRED,S01777
8901000000000001152,SPARE,S01286
8901000000000001153,SPARE,S00641
8901000000000001154,RETIRED,S01785
8901000000000001155,SPARE,S00432
8901000000000001156,ACTIVE,S00796
8901000000000001157,ACTIVE,S01854
8901000000000001158,SPARE,S00980
8901000000000001159,RETIRED,S01874
8901000000000001160,SPARE,S01049
8901000000000001161,RETIRED,S01365
8901000000000001162,RETIRED,S01772
8901000000000001163,ACTIVE,S00485
8901000000000001164,ACTIVE,S00850
8901000000000001165,RETIRED,S00535
8901000000000001166,ACTIVE,S01822
8901000000000001167,ACTIVE,S01615
8901000000000001168,ACTIVE,S00560
8901000000000001169,RETIRED,S01102
8901000000000001170,RETIRED,S00182
8901000000000001171,RETIRED,S00152
8901000000000001172,SPARE,S01159
8901000000000001173,RETIRED,S01734
8901000000000001174,ACTIVE,S01081
8901000000000001175,ACTIVE,S00089
8901000000000001176,ACTIVE,S00425
8901000000000001177,RETIRED,S00554
8901000000000001178,RETIRED,S00068
8901000000000001179,ACTIVE,S01551
8901000000000001180,SPARE,S00032
8901000000000001181,RETIRED,S01977
8901000000000001182,ACTIVE,S01727
8901000000000001183,RETIRED,S01946
8901000000000001184,RETIRED,S00168
8901000000000001185,RETIRED,S00979
8901000000000001186,ACTIVE,S01818
8901000000000001187,SPARE,S01320
8901000000000001188,SPARE,S01364
8901000000000001189,RETIRED,S00405
8901000000000001190,RETIRED,S00441
8901000000000001191,ACTIVE,S00278
8901000000000001192,RETIRED,S01670
8901000000000001193,ACTIVE,S01953
8901000000000001194,ACTIVE,S00156
8901000000000001195,SPARE,S01204
8901000000000001196,RETIRED,S01710
8901000000000001197,ACTIVE,S01981
8901000000000001198,ACTIVE,S01776
8901000000000001199,RETIRED,S00856
8901000000000001200,RETIRED,S00746
8901000000000001201,ACTIVE,S01308
8901000000000001202,ACTIVE,S00006
8901000000000001203,SPARE,S01461
8901000000000001204,RETIRED,S00762
8901000000000001205,ACTIVE,S01724
8901000000000001206,RETIRED,S01559
8901000000000001207,SPARE,S01152
8901000000000001208,SPARE,S01570
8901000000000001209,SPARE,S00572
8901000000000001210,SPARE,S00387
8901000000000001211,SPARE,S00050
8901000000000001212,RETIRED,S00386
8901000000000001213,RETIRED,S01944
8901000000000001214,RETIRED,S01016
8901000000000001215,ACTIVE,S01356
8901000000000001216,RETIRED,S00544
8901000000000001217,ACTIVE,S01024
8901000000000001218,SPARE,S01873
8901000000000001219,ACTIVE,S01804
8901000000000001220,SPARE,S01885
8901000000000001221,SPARE,S01966
8901000000000001222,SPARE,S00703
8901000000000001223,RETIRED,S01798
8901000000000001224,ACTIVE,S01004
8901000000000001225,SPARE,S00289
8901000000000001226,ACTIVE,S01847
8901000000000001227,RETIRED,S00610
8901000000000001228,RETIRED,S01168
8901000000000001229,RETIRED,S01948
8901000000000001230,SPARE,S00608
8901000000000001231,SPARE,S01458
8901000000000001232,RETIRED,S01930
8901000000000001233,ACTIVE,S01930
8901000000000001234,SPARE,S00229
8901000000000001235,SPARE,S01699
8901000000000001236,ACTIVE,S00922
8901000000000001237,RETIRED,S00390
8901000000000001238,ACTIVE,S01723
8901000000000001239,SPARE,S01207
8901000000000001240,SPARE,S01318
8901000000000001241,SPARE,S00787
8901000000000001242,ACTIVE,S01062
8901000000000001243,SPARE,S01799
8901000000000001244,ACTIVE,S01210
8901000000000001245,RETIRED,S00741
8901000000000001246,RETIRED,S01347
8901000000000001247,ACTIVE,S00330
8901000000000001248,RETIRED,S00281
8901000000000001249,SPARE,S00471
8901000000000001250,RETIRED,S01916
8901000000000001251,SPARE,S00218
8901000000000001252,SPARE,S01721
8901000000000001253,RETIRED,S00829
8901000000000001254,SPARE,S01910
8901000000000001255,SPARE,S00527
8901000000000001256,SPARE,S00494
8901000000000001257,ACTIVE,S00480
8901000000000001258,ACTIVE,S00975
8901000000000001259,ACTIVE,S01930
8901000000000001260,SPARE,S00439
8901000000000001261,SPARE,S01115
8901000000000001262,RETIRED,S00557
8901000000000001263,ACTIVE,S01570
8901000000000001264,ACTIVE,S01419
8901000000000001265,ACTIVE,S01803
8901000000000001266,RETIRED,S01174
8901000000000001267,SPARE,S01399
8901000000000001268,SPARE,S00002
8901000000000001269,SPARE,S01154
8901000000000001270,ACTIVE,S00634
8901000000000001271,RETIRED,S01502
8901000000000001272,SPARE,S01924
8901000000000001273,RETIRED,S01786
8901000000000001274,ACTIVE,S01539
8901000000000001275,RETIRED,S01086
8901000000000001276,RETIRED,S01313
8901000000000001277,RETIRED,S00474
8901000000000001278,SPARE,S01361
8901000000000001279,SPARE,S01049
8901000000000001280,RETIRED,S01041
8901000000000001281,RETIRED,S00492
8901000000000001282,RETIRED,S00087
8901000000000001283,SPARE,S00448
8901000000000001284,SPARE,S01363
8901000000000001285,RETIRED,S01507
8901000000000001286,SPARE,S01567
8901000000000001287,SPARE,S01960
8901000000000001288,ACTIVE,S00175
8901000000000001289,ACTIVE,S01064
8901000000000001290,ACTIVE,S01946
8901000000000001291,RETIRED,S00587
8901000000000001292,RETIRED,S01331
8901000000000001293,SPARE,S00036
8901000000000001294,SPARE,S00577
8901000000000001295,SPARE,S01657
8901000000000001296,SPARE,S00564
8901000000000001297,SPARE,S00870
8901000000000001298,ACTIVE,S01035
8901000000000001299,RETIRED,S01093
8901000000000001300,RETIRED,S00890
8901000000000001301,ACTIVE,S00746
8901000000000001302,ACTIVE,S01589
8901000000000001303,ACTIVE,S00239
8901000000000001304,SPARE,S00394
8901000000000001305,SPARE,S01622
8901000000000001306,ACTIVE,S01667
8901000000000001307,RETIRED,S01298
8901000000000001308,SPARE,S00543
8901000000000001309,SPARE,S00932
8901000000000001310,ACTIVE,S00092
8901000000000001311,RETIRED,S01498
8901000000000001312,RETIRED,S00654
8901000000000001313,ACTIVE,S00945
8901000000000001314,ACTIVE,S00979
8901000000000001315,ACTIVE,S01699
8901000000000001316,SPARE,S00995
8901000000000001317,ACTIVE,S01893
8901000000000001318,RETIRED,S00934
8901000000000001319,SPARE,S01848
8901000000000001320,ACTIVE,S01759
8901000000000001321,RETIRED,S00059
8901000000000001322,SPARE,S00123
8901000000000001323,ACTIVE,S00183
8901000000000001324,RETIRED,S01175
8901000000000001325,ACTIVE,S00946
8901000000000001326,ACTIVE,S00910
8901000000000001327,SPARE,S00972
8901000000000001328,SPARE,S01665
8901000000000001329,SPARE,S00239
8901000000000001330,SPARE,S01861
8901000000000001331,ACTIVE,S01899
8901000000000001332,RETIRED,S00141
8901000000000001333,RETIRED,S01183
8901000000000001334,ACTIVE,S00220
8901000000000001335,ACTIVE,S00348
8901000000000001336,ACTIVE,S01173
8901000000000001337,RETIRED,S00276
8901000000000001338,SPARE,S01004
8901000000000001339,RETIRED,S01194
8901000000000001340,ACTIVE,S01953
8901000000000001341,SPARE,S01430
8901000000000001342,RETIRED,S00139
8901000000000001343,ACTIVE,S00225
8901000000000001344,SPARE,S01655
8901000000000001345,RETIRED,S01166
8901000000000001346,SPARE,S01203
8901000000000001347,ACTIVE,S00687
8901000000000001348,RETIRED,S00278
8901000000000001349,ACTIVE,S01000
8901000000000001350,RETIRED,S01308
8901000000000001351,RETIRED,S01003
8901000000000001352,SPARE,S01176
8901000000000001353,ACTIVE,S00420
8901000000000001354,RETIRED,S01110
8901000000000001355,RETIRED,S00936
8901000000000001356,ACTIVE,S00393
8901000000000001357,RETIRED,S01619
8901000000000001358,RETIRED,S01413
8901000000000001359,RETIRED,S00155
8901000000000001360,ACTIVE,S01049
8901000000000001361,RETIRED,S01613
8901000000000001362,RETIRED,S00456
8901000000000001363,ACTIVE,S01842
8901000000000001364,ACTIVE,S01830
8901000000000001365,ACTIVE,S01810
8901000000000001366,RETIRED,S01465
8901000000000001367,SPARE,S00035
8901000000000001368,ACTIVE,S01402
8901000000000001369,SPARE,S01491
8901000000000001370,ACTIVE,S01610
8901000000000001371,ACTIVE,S00396
8901000000000001372,RETIRED,S00011
8901000000000001373,SPARE,S00351
8901000000000001374,ACTIVE,S00530
8901000000000001375,ACTIVE,S01265
8901000000000001376,RETIRED,S00392
8901000000000001377,SPARE,S01215
8901000000000001378,SPARE,S00592
8901000000000001379,SPARE,S00914
8901000000000001380,ACTIVE,S00525
8901000000000001381,ACTIVE,S01306
8901000000000001382,RETIRED,S00395
8901000000000001383,RETIRED,S00222
8901000000000001384,RETIRED,S00007
8901000000000001385,ACTIVE,S00153
8901000000000001386,ACTIVE,S00514
8901000000000001387,RETIRED,S01991
8901000000000001388,RETIRED,S01669
8901000000000001389,SPARE,S01454
8901000000000001390,SPARE,S01344
8901000000000001391,ACTIVE,S01041
8901000000000001392,RETIRED,S00728
8901000000000001393,RETIRED,S00405
8901000000000001394,RETIRED,S00180
8901000000000001395,SPARE,S00575
8901000000000001396,RETIRED,S01920
8901000000000001397,ACTIVE,S01552
8901000000000001398,ACTIVE,S00602
8901000000000001399,ACTIVE,S01705
8901000000000001400,RETIRED,S00393
8901000000000001401,SPARE,S00224
8901000000000001402,RETIRED,S01582
8901000000000001403,ACTIVE,S01424
8901000000000001404,SPARE,S01444
8901000000000001405,SPARE,S01746
8901000000000001406,ACTIVE,S00498
8901000000000001407,ACTIVE,S01215
8901000000000001408,RETIRED,S01236
8901000000000001409,RETIRED,S00641
8901000000000001410,ACTIVE,S01888
8901000000000001411,RETIRED,S00058
8901000000000001412,ACTIVE,S00994
8901000000000001413,RETIRED,S00877
8901000000000001414,SPARE,S00102
8901000000000001415,SPARE,S00468
8901000000000001416,RETIRED,S00129
8901000000000001417,RETIRED,S00983
8901000000000001418,SPARE,S00810
8901000000000001419,ACTIVE,S01166
8901000000000001420,SPARE,S00459
8901000000000001421,RETIRED,S00631
8901000000000001422,RETIRED,S01364
8901000000000001423,ACTIVE,S01802
8901000000000001424,ACTIVE,S00973
8901000000000001425,ACTIVE,S01410
8901000000000001426,RETIRED,S01992
8901000000000001427,SPARE,S01850
8901000000000001428,SPARE,S01997
8901000000000001429,SPARE,S01844
8901000000000001430,RETIRED,S00963
8901000000000001431,RETIRED,S01016
8901000000000001432,RETIRED,S00952
8901000000000001433,RETIRED,S00433
8901000000000001434,SPARE,S00962
8901000000000001435,RETIRED,S00164
8901000000000001436,SPARE,S01478
8901000000000001437,RETIRED,S01809
8901000000000001438,RETIRED,S00844
8901000000000001439,ACTIVE,S00577
8901000000000001440,SPARE,S01080
8901000000000001441,RETIRED,S01271
8901000000000001442,RETIRED,S00217
8901000000000001443,SPARE,S00593
8901000000000001444,ACTIVE,S00821
8901000000000001445,SPARE,S01672
8901000000000001446,ACTIVE,S00712
8901000000000001447,SPARE,S00150
8901000000000001448,ACTIVE,S00554
8901000000000001449,SPARE,S00439
8901000000000001450,RETIRED,S01496
8901000000000001451,ACTIVE,S01752
8901000000000001452,SPARE,S00228
8901000000000001453,RETIRED,S01375
8901000000000001454,ACTIVE,S00102
8901000000000001455,ACTIVE,S01838
8901000000000001456,RETIRED,S01476
8901000000000001457,RETIRED,S00954
8901000000000001458,RETIRED,S01527
8901000000000001459,SPARE,S00174
8901000000000001460,SPARE,S01664
8901000000000001461,ACTIVE,S00683
8901000000000001462,RETIRED,S00357
8901000000000001463,ACTIVE,S01241
8901000000000001464,RETIRED,S00105
8901000000000001465,RETIRED,S01801
8901000000000001466,SPARE,S00897
8901000000000001467,ACTIVE,S01437
8901000000000001468,RETIRED,S01248
8901000000000001469,ACTIVE,S00692
8901000000000001470,RETIRED,S01163
8901000000000001471,ACTIVE,S01689
8901000000000001472,SPARE,S01561
8901000000000001473,ACTIVE,S01987
8901000000000001474,SPARE,S01477
8901000000000001475,RETIRED,S00273
8901000000000001476,RETIRED,S00061
8901000000000001477,RETIRED,S01078
8901000000000001478,ACTIVE,S01862
8901000000000001479,ACTIVE,S01323
8901000000000001480,ACTIVE,S00750
8901000000000001481,SPARE,S01116
8901000000000001482,RETIRED,S00404
8901000000000001483,ACTIVE,S01116
8901000000000001484,ACTIVE,S01138
8901000000000001485,RETIRED,S01685
8901000000000001486,RETIRED,S00424
8901000000000001487,RETIRED,S01065
8901000000000001488,RETIRED,S00803
8901000000000001489,SPARE,S01666
8901000000000001490,SPARE,S00447
8901000000000001491,ACTIVE,S00101
8901000000000001492,SPARE,S01495
8901000000000001493,RETIRED,S00725
8901000000000001494,ACTIVE,S00152
8901000000000001495,ACTIVE,S01864
8901000000000001496,ACTIVE,S01142
8901000000000001497,ACTIVE,S00086
8901000000000001498,ACTIVE,S00926
8901000000000001499,RETIRED,S01752
8901000000000001500,ACTIVE,S01886
