subscription_id,customer_id,plan_id,status,cycle_start,cycle_end
S00001,C01001,P2,ACTIVE,2025-03-01,2025-03-31
S00002,C01002,P2,ACTIVE,2025-03-01,2025-03-31
S00003,C01003,P1,ACTIVE,2025-03-01,2025-03-31
S00004,C01004,P2,ACTIVE,2025-03-01,2025-03-31
S00005,C01005,P1,ACTIVE,2025-03-01,2025-03-31
S00006,C01006,P2,CANCELLED,2025-03-01,2025-03-31
S00007,C01007,P1,ACTIVE,2025-03-01,2025-03-31
S00008,C01008,P1,ACTIVE,2025-03-01,2025-03-31
S00009,C01009,P3,ACTIVE,2025-03-01,2025-03-31
S00010,C01010,P1,ACTIVE,2025-03-01,2025-03-31
S00011,C01011,P2,ACTIVE,2025-03-01,2025-03-31
S00012,C01012,P2,SUSPENDED,2025-03-01,2025-03-31
S00013,C01013,P1,ACTIVE,2025-03-01,2025-03-31
S00014,C01014,P1,ACTIVE,2025-03-01,2025-03-31
S00015,C01015,P1,ACTIVE,2025-03-01,2025-03-31
S00016,C01016,P4,ACTIVE,2025-03-01,2025-03-31
S00017,C01017,P3,ACTIVE,2025-03-01,2025-03-31
S00018,C01018,P3,ACTIVE,2025-03-01,2025-03-31
S00019,C01019,P1,ACTIVE,2025-03-01,2025-03-31
S00020,C01020,P3,ACTIVE,2025-03-01,2025-03-31
S00021,C01021,P4,ACTIVE,2025-03-01,2025-03-31
S00022,C01022,P1,ACTIVE,2025-03-01,2025-03-31
S00023,C01023,P1,ACTIVE,2025-03-01,2025-03-31
S00024,C01024,P1,ACTIVE,2025-03-01,2025-03-31
S00025,C01025,P2,ACTIVE,2025-03-01,2025-03-31
S00026,C01026,P1,CANCELLED,2025-03-01,2025-03-31
S00027,C01027,P2,ACTIVE,2025-03-01,2025-03-31
S00028,C01028,P3,ACTIVE,2025-03-01,2025-03-31
S00029,C01029,P3,ACTIVE,2025-03-01,2025-03-31
S00030,C01030,P1,ACTIVE,2025-03-01,2025-03-31
S00031,C01031,P1,ACTIVE,2025-03-01,2025-03-31
S00032,C01032,P1,ACTIVE,2025-03-01,2025-03-31
S00033,C01033,P2,ACTIVE,2025-03-01,2025-03-31
S00034,C01034,P2,ACTIVE,2025-03-01,2025-03-31
S00035,C01035,P1,SUSPENDED,2025-03-01,2025-03-31
S00036,C01036,P4,ACTIVE,2025-03-01,2025-03-31
S00037,C01037,P1,ACTIVE,2025-03-01,2025-03-31
S00038,C01038,P2,ACTIVE,2025-03-01,2025-03-31
S00039,C01039,P1,ACTIVE,2025-03-01,2025-03-31
S00040,C01040,P1,CANCELLED,2025-03-01,2025-03-31
S00041,C01041,P4,ACTIVE,2025-03-01,2025-03-31
S00042,C01042,P1,SUSPENDED,2025-03-01,2025-03-31
S00043,C01043,P3,ACTIVE,2025-03-01,2025-03-31
S00044,C01044,P2,SUSPENDED,2025-03-01,2025-03-31
S00045,C01045,P1,ACTIVE,2025-03-01,2025-03-31
S00046,C01046,P2,ACTIVE,2025-03-01,2025-03-31
S00047,C01047,P1,ACTIVE,2025-03-01,2025-03-31
S00048,C01048,P1,ACTIVE,2025-03-01,2025-03-31
S00049,C01049,P2,ACTIVE,2025-03-01,2025-03-31
S00050,C01050,P1,ACTIVE,2025-03-01,2025-03-31
S00051,C01051,P3,ACTIVE,2025-03-01,2025-03-31
S00052,C01052,P3,ACTIVE,2025-03-01,2025-03-31
S00053,C01053,P1,ACTIVE,2025-03-01,2025-03-31
S00054,C01054,P2,ACTIVE,2025-03-01,2025-03-31
S00055,C01055,P2,ACTIVE,2025-03-01,2025-03-31
S00056,C01056,P2,ACTIVE,2025-03-01,2025-03-31
S00057,C01057,P2,ACTIVE,2025-03-01,2025-03-31
S00058,C01058,P1,ACTIVE,2025-03-01,2025-03-31
S00059,C01059,P1,SUSPENDED,2025-03-01,2025-03-31
S00060,C01060,P1,ACTIVE,2025-03-01,2025-03-31
S00061,C01061,P1,ACTIVE,2025-03-01,2025-03-31
S00062,C01062,P3,ACTIVE,2025-03-01,2025-03-31
S00063,C01063,P1,ACTIVE,2025-03-01,2025-03-31
S00064,C01064,P1,ACTIVE,2025-03-01,2025-03-31
S00065,C01065,P2,CANCELLED,2025-03-01,2025-03-31
S00066,C01066,P2,ACTIVE,2025-03-01,2025-03-31
S00067,C01067,P1,ACTIVE,2025-03-01,2025-03-31
S00068,C01068,P1,ACTIVE,2025-03-01,2025-03-31
S00069,C01069,P4,ACTIVE,2025-03-01,2025-03-31
S00070,C01070,P1,ACTIVE,2025-03-01,2025-03-31
S00071,C01071,P1,SUSPENDED,2025-03-01,2025-03-31
S00072,C01072,P1,CANCELLED,2025-03-01,2025-03-31
S00073,C01073,P1,ACTIVE,2025-03-01,2025-03-31
S00074,C01074,P3,ACTIVE,2025-03-01,2025-03-31
S00075,C01075,P1,ACTIVE,2025-03-01,2025-03-31
S00076,C01076,P1,ACTIVE,2025-03-01,2025-03-31
S00077,C01077,P3,ACTIVE,2025-03-01,2025-03-31
S00078,C01078,P1,ACTIVE,2025-03-01,2025-03-31
S00079,C01079,P3,CANCELLED,2025-03-01,2025-03-31
S00080,C01080,P3,ACTIVE,2025-03-01,2025-03-31
S00081,C01081,P4,ACTIVE,2025-03-01,2025-03-31
S00082,C01082,P1,ACTIVE,2025-03-01,2025-03-31
S00083,C01083,P4,ACTIVE,2025-03-01,2025-03-31
S00084,C01084,P2,ACTIVE,2025-03-01,2025-03-31
S00085,C01085,P2,ACTIVE,2025-03-01,2025-03-31
S00086,C01086,P1,ACTIVE,2025-03-01,2025-03-31
S00087,C01087,P1,ACTIVE,2025-03-01,2025-03-31
S00088,C01088,P2,ACTIVE,2025-03-01,2025-03-31
S00089,C01089,P2,ACTIVE,2025-03-01,2025-03-31
S00090,C01090,P2,SUSPENDED,2025-03-01,2025-03-31
S00091,C01091,P1,ACTIVE,2025-03-01,2025-03-31
S00092,C01092,P3,ACTIVE,2025-03-01,2025-03-31
S00093,C01093,P1,ACTIVE,2025-03-01,2025-03-31
S00094,C01094,P3,ACTIVE,2025-03-01,2025-03-31
S00095,C01095,P1,ACTIVE,2025-03-01,2025-03-31
S00096,C01096,P4,ACTIVE,2025-03-01,2025-03-31
S00097,C01097,P1,ACTIVE,2025-03-01,2025-03-31
S00098,C01098,P3,ACTIVE,2025-03-01,2025-03-31
S00099,C01099,P1,ACTIVE,2025-03-01,2025-03-31
S00100,C01100,P1,ACTIVE,2025-03-01,2025-03-31
S00101,C01101,P1,ACTIVE,2025-03-01,2025-03-31
S00102,C01102,P1,CANCELLED,2025-03-01,2025-03-31
S00103,C01103,P2,SUSPENDED,2025-03-01,2025-03-31
S00104,C01104,P2,ACTIVE,2025-03-01,2025-03-31
S00105,C01105,P1,ACTIVE,2025-03-01,2025-03-31
S00106,C01106,P3,ACTIVE,2025-03-01,2025-03-31
S00107,C01107,P1,ACTIVE,2025-03-01,2025-03-31
S00108,C01108,P2,ACTIVE,2025-03-01,2025-03-31
S00109,C01109,P2,ACTIVE,2025-03-01,2025-03-31
S00110,C01110,P2,ACTIVE,2025-03-01,2025-03-31
S00111,C01111,P2,ACTIVE,2025-03-01,2025-03-31
S00112,C01112,P1,ACTIVE,2025-03-01,2025-03-31
S00113,C01113,P1,ACTIVE,2025-03-01,2025-03-31
S00114,C01114,P3,ACTIVE,2025-03-01,2025-03-31
S00115,C01115,P2,SUSPENDED,2025-03-01,2025-03-31
S00116,C01116,P4,ACTIVE,2025-03-01,2025-03-31
S00117,C01117,P2,ACTIVE,2025-03-01,2025-03-31
S00118,C01118,P1,ACTIVE,2025-03-01,2025-03-31
S00119,C01119,P3,SUSPENDED,2025-03-01,2025-03-31
S00120,C01120,P3,SUSPENDED,2025-03-01,2025-03-31
S00121,C01121,P2,ACTIVE,2025-03-01,2025-03-31
S00122,C01122,P3,ACTIVE,2025-03-01,2025-03-31
S00123,C01123,P1,SUSPENDED,2025-03-01,2025-03-31
S00124,C01124,P1,SUSPENDED,2025-03-01,2025-03-31
S00125,C01125,P4,ACTIVE,2025-03-01,2025-03-31
S00126,C01126,P1,ACTIVE,2025-03-01,2025-03-31
S00127,C01127,P1,ACTIVE,2025-03-01,2025-03-31
S00128,C01128,P2,ACTIVE,2025-03-01,2025-03-31
S00129,C01129,P3,ACTIVE,2025-03-01,2025-03-31
S00130,C01130,P1,ACTIVE,2025-03-01,2025-03-31
S00131,C01131,P1,SUSPENDED,2025-03-01,2025-03-31
S00132,C01132,P2,ACTIVE,2025-03-01,2025-03-31
S00133,C01133,P1,ACTIVE,2025-03-01,2025-03-31
S00134,C01134,P4,ACTIVE,2025-03-01,2025-03-31
S00135,C01135,P1,SUSPENDED,2025-03-01,2025-03-31
S00136,C01136,P3,ACTIVE,2025-03-01,2025-03-31
S00137,C01137,P1,ACTIVE,2025-03-01,2025-03-31
S00138,C01138,P2,ACTIVE,2025-03-01,2025-03-31
S00139,C01139,P3,ACTIVE,2025-03-01,2025-03-31
S00140,C01140,P2,CANCELLED,2025-03-01,2025-03-31
S00141,C01141,P2,ACTIVE,2025-03-01,2025-03-31
S00142,C01142,P1,ACTIVE,2025-03-01,2025-03-31
S00143,C01143,P3,ACTIVE,2025-03-01,2025-03-31
S00144,C01144,P1,CANCELLED,2025-03-01,2025-03-31
S00145,C01145,P2,ACTIVE,2025-03-01,2025-03-31
S00146,C01146,P2,ACTIVE,2025-03-01,2025-03-31
S00147,C01147,P2,ACTIVE,2025-03-01,2025-03-31
S00148,C01148,P1,ACTIVE,2025-03-01,2025-03-31
S00149,C01149,P1,ACTIVE,2025-03-01,2025-03-31
S00150,C01150,P1,ACTIVE,2025-03-01,2025-03-31
S00151,C01151,P1,ACTIVE,2025-03-01,2025-03-31
S00152,C01152,P4,SUSPENDED,2025-03-01,2025-03-31
S00153,C01153,P2,ACTIVE,2025-03-01,2025-03-31
S00154,C01154,P1,CANCELLED,2025-03-01,2025-03-31
S00155,C01155,P2,ACTIVE,2025-03-01,2025-03-31
S00156,C01156,P1,ACTIVE,2025-03-01,2025-03-31
S00157,C01157,P3,ACTIVE,2025-03-01,2025-03-31
S00158,C01158,P1,ACTIVE,2025-03-01,2025-03-31
S00159,C01159,P1,ACTIVE,2025-03-01,2025-03-31
S00160,C01160,P2,ACTIVE,2025-03-01,2025-03-31
S00161,C01161,P1,ACTIVE,2025-03-01,2025-03-31
S00162,C01162,P2,ACTIVE,2025-03-01,2025-03-31
S00163,C01163,P3,ACTIVE,2025-03-01,2025-03-31
S00164,C01164,P2,ACTIVE,2025-03-01,2025-03-31
S00165,C01165,P3,ACTIVE,2025-03-01,2025-03-31
S00166,C01166,P1,ACTIVE,2025-03-01,2025-03-31
S00167,C01167,P1,CANCELLED,2025-03-01,2025-03-31
S00168,C01168,P4,ACTIVE,2025-03-01,2025-03-31
S00169,C01169,P1,SUSPENDED,2025-03-01,2025-03-31
S00170,C01170,P2,ACTIVE,2025-03-01,2025-03-31
S00171,C01171,P1,ACTIVE,2025-03-01,2025-03-31
S00172,C01172,P2,ACTIVE,2025-03-01,2025-03-31
S00173,C01173,P3,SUSPENDED,2025-03-01,2025-03-31
S00174,C01174,P4,ACTIVE,2025-03-01,2025-03-31
S00175,C01175,P2,ACTIVE,2025-03-01,2025-03-31
S00176,C01176,P3,ACTIVE,2025-03-01,2025-03-31
S00177,C01177,P2,ACTIVE,2025-03-01,2025-03-31
S00178,C01178,P1,ACTIVE,2025-03-01,2025-03-31
S00179,C01179,P1,ACTIVE,2025-03-01,2025-03-31
S00180,C01180,P3,ACTIVE,2025-03-01,2025-03-31
S00181,C01181,P2,ACTIVE,2025-03-01,2025-03-31
S00182,C01182,P2,ACTIVE,2025-03-01,2025-03-31
S00183,C01183,P2,ACTIVE,2025-03-01,2025-03-31
S00184,C01184,P2,ACTIVE,2025-03-01,2025-03-31
S00185,C01185,P2,ACTIVE,2025-03-01,2025-03-31
S00186,C01186,P2,ACTIVE,2025-03-01,2025-03-31
S00187,C01187,P1,ACTIVE,2025-03-01,2025-03-31
S00188,C01188,P2,ACTIVE,2025-03-01,2025-03-31
S00189,C01189,P3,ACTIVE,2025-03-01,2025-03-31
S00190,C01190,P1,SUSPENDED,2025-03-01,2025-03-31
S00191,C01191,P3,CANCELLED,2025-03-01,2025-03-31
S00192,C01192,P1,ACTIVE,2025-03-01,2025-03-31
S00193,C01193,P2,ACTIVE,2025-03-01,2025-03-31
S00194,C01194,P2,SUSPENDED,2025-03-01,2025-03-31
S00195,C01195,P2,ACTIVE,2025-03-01,2025-03-31
S00196,C01196,P3,SUSPENDED,2025-03-01,2025-03-31
S00197,C01197,P1,ACTIVE,2025-03-01,2025-03-31
S00198,C01198,P1,SUSPENDED,2025-03-01,2025-03-31
S00199,C01199,P2,ACTIVE,2025-03-01,2025-03-31
S00200,C01200,P4,ACTIVE,2025-03-01,2025-03-31
S00201,C01201,P3,SUSPENDED,2025-03-01,2025-03-31
S00202,C01202,P2,CANCELLED,2025-03-01,2025-03-31
S00203,C01203,P2,ACTIVE,2025-03-01,2025-03-31
S00204,C01204,P1,ACTIVE,2025-03-01,2025-03-31
S00205,C01205,P1,ACTIVE,2025-03-01,2025-03-31
S00206,C01206,P2,ACTIVE,2025-03-01,2025-03-31
S00207,C01207,P1,ACTIVE,2025-03-01,2025-03-31
S00208,C01208,P1,CANCELLED,2025-03-01,2025-03-31
S00209,C01209,P1,ACTIVE,2025-03-01,2025-03-31
S00210,C01210,P2,ACTIVE,2025-03-01,2025-03-31
S00211,C01211,P4,ACTIVE,2025-03-01,2025-03-31
S00212,C01212,P3,ACTIVE,2025-03-01,2025-03-31
S00213,C01213,P4,ACTIVE,2025-03-01,2025-03-31
S00214,C01214,P2,ACTIVE,2025-03-01,2025-03-31
S00215,C01215,P2,ACTIVE,2025-03-01,2025-03-31
S00216,C01216,P2,ACTIVE,2025-03-01,2025-03-31
S00217,C01217,P4,ACTIVE,2025-03-01,2025-03-31
S00218,C01218,P2,ACTIVE,2025-03-01,2025-03-31
S00219,C01219,P1,ACTIVE,2025-03-01,2025-03-31
S00220,C01220,P2,ACTIVE,2025-03-01,2025-03-31
S00221,C01221,P3,ACTIVE,2025-03-01,2025-03-31
S00222,C01222,P2,ACTIVE,2025-03-01,2025-03-31
S00223,C01223,P2,ACTIVE,2025-03-01,2025-03-31
S00224,C01224,P4,SUSPENDED,2025-03-01,2025-03-31
S00225,C01225,P3,ACTIVE,2025-03-01,2025-03-31
S00226,C01226,P4,ACTIVE,2025-03-01,2025-03-31
S00227,C01227,P1,CANCELLED,2025-03-01,2025-03-31
S00228,C01228,P2,ACTIVE,2025-03-01,2025-03-31
S00229,C01229,P3,ACTIVE,2025-03-01,2025-03-31
S00230,C01230,P4,ACTIVE,2025-03-01,2025-03-31
S00231,C01231,P2,ACTIVE,2025-03-01,2025-03-31
S00232,C01232,P3,ACTIVE,2025-03-01,2025-03-31
S00233,C01233,P1,ACTIVE,2025-03-01,2025-03-31
S00234,C01234,P1,ACTIVE,2025-03-01,2025-03-31
S00235,C01235,P1,ACTIVE,2025-03-01,2025-03-31
S00236,C01236,P1,SUSPENDED,2025-03-01,2025-03-31
S00237,C01237,P4,ACTIVE,2025-03-01,2025-03-31
S00238,C01238,P1,ACTIVE,2025-03-01,2025-03-31
S00239,C01239,P1,ACTIVE,2025-03-01,2025-03-31
S00240,C01240,P1,SUSPENDED,2025-03-01,2025-03-31
S00241,C01241,P1,ACTIVE,2025-03-01,2025-03-31
S00242,C01242,P3,ACTIVE,2025-03-01,2025-03-31
S00243,C01243,P2,ACTIVE,2025-03-01,2025-03-31
S00244,C01244,P2,ACTIVE,2025-03-01,2025-03-31
S00245,C01245,P2,ACTIVE,2025-03-01,2025-03-31
S00246,C01246,P1,ACTIVE,2025-03-01,2025-03-31
S00247,C01247,P2,ACTIVE,2025-03-01,2025-03-31
S00248,C01248,P4,ACTIVE,2025-03-01,2025-03-31
S00249,C01249,P2,ACTIVE,2025-03-01,2025-03-31
S00250,C01250,P3,ACTIVE,2025-03-01,2025-03-31
S00251,C01251,P1,ACTIVE,2025-03-01,2025-03-31
S00252,C01252,P2,CANCELLED,2025-03-01,2025-03-31
S00253,C01253,P2,ACTIVE,2025-03-01,2025-03-31
S00254,C01254,P2,SUSPENDED,2025-03-01,2025-03-31
S00255,C01255,P1,ACTIVE,2025-03-01,2025-03-31
S00256,C01256,P2,ACTIVE,2025-03-01,2025-03-31
S00257,C01257,P1,ACTIVE,2025-03-01,2025-03-31
S00258,C01258,P2,ACTIVE,2025-03-01,2025-03-31
S00259,C01259,P2,ACTIVE,2025-03-01,2025-03-31
S00260,C01260,P1,ACTIVE,2025-03-01,2025-03-31
S00261,C01261,P1,SUSPENDED,2025-03-01,2025-03-31
S00262,C01262,P2,ACTIVE,2025-03-01,2025-03-31
S00263,C01263,P3,ACTIVE,2025-03-01,2025-03-31
S00264,C01264,P3,ACTIVE,2025-03-01,2025-03-31
S00265,C01265,P1,ACTIVE,2025-03-01,2025-03-31
S00266,C01266,P3,ACTIVE,2025-03-01,2025-03-31
S00267,C01267,P1,ACTIVE,2025-03-01,2025-03-31
S00268,C01268,P2,ACTIVE,2025-03-01,2025-03-31
S00269,C01269,P1,ACTIVE,2025-03-01,2025-03-31
S00270,C01270,P3,ACTIVE,2025-03-01,2025-03-31
S00271,C01271,P2,SUSPENDED,2025-03-01,2025-03-31
S00272,C01272,P2,ACTIVE,2025-03-01,2025-03-31
S00273,C01273,P3,CANCELLED,2025-03-01,2025-03-31
S00274,C01274,P3,ACTIVE,2025-03-01,2025-03-31
S00275,C01275,P1,ACTIVE,2025-03-01,2025-03-31
S00276,C01276,P2,ACTIVE,2025-03-01,2025-03-31
S00277,C01277,P1,ACTIVE,2025-03-01,2025-03-31
S00278,C01278,P1,ACTIVE,2025-03-01,2025-03-31
S00279,C01279,P4,ACTIVE,2025-03-01,2025-03-31
S00280,C01280,P3,ACTIVE,2025-03-01,2025-03-31
S00281,C01281,P1,ACTIVE,2025-03-01,2025-03-31
S00282,C01282,P2,ACTIVE,2025-03-01,2025-03-31
S00283,C01283,P1,ACTIVE,2025-03-01,2025-03-31
S00284,C01284,P1,ACTIVE,2025-03-01,2025-03-31
S00285,C01285,P1,SUSPENDED,2025-03-01,2025-03-31
S00286,C01286,P2,ACTIVE,2025-03-01,2025-03-31
S00287,C01287,P2,ACTIVE,2025-03-01,2025-03-31
S00288,C01288,P1,SUSPENDED,2025-03-01,2025-03-31
S00289,C01289,P3,ACTIVE,2025-03-01,2025-03-31
S00290,C01290,P2,ACTIVE,2025-03-01,2025-03-31
S00291,C01291,P2,ACTIVE,2025-03-01,2025-03-31
S00292,C01292,P2,ACTIVE,2025-03-01,2025-03-31
S00293,C01293,P2,ACTIVE,2025-03-01,2025-03-31
S00294,C01294,P2,ACTIVE,2025-03-01,2025-03-31
S00295,C01295,P1,ACTIVE,2025-03-01,2025-03-31
S00296,C01296,P3,ACTIVE,2025-03-01,2025-03-31
S00297,C01297,P1,ACTIVE,2025-03-01,2025-03-31
S00298,C01298,P3,ACTIVE,2025-03-01,2025-03-31
S00299,C01299,P1,ACTIVE,2025-03-01,2025-03-31
S00300,C01300,P2,ACTIVE,2025-03-01,2025-03-31
S00301,C01301,P4,ACTIVE,2025-03-01,2025-03-31
S00302,C01302,P1,CANCELLED,2025-03-01,2025-03-31
S00303,C01303,P2,CANCELLED,2025-03-01,2025-03-31
S00304,C01304,P4,ACTIVE,2025-03-01,2025-03-31
S00305,C01305,P2,ACTIVE,2025-03-01,2025-03-31
S00306,C01306,P1,ACTIVE,2025-03-01,2025-03-31
S00307,C01307,P2,ACTIVE,2025-03-01,2025-03-31
S00308,C01308,P1,ACTIVE,2025-03-01,2025-03-31
S00309,C01309,P3,SUSPENDED,2025-03-01,2025-03-31
S00310,C01310,P2,ACTIVE,2025-03-01,2025-03-31
S00311,C01311,P2,CANCELLED,2025-03-01,2025-03-31
S00312,C01312,P1,ACTIVE,2025-03-01,2025-03-31
S00313,C01313,P1,ACTIVE,2025-03-01,2025-03-31
S00314,C01314,P3,ACTIVE,2025-03-01,2025-03-31
S00315,C01315,P1,ACTIVE,2025-03-01,2025-03-31
S00316,C01316,P1,ACTIVE,2025-03-01,2025-03-31
S00317,C01317,P3,ACTIVE,2025-03-01,2025-03-31
S00318,C01318,P2,ACTIVE,2025-03-01,2025-03-31
S00319,C01319,P3,SUSPENDED,2025-03-01,2025-03-31
S00320,C01320,P1,ACTIVE,2025-03-01,2025-03-31
S00321,C01321,P2,ACTIVE,2025-03-01,2025-03-31
S00322,C01322,P3,ACTIVE,2025-03-01,2025-03-31
S00323,C01323,P1,ACTIVE,2025-03-01,2025-03-31
S00324,C01324,P2,ACTIVE,2025-03-01,2025-03-31
S00325,C01325,P2,ACTIVE,2025-03-01,2025-03-31
S00326,C01326,P1,ACTIVE,2025-03-01,2025-03-31
S00327,C01327,P2,ACTIVE,2025-03-01,2025-03-31
S00328,C01328,P1,ACTIVE,2025-03-01,2025-03-31
S00329,C01329,P1,ACTIVE,2025-03-01,2025-03-31
S00330,C01330,P3,ACTIVE,2025-03-01,2025-03-31
S00331,C01331,P2,ACTIVE,2025-03-01,2025-03-31
S00332,C01332,P1,ACTIVE,2025-03-01,2025-03-31
S00333,C01333,P1,ACTIVE,2025-03-01,2025-03-31
S00334,C01334,P2,ACTIVE,2025-03-01,2025-03-31
S00335,C01335,P1,CANCELLED,2025-03-01,2025-03-31
S00336,C01336,P4,ACTIVE,2025-03-01,2025-03-31
S00337,C01337,P2,CANCELLED,2025-03-01,2025-03-31
S00338,C01338,P3,ACTIVE,2025-03-01,2025-03-31
S00339,C01339,P1,ACTIVE,2025-03-01,2025-03-31
S00340,C01340,P3,SUSPENDED,2025-03-01,2025-03-31
S00341,C01341,P2,ACTIVE,2025-03-01,2025-03-31
S00342,C01342,P1,ACTIVE,2025-03-01,2025-03-31
S00343,C01343,P2,SUSPENDED,2025-03-01,2025-03-31
S00344,C01344,P3,ACTIVE,2025-03-01,2025-03-31
S00345,C01345,P4,ACTIVE,2025-03-01,2025-03-31
S00346,C01346,P1,SUSPENDED,2025-03-01,2025-03-31
S00347,C01347,P1,ACTIVE,2025-03-01,2025-03-31
S00348,C01348,P1,ACTIVE,2025-03-01,2025-03-31
S00349,C01349,P4,ACTIVE,2025-03-01,2025-03-31
S00350,C01350,P4,ACTIVE,2025-03-01,2025-03-31
S00351,C01351,P4,ACTIVE,2025-03-01,2025-03-31
S00352,C01352,P1,ACTIVE,2025-03-01,2025-03-31
S00353,C01353,P2,ACTIVE,2025-03-01,2025-03-31
S00354,C01354,P1,ACTIVE,2025-03-01,2025-03-31
S00355,C01355,P1,ACTIVE,2025-03-01,2025-03-31
S00356,C01356,P2,ACTIVE,2025-03-01,2025-03-31
S00357,C01357,P1,ACTIVE,2025-03-01,2025-03-31
S00358,C01358,P2,ACTIVE,2025-03-01,2025-03-31
S00359,C01359,P1,ACTIVE,2025-03-01,2025-03-31
S00360,C01360,P1,ACTIVE,2025-03-01,2025-03-31
S00361,C01361,P3,ACTIVE,2025-03-01,2025-03-31
S00362,C01362,P1,ACTIVE,2025-03-01,2025-03-31
S00363,C01363,P2,ACTIVE,2025-03-01,2025-03-31
S00364,C01364,P1,ACTIVE,2025-03-01,2025-03-31
S00365,C01365,P1,ACTIVE,2025-03-01,2025-03-31
S00366,C01366,P2,ACTIVE,2025-03-01,2025-03-31
S00367,C01367,P1,ACTIVE,2025-03-01,2025-03-31
S00368,C01368,P3,ACTIVE,2025-03-01,2025-03-31
S00369,C01369,P3,ACTIVE,2025-03-01,2025-03-31
S00370,C01370,P1,ACTIVE,2025-03-01,2025-03-31
S00371,C01371,P1,ACTIVE,2025-03-01,2025-03-31
S00372,C01372,P3,ACTIVE,2025-03-01,2025-03-31
S00373,C01373,P1,CANCELLED,2025-03-01,2025-03-31
S00374,C01374,P1,ACTIVE,2025-03-01,2025-03-31
S00375,C01375,P3,ACTIVE,2025-03-01,2025-03-31
S00376,C01376,P2,ACTIVE,2025-03-01,2025-03-31
S00377,C01377,P2,CANCELLED,2025-03-01,2025-03-31
S00378,C01378,P2,ACTIVE,2025-03-01,2025-03-31
S00379,C01379,P1,ACTIVE,2025-03-01,2025-03-31
S00380,C01380,P1,ACTIVE,2025-03-01,2025-03-31
S00381,C01381,P2,ACTIVE,2025-03-01,2025-03-31
S00382,C01382,P1,ACTIVE,2025-03-01,2025-03-31
S00383,C01383,P2,ACTIVE,2025-03-01,2025-03-31
S00384,C01384,P2,ACTIVE,2025-03-01,2025-03-31
S00385,C01385,P2,ACTIVE,2025-03-01,2025-03-31
S00386,C01386,P3,ACTIVE,2025-03-01,2025-03-31
S00387,C01387,P4,CANCELLED,2025-03-01,2025-03-31
S00388,C01388,P2,ACTIVE,2025-03-01,2025-03-31
S00389,C01389,P1,ACTIVE,2025-03-01,2025-03-31
S00390,C01390,P2,ACTIVE,2025-03-01,2025-03-31
S00391,C01391,P1,ACTIVE,2025-03-01,2025-03-31
S00392,C01392,P3,ACTIVE,2025-03-01,2025-03-31
S00393,C01393,P2,ACTIVE,2025-03-01,2025-03-31
S00394,C01394,P1,ACTIVE,2025-03-01,2025-03-31
S00395,C01395,P2,ACTIVE,2025-03-01,2025-03-31
S00396,C01396,P1,ACTIVE,2025-03-01,2025-03-31
S00397,C01397,P4,ACTIVE,2025-03-01,2025-03-31
S00398,C01398,P3,CANCELLED,2025-03-01,2025-03-31
S00399,C01399,P4,ACTIVE,2025-03-01,2025-03-31
S00400,C01400,P3,ACTIVE,2025-03-01,2025-03-31
S00401,C01401,P1,ACTIVE,2025-03-01,2025-03-31
S00402,C01402,P1,ACTIVE,2025-03-01,2025-03-31
S00403,C01403,P2,ACTIVE,2025-03-01,2025-03-31
S00404,C01404,P4,CANCELLED,2025-03-01,2025-03-31
S00405,C01405,P2,ACTIVE,2025-03-01,2025-03-31
S00406,C01406,P3,ACTIVE,2025-03-01,2025-03-31
S00407,C01407,P2,ACTIVE,2025-03-01,2025-03-31
S00408,C01408,P1,ACTIVE,2025-03-01,2025-03-31
S00409,C01409,P1,ACTIVE,2025-03-01,2025-03-31
S00410,C01410,P1,ACTIVE,2025-03-01,2025-03-31
S00411,C01411,P1,ACTIVE,2025-03-01,2025-03-31
S00412,C01412,P1,ACTIVE,2025-03-01,2025-03-31
S00413,C01413,P2,ACTIVE,2025-03-01,2025-03-31
S00414,C01414,P3,ACTIVE,2025-03-01,2025-03-31
S00415,C01415,P2,ACTIVE,2025-03-01,2025-03-31
S00416,C01416,P1,ACTIVE,2025-03-01,2025-03-31
S00417,C01417,P1,CANCELLED,2025-03-01,2025-03-31
S00418,C01418,P1,ACTIVE,2025-03-01,2025-03-31
S00419,C01419,P3,ACTIVE,2025-03-01,2025-03-31
S00420,C01420,P1,ACTIVE,2025-03-01,2025-03-31
S00421,C01421,P1,ACTIVE,2025-03-01,2025-03-31
S00422,C01422,P1,ACTIVE,2025-03-01,2025-03-31
S00423,C01423,P1,ACTIVE,2025-03-01,2025-03-31
S00424,C01424,P2,ACTIVE,2025-03-01,2025-03-31
S00425,C01425,P1,ACTIVE,2025-03-01,2025-03-31
S00426,C01426,P1,ACTIVE,2025-03-01,2025-03-31
S00427,C01427,P1,ACTIVE,2025-03-01,2025-03-31
S00428,C01428,P4,ACTIVE,2025-03-01,2025-03-31
S00429,C01429,P3,ACTIVE,2025-03-01,2025-03-31
S00430,C01430,P1,CANCELLED,2025-03-01,2025-03-31
S00431,C01431,P1,ACTIVE,2025-03-01,2025-03-31
S00432,C01432,P3,ACTIVE,2025-03-01,2025-03-31
S00433,C01433,P4,ACTIVE,2025-03-01,2025-03-31
S00434,C01434,P3,ACTIVE,2025-03-01,2025-03-31
S00435,C01435,P1,ACTIVE,2025-03-01,2025-03-31
S00436,C01436,P1,ACTIVE,2025-03-01,2025-03-31
S00437,C01437,P2,ACTIVE,2025-03-01,2025-03-31
S00438,C01438,P1,ACTIVE,2025-03-01,2025-03-31
S00439,C01439,P3,ACTIVE,2025-03-01,2025-03-31
S00440,C01440,P1,ACTIVE,2025-03-01,2025-03-31
S00441,C01441,P1,ACTIVE,2025-03-01,2025-03-31
S00442,C01442,P1,ACTIVE,2025-03-01,2025-03-31
S00443,C01443,P1,CANCELLED,2025-03-01,2025-03-31
S00444,C01444,P1,ACTIVE,2025-03-01,2025-03-31
S00445,C01445,P2,ACTIVE,2025-03-01,2025-03-31
S00446,C01446,P1,ACTIVE,2025-03-01,2025-03-31
S00447,C01447,P1,ACTIVE,2025-03-01,2025-03-31
S00448,C01448,P3,ACTIVE,2025-03-01,2025-03-31
S00449,C01449,P2,ACTIVE,2025-03-01,2025-03-31
S00450,C01450,P4,ACTIVE,2025-03-01,2025-03-31
S00451,C01451,P1,CANCELLED,2025-03-01,2025-03-31
S00452,C01452,P1,ACTIVE,2025-03-01,2025-03-31
S00453,C01453,P2,ACTIVE,2025-03-01,2025-03-31
S00454,C01454,P2,ACTIVE,2025-03-01,2025-03-31
S00455,C01455,P1,ACTIVE,2025-03-01,2025-03-31
S00456,C01456,P1,ACTIVE,2025-03-01,2025-03-31
S00457,C01457,P4,ACTIVE,2025-03-01,2025-03-31
S00458,C01458,P2,ACTIVE,2025-03-01,2025-03-31
S00459,C01459,P2,ACTIVE,2025-03-01,2025-03-31
S00460,C01460,P1,ACTIVE,2025-03-01,2025-03-31
S00461,C01461,P4,ACTIVE,2025-03-01,2025-03-31
S00462,C01462,P1,CANCELLED,2025-03-01,2025-03-31
S00463,C01463,P3,ACTIVE,2025-03-01,2025-03-31
S00464,C01464,P2,ACTIVE,2025-03-01,2025-03-31
S00465,C01465,P2,ACTIVE,2025-03-01,2025-03-31
S00466,C01466,P3,ACTIVE,2025-03-01,2025-03-31
S00467,C01467,P2,ACTIVE,2025-03-01,2025-03-31
S00468,C01468,P4,ACTIVE,2025-03-01,2025-03-31
S00469,C01469,P2,ACTIVE,2025-03-01,2025-03-31
S00470,C01470,P3,ACTIVE,2025-03-01,2025-03-31
S00471,C01471,P1,ACTIVE,2025-03-01,2025-03-31
S00472,C01472,P3,ACTIVE,2025-03-01,2025-03-31
S00473,C01473,P1,ACTIVE,2025-03-01,2025-03-31
S00474,C01474,P2,SUSPENDED,2025-03-01,2025-03-31
S00475,C01475,P1,SUSPENDED,2025-03-01,2025-03-31
S00476,C01476,P2,ACTIVE,2025-03-01,2025-03-31
S00477,C01477,P1,ACTIVE,2025-03-01,2025-03-31
S00478,C01478,P1,ACTIVE,2025-03-01,2025-03-31
S00479,C01479,P3,ACTIVE,2025-03-01,2025-03-31
S00480,C01480,P4,ACTIVE,2025-03-01,2025-03-31
S00481,C01481,P1,ACTIVE,2025-03-01,2025-03-31
S00482,C01482,P2,ACTIVE,2025-03-01,2025-03-31
S00483,C01483,P3,ACTIVE,2025-03-01,2025-03-31
S00484,C01484,P3,ACTIVE,2025-03-01,2025-03-31
S00485,C01485,P1,ACTIVE,2025-03-01,2025-03-31
S00486,C01486,P1,ACTIVE,2025-03-01,2025-03-31
S00487,C01487,P2,ACTIVE,2025-03-01,2025-03-31
S00488,C01488,P2,ACTIVE,2025-03-01,2025-03-31
S00489,C01489,P1,ACTIVE,2025-03-01,2025-03-31
S00490,C01490,P2,ACTIVE,2025-03-01,2025-03-31
S00491,C01491,P1,ACTIVE,2025-03-01,2025-03-31
S00492,C01492,P1,ACTIVE,2025-03-01,2025-03-31
S00493,C01493,P1,ACTIVE,2025-03-01,2025-03-31
S00494,C01494,P4,ACTIVE,2025-03-01,2025-03-31
S00495,C01495,P3,CANCELLED,2025-03-01,2025-03-31
S00496,C01496,P2,ACTIVE,2025-03-01,2025-03-31
S00497,C01497,P2,ACTIVE,2025-03-01,2025-03-31
S00498,C01498,P2,ACTIVE,2025-03-01,2025-03-31
S00499,C01499,P4,ACTIVE,2025-03-01,2025-03-31
S00500,C01500,P2,ACTIVE,2025-03-01,2025-03-31
S00501,C01501,P1,ACTIVE,2025-03-01,2025-03-31
S00502,C01502,P3,ACTIVE,2025-03-01,2025-03-31
S00503,C01503,P1,ACTIVE,2025-03-01,2025-03-31
S00504,C01504,P2,ACTIVE,2025-03-01,2025-03-31
S00505,C01505,P2,ACTIVE,2025-03-01,2025-03-31
S00506,C01506,P2,ACTIVE,2025-03-01,2025-03-31
S00507,C01507,P2,ACTIVE,2025-03-01,2025-03-31
S00508,C01508,P2,ACTIVE,2025-03-01,2025-03-31
S00509,C01509,P2,ACTIVE,2025-03-01,2025-03-31
S00510,C01510,P2,SUSPENDED,2025-03-01,2025-03-31
S00511,C01511,P1,ACTIVE,2025-03-01,2025-03-31
S00512,C01512,P2,ACTIVE,2025-03-01,2025-03-31
S00513,C01513,P2,ACTIVE,2025-03-01,2025-03-31
S00514,C01514,P2,ACTIVE,2025-03-01,2025-03-31
S00515,C01515,P1,ACTIVE,2025-03-01,2025-03-31
S00516,C01516,P1,ACTIVE,2025-03-01,2025-03-31
S00517,C01517,P1,ACTIVE,2025-03-01,2025-03-31
S00518,C01518,P2,ACTIVE,2025-03-01,2025-03-31
S00519,C01519,P2,ACTIVE,2025-03-01,2025-03-31
S00520,C01520,P4,ACTIVE,2025-03-01,2025-03-31
S00521,C01521,P2,SUSPENDED,2025-03-01,2025-03-31
S00522,C01522,P2,ACTIVE,2025-03-01,2025-03-31
S00523,C01523,P1,ACTIVE,2025-03-01,2025-03-31
S00524,C01524,P1,ACTIVE,2025-03-01,2025-03-31
S00525,C01525,P2,SUSPENDED,2025-03-01,2025-03-31
S00526,C01526,P3,SUSPENDED,2025-03-01,2025-03-31
S00527,C01527,P2,ACTIVE,2025-03-01,2025-03-31
S00528,C01528,P2,ACTIVE,2025-03-01,2025-03-31
S00529,C01529,P4,ACTIVE,2025-03-01,2025-03-31
S00530,C01530,P1,ACTIVE,2025-03-01,2025-03-31
S00531,C01531,P3,ACTIVE,2025-03-01,2025-03-31
S00532,C01532,P3,ACTIVE,2025-03-01,2025-03-31
S00533,C01533,P3,ACTIVE,2025-03-01,2025-03-31
S00534,C01534,P1,ACTIVE,2025-03-01,2025-03-31
S00535,C01535,P1,ACTIVE,2025-03-01,2025-03-31
S00536,C01536,P1,SUSPENDED,2025-03-01,2025-03-31
S00537,C01537,P2,ACTIVE,2025-03-01,2025-03-31
S00538,C01538,P2,ACTIVE,2025-03-01,2025-03-31
S00539,C01539,P1,ACTIVE,2025-03-01,2025-03-31
S00540,C01540,P1,ACTIVE,2025-03-01,2025-03-31
S00541,C01541,P1,ACTIVE,2025-03-01,2025-03-31
S00542,C01542,P2,ACTIVE,2025-03-01,2025-03-31
S00543,C01543,P4,ACTIVE,2025-03-01,2025-03-31
S00544,C01544,P3,ACTIVE,2025-03-01,2025-03-31
S00545,C01545,P2,ACTIVE,2025-03-01,2025-03-31
S00546,C01546,P1,ACTIVE,2025-03-01,2025-03-31
S00547,C01547,P3,ACTIVE,2025-03-01,2025-03-31
S00548,C01548,P1,ACTIVE,2025-03-01,2025-03-31
S00549,C01549,P3,ACTIVE,2025-03-01,2025-03-31
S00550,C01550,P2,ACTIVE,2025-03-01,2025-03-31
S00551,C01551,P1,ACTIVE,2025-03-01,2025-03-31
S00552,C01552,P2,ACTIVE,2025-03-01,2025-03-31
S00553,C01553,P2,ACTIVE,2025-03-01,2025-03-31
S00554,C01554,P3,ACTIVE,2025-03-01,2025-03-31
S00555,C01555,P4,ACTIVE,2025-03-01,2025-03-31
S00556,C01556,P1,ACTIVE,2025-03-01,2025-03-31
S00557,C01557,P2,ACTIVE,2025-03-01,2025-03-31
S00558,C01558,P1,ACTIVE,2025-03-01,2025-03-31
S00559,C01559,P2,ACTIVE,2025-03-01,2025-03-31
S00560,C01560,P2,ACTIVE,2025-03-01,2025-03-31
S00561,C01561,P4,ACTIVE,2025-03-01,2025-03-31
S00562,C01562,P1,ACTIVE,2025-03-01,2025-03-31
S00563,C01563,P2,ACTIVE,2025-03-01,2025-03-31
S00564,C01564,P2,ACTIVE,2025-03-01,2025-03-31
S00565,C01565,P1,ACTIVE,2025-03-01,2025-03-31
S00566,C01566,P1,ACTIVE,2025-03-01,2025-03-31
S00567,C01567,P1,ACTIVE,2025-03-01,2025-03-31
S00568,C01568,P3,ACTIVE,2025-03-01,2025-03-31
S00569,C01569,P1,CANCELLED,2025-03-01,2025-03-31
S00570,C01570,P2,ACTIVE,2025-03-01,2025-03-31
S00571,C01571,P3,ACTIVE,2025-03-01,2025-03-31
S00572,C01572,P3,SUSPENDED,2025-03-01,2025-03-31
S00573,C01573,P1,ACTIVE,2025-03-01,2025-03-31
S00574,C01574,P4,ACTIVE,2025-03-01,2025-03-31
S00575,C01575,P2,ACTIVE,2025-03-01,2025-03-31
S00576,C01576,P2,ACTIVE,2025-03-01,2025-03-31
S00577,C01577,P1,ACTIVE,2025-03-01,2025-03-31
S00578,C01578,P4,ACTIVE,2025-03-01,2025-03-31
S00579,C01579,P2,ACTIVE,2025-03-01,2025-03-31
S00580,C01580,P2,ACTIVE,2025-03-01,2025-03-31
S00581,C01581,P4,ACTIVE,2025-03-01,2025-03-31
S00582,C01582,P1,ACTIVE,2025-03-01,2025-03-31
S00583,C01583,P1,SUSPENDED,2025-03-01,2025-03-31
S00584,C01584,P2,ACTIVE,2025-03-01,2025-03-31
S00585,C01585,P1,ACTIVE,2025-03-01,2025-03-31
S00586,C01586,P2,ACTIVE,2025-03-01,2025-03-31
S00587,C01587,P4,ACTIVE,2025-03-01,2025-03-31
S00588,C01588,P1,ACTIVE,2025-03-01,2025-03-31
S00589,C01589,P1,ACTIVE,2025-03-01,2025-03-31
S00590,C01590,P1,ACTIVE,2025-03-01,2025-03-31
S00591,C01591,P1,ACTIVE,2025-03-01,2025-03-31
S00592,C01592,P1,ACTIVE,2025-03-01,2025-03-31
S00593,C01593,P1,CANCELLED,2025-03-01,2025-03-31
S00594,C01594,P1,ACTIVE,2025-03-01,2025-03-31
S00595,C01595,P4,ACTIVE,2025-03-01,2025-03-31
S00596,C01596,P1,SUSPENDED,2025-03-01,2025-03-31
S00597,C01597,P1,ACTIVE,2025-03-01,2025-03-31
S00598,C01598,P1,ACTIVE,2025-03-01,2025-03-31
S00599,C01599,P3,ACTIVE,2025-03-01,2025-03-31
S00600,C01600,P2,ACTIVE,2025-03-01,2025-03-31
S00601,C01601,P2,ACTIVE,2025-03-01,2025-03-31
S00602,C01602,P1,ACTIVE,2025-03-01,2025-03-31
S00603,C01603,P3,SUSPENDED,2025-03-01,2025-03-31
S00604,C01604,P3,SUSPENDED,2025-03-01,2025-03-31
S00605,C01605,P2,ACTIVE,2025-03-01,2025-03-31
S00606,C01606,P1,ACTIVE,2025-03-01,2025-03-31
S00607,C01607,P1,ACTIVE,2025-03-01,2025-03-31
S00608,C01608,P3,ACTIVE,2025-03-01,2025-03-31
S00609,C01609,P2,ACTIVE,2025-03-01,2025-03-31
S00610,C01610,P1,ACTIVE,2025-03-01,2025-03-31
S00611,C01611,P1,ACTIVE,2025-03-01,2025-03-31
S00612,C01612,P2,ACTIVE,2025-03-01,2025-03-31
S00613,C01613,P3,ACTIVE,2025-03-01,2025-03-31
S00614,C01614,P3,ACTIVE,2025-03-01,2025-03-31
S00615,C01615,P1,ACTIVE,2025-03-01,2025-03-31
S00616,C01616,P1,ACTIVE,2025-03-01,2025-03-31
S00617,C01617,P2,ACTIVE,2025-03-01,2025-03-31
S00618,C01618,P1,ACTIVE,2025-03-01,2025-03-31
S00619,C01619,P1,ACTIVE,2025-03-01,2025-03-31
S00620,C01620,P1,ACTIVE,2025-03-01,2025-03-31
S00621,C01621,P1,ACTIVE,2025-03-01,2025-03-31
S00622,C01622,P2,ACTIVE,2025-03-01,2025-03-31
S00623,C01623,P1,ACTIVE,2025-03-01,2025-03-31
S00624,C01624,P2,ACTIVE,2025-03-01,2025-03-31
S00625,C01625,P3,ACTIVE,2025-03-01,2025-03-31
S00626,C01626,P1,SUSPENDED,2025-03-01,2025-03-31
S00627,C01627,P2,ACTIVE,2025-03-01,2025-03-31
S00628,C01628,P1,ACTIVE,2025-03-01,2025-03-31
S00629,C01629,P1,CANCELLED,2025-03-01,2025-03-31
S00630,C01630,P1,ACTIVE,2025-03-01,2025-03-31
S00631,C01631,P2,ACTIVE,2025-03-01,2025-03-31
S00632,C01632,P1,ACTIVE,2025-03-01,2025-03-31
S00633,C01633,P1,CANCELLED,2025-03-01,2025-03-31
S00634,C01634,P2,ACTIVE,2025-03-01,2025-03-31
S00635,C01635,P2,ACTIVE,2025-03-01,2025-03-31
S00636,C01636,P2,ACTIVE,2025-03-01,2025-03-31
S00637,C01637,P2,ACTIVE,2025-03-01,2025-03-31
S00638,C01638,P3,CANCELLED,2025-03-01,2025-03-31
S00639,C01639,P3,ACTIVE,2025-03-01,2025-03-31
S00640,C01640,P3,ACTIVE,2025-03-01,2025-03-31
S00641,C01641,P1,ACTIVE,2025-03-01,2025-03-31
S00642,C01642,P1,ACTIVE,2025-03-01,2025-03-31
S00643,C01643,P1,ACTIVE,2025-03-01,2025-03-31
S00644,C01644,P1,ACTIVE,2025-03-01,2025-03-31
S00645,C01645,P1,ACTIVE,2025-03-01,2025-03-31
S00646,C01646,P2,ACTIVE,2025-03-01,2025-03-31
S00647,C01647,P2,ACTIVE,2025-03-01,2025-03-31
S00648,C01648,P1,ACTIVE,2025-03-01,2025-03-31
S00649,C01649,P1,CANCELLED,2025-03-01,2025-03-31
S00650,C01650,P2,SUSPENDED,2025-03-01,2025-03-31
S00651,C01651,P4,ACTIVE,2025-03-01,2025-03-31
S00652,C01652,P1,ACTIVE,2025-03-01,2025-03-31
S00653,C01653,P4,CANCELLED,2025-03-01,2025-03-31
S00654,C01654,P1,ACTIVE,2025-03-01,2025-03-31
S00655,C01655,P4,ACTIVE,2025-03-01,2025-03-31
S00656,C01656,P2,ACTIVE,2025-03-01,2025-03-31
S00657,C01657,P4,ACTIVE,2025-03-01,2025-03-31
S00658,C01658,P2,ACTIVE,2025-03-01,2025-03-31
S00659,C01659,P1,ACTIVE,2025-03-01,2025-03-31
S00660,C01660,P1,ACTIVE,2025-03-01,2025-03-31
S00661,C01661,P2,ACTIVE,2025-03-01,2025-03-31
S00662,C01662,P1,ACTIVE,2025-03-01,2025-03-31
S00663,C01663,P1,ACTIVE,2025-03-01,2025-03-31
S00664,C01664,P1,ACTIVE,2025-03-01,2025-03-31
S00665,C01665,P2,ACTIVE,2025-03-01,2025-03-31
S00666,C01666,P2,ACTIVE,2025-03-01,2025-03-31
S00667,C01667,P2,ACTIVE,2025-03-01,2025-03-31
S00668,C01668,P3,ACTIVE,2025-03-01,2025-03-31
S00669,C01669,P1,CANCELLED,2025-03-01,2025-03-31
S00670,C01670,P2,ACTIVE,2025-03-01,2025-03-31
S00671,C01671,P1,ACTIVE,2025-03-01,2025-03-31
S00672,C01672,P1,ACTIVE,2025-03-01,2025-03-31
S00673,C01673,P1,ACTIVE,2025-03-01,2025-03-31
S00674,C01674,P1,ACTIVE,2025-03-01,2025-03-31
S00675,C01675,P1,ACTIVE,2025-03-01,2025-03-31
S00676,C01676,P3,SUSPENDED,2025-03-01,2025-03-31
S00677,C01677,P1,ACTIVE,2025-03-01,2025-03-31
S00678,C01678,P2,ACTIVE,2025-03-01,2025-03-31
S00679,C01679,P1,SUSPENDED,2025-03-01,2025-03-31
S00680,C01680,P2,ACTIVE,2025-03-01,2025-03-31
S00681,C01681,P1,ACTIVE,2025-03-01,2025-03-31
S00682,C01682,P2,ACTIVE,2025-03-01,2025-03-31
S00683,C01683,P2,SUSPENDED,2025-03-01,2025-03-31
S00684,C01684,P1,ACTIVE,2025-03-01,2025-03-31
S00685,C01685,P3,ACTIVE,2025-03-01,2025-03-31
S00686,C01686,P4,SUSPENDED,2025-03-01,2025-03-31
S00687,C01687,P2,ACTIVE,2025-03-01,2025-03-31
S00688,C01688,P2,ACTIVE,2025-03-01,2025-03-31
S00689,C01689,P4,ACTIVE,2025-03-01,2025-03-31
S00690,C01690,P2,ACTIVE,2025-03-01,2025-03-31
S00691,C01691,P4,ACTIVE,2025-03-01,2025-03-31
S00692,C01692,P2,SUSPENDED,2025-03-01,2025-03-31
S00693,C01693,P1,ACTIVE,2025-03-01,2025-03-31
S00694,C01694,P1,ACTIVE,2025-03-01,2025-03-31
S00695,C01695,P1,ACTIVE,2025-03-01,2025-03-31
S00696,C01696,P1,CANCELLED,2025-03-01,2025-03-31
S00697,C01697,P1,ACTIVE,2025-03-01,2025-03-31
S00698,C01698,P2,ACTIVE,2025-03-01,2025-03-31
S00699,C01699,P2,ACTIVE,2025-03-01,2025-03-31
S00700,C01700,P1,ACTIVE,2025-03-01,2025-03-31
S00701,C01701,P2,SUSPENDED,2025-03-01,2025-03-31
S00702,C01702,P3,ACTIVE,2025-03-01,2025-03-31
S00703,C01703,P3,ACTIVE,2025-03-01,2025-03-31
S00704,C01704,P1,ACTIVE,2025-03-01,2025-03-31
S00705,C01705,P2,SUSPENDED,2025-03-01,2025-03-31
S00706,C01706,P2,ACTIVE,2025-03-01,2025-03-31
S00707,C01707,P3,ACTIVE,2025-03-01,2025-03-31
S00708,C01708,P1,SUSPENDED,2025-03-01,2025-03-31
S00709,C01709,P1,ACTIVE,2025-03-01,2025-03-31
S00710,C01710,P1,ACTIVE,2025-03-01,2025-03-31
S00711,C01711,P3,ACTIVE,2025-03-01,2025-03-31
S00712,C01712,P2,ACTIVE,2025-03-01,2025-03-31
S00713,C01713,P1,ACTIVE,2025-03-01,2025-03-31
S00714,C01714,P2,ACTIVE,2025-03-01,2025-03-31
S00715,C01715,P1,ACTIVE,2025-03-01,2025-03-31
S00716,C01716,P2,ACTIVE,2025-03-01,2025-03-31
S00717,C01717,P2,ACTIVE,2025-03-01,2025-03-31
S00718,C01718,P3,ACTIVE,2025-03-01,2025-03-31
S00719,C01719,P1,ACTIVE,2025-03-01,2025-03-31
S00720,C01720,P3,ACTIVE,2025-03-01,2025-03-31
S00721,C01721,P2,ACTIVE,2025-03-01,2025-03-31
S00722,C01722,P2,ACTIVE,2025-03-01,2025-03-31
S00723,C01723,P2,SUSPENDED,2025-03-01,2025-03-31
S00724,C01724,P1,ACTIVE,2025-03-01,2025-03-31
S00725,C01725,P2,ACTIVE,2025-03-01,2025-03-31
S00726,C01726,P1,ACTIVE,2025-03-01,2025-03-31
S00727,C01727,P3,ACTIVE,2025-03-01,2025-03-31
S00728,C01728,P1,ACTIVE,2025-03-01,2025-03-31
S00729,C01729,P1,ACTIVE,2025-03-01,2025-03-31
S00730,C01730,P4,ACTIVE,2025-03-01,2025-03-31
S00731,C01731,P2,ACTIVE,2025-03-01,2025-03-31
S00732,C01732,P2,ACTIVE,2025-03-01,2025-03-31
S00733,C01733,P3,CANCELLED,2025-03-01,2025-03-31
S00734,C01734,P2,ACTIVE,2025-03-01,2025-03-31
S00735,C01735,P1,ACTIVE,2025-03-01,2025-03-31
S00736,C01736,P2,CANCELLED,2025-03-01,2025-03-31
S00737,C01737,P1,ACTIVE,2025-03-01,2025-03-31
S00738,C01738,P2,ACTIVE,2025-03-01,2025-03-31
S00739,C01739,P1,SUSPENDED,2025-03-01,2025-03-31
S00740,C01740,P3,ACTIVE,2025-03-01,2025-03-31
S00741,C01741,P1,CANCELLED,2025-03-01,2025-03-31
S00742,C01742,P2,ACTIVE,2025-03-01,2025-03-31
S00743,C01743,P1,ACTIVE,2025-03-01,2025-03-31
S00744,C01744,P2,ACTIVE,2025-03-01,2025-03-31
S00745,C01745,P2,CANCELLED,2025-03-01,2025-03-31
S00746,C01746,P2,ACTIVE,2025-03-01,2025-03-31
S00747,C01747,P2,ACTIVE,2025-03-01,2025-03-31
S00748,C01748,P2,ACTIVE,2025-03-01,2025-03-31
S00749,C01749,P1,CANCELLED,2025-03-01,2025-03-31
S00750,C01750,P4,ACTIVE,2025-03-01,2025-03-31
S00751,C01751,P4,ACTIVE,2025-03-01,2025-03-31
S00752,C01752,P2,ACTIVE,2025-03-01,2025-03-31
S00753,C01753,P1,ACTIVE,2025-03-01,2025-03-31
S00754,C01754,P4,ACTIVE,2025-03-01,2025-03-31
S00755,C01755,P1,ACTIVE,2025-03-01,2025-03-31
S00756,C01756,P2,ACTIVE,2025-03-01,2025-03-31
S00757,C01757,P1,ACTIVE,2025-03-01,2025-03-31
S00758,C01758,P2,ACTIVE,2025-03-01,2025-03-31
S00759,C01759,P1,SUSPENDED,2025-03-01,2025-03-31
S00760,C01760,P3,ACTIVE,2025-03-01,2025-03-31
S00761,C01761,P1,ACTIVE,2025-03-01,2025-03-31
S00762,C01762,P2,ACTIVE,2025-03-01,2025-03-31
S00763,C01763,P1,ACTIVE,2025-03-01,2025-03-31
S00764,C01764,P1,ACTIVE,2025-03-01,2025-03-31
S00765,C01765,P3,ACTIVE,2025-03-01,2025-03-31
S00766,C01766,P4,ACTIVE,2025-03-01,2025-03-31
S00767,C01767,P1,ACTIVE,2025-03-01,2025-03-31
S00768,C01768,P1,SUSPENDED,2025-03-01,2025-03-31
S00769,C01769,P2,ACTIVE,2025-03-01,2025-03-31
S00770,C01770,P3,ACTIVE,2025-03-01,2025-03-31
S00771,C01771,P2,SUSPENDED,2025-03-01,2025-03-31
S00772,C01772,P1,SUSPENDED,2025-03-01,2025-03-31
S00773,C01773,P4,CANCELLED,2025-03-01,2025-03-31
S00774,C01774,P2,ACTIVE,2025-03-01,2025-03-31
S00775,C01775,P1,ACTIVE,2025-03-01,2025-03-31
S00776,C01776,P1,SUSPENDED,2025-03-01,2025-03-31
S00777,C01777,P2,ACTIVE,2025-03-01,2025-03-31
S00778,C01778,P3,ACTIVE,2025-03-01,2025-03-31
S00779,C01779,P2,ACTIVE,2025-03-01,2025-03-31
S00780,C01780,P1,ACTIVE,2025-03-01,2025-03-31
S00781,C01781,P1,ACTIVE,2025-03-01,2025-03-31
S00782,C01782,P3,ACTIVE,2025-03-01,2025-03-31
S00783,C01783,P1,ACTIVE,2025-03-01,2025-03-31
S00784,C01784,P2,ACTIVE,2025-03-01,2025-03-31
S00785,C01785,P1,ACTIVE,2025-03-01,2025-03-31
S00786,C01786,P1,ACTIVE,2025-03-01,2025-03-31
S00787,C01787,P1,ACTIVE,2025-03-01,2025-03-31
S00788,C01788,P1,ACTIVE,2025-03-01,2025-03-31
S00789,C01789,P1,ACTIVE,2025-03-01,2025-03-31
S00790,C01790,P1,ACTIVE,2025-03-01,2025-03-31
S00791,C01791,P2,ACTIVE,2025-03-01,2025-03-31
S00792,C01792,P3,ACTIVE,2025-03-01,2025-03-31
S00793,C01793,P2,ACTIVE,2025-03-01,2025-03-31
S00794,C01794,P3,ACTIVE,2025-03-01,2025-03-31
S00795,C01795,P4,CANCELLED,2025-03-01,2025-03-31
S00796,C01796,P3,ACTIVE,2025-03-01,2025-03-31
S00797,C01797,P1,ACTIVE,2025-03-01,2025-03-31
S00798,C01798,P3,ACTIVE,2025-03-01,2025-03-31
S00799,C01799,P1,ACTIVE,2025-03-01,2025-03-31
S00800,C01800,P3,ACTIVE,2025-03-01,2025-03-31
S00801,C01801,P1,ACTIVE,2025-03-01,2025-03-31
S00802,C01802,P2,ACTIVE,2025-03-01,2025-03-31
S00803,C01803,P1,ACTIVE,2025-03-01,2025-03-31
S00804,C01804,P2,ACTIVE,2025-03-01,2025-03-31
S00805,C01805,P3,ACTIVE,2025-03-01,2025-03-31
S00806,C01806,P3,ACTIVE,2025-03-01,2025-03-31
S00807,C01807,P4,ACTIVE,2025-03-01,2025-03-31
S00808,C01808,P3,ACTIVE,2025-03-01,2025-03-31
S00809,C01809,P2,ACTIVE,2025-03-01,2025-03-31
S00810,C01810,P4,ACTIVE,2025-03-01,2025-03-31
S00811,C01811,P2,ACTIVE,2025-03-01,2025-03-31
S00812,C01812,P2,ACTIVE,2025-03-01,2025-03-31
S00813,C01813,P1,ACTIVE,2025-03-01,2025-03-31
S00814,C01814,P1,ACTIVE,2025-03-01,2025-03-31
S00815,C01815,P2,ACTIVE,2025-03-01,2025-03-31
S00816,C01816,P1,ACTIVE,2025-03-01,2025-03-31
S00817,C01817,P1,ACTIVE,2025-03-01,2025-03-31
S00818,C01818,P1,ACTIVE,2025-03-01,2025-03-31
S00819,C01819,P1,ACTIVE,2025-03-01,2025-03-31
S00820,C01820,P1,ACTIVE,2025-03-01,2025-03-31
S00821,C01821,P2,ACTIVE,2025-03-01,2025-03-31
S00822,C01822,P2,ACTIVE,2025-03-01,2025-03-31
S00823,C01823,P1,CANCELLED,2025-03-01,2025-03-31
S00824,C01824,P1,ACTIVE,2025-03-01,2025-03-31
S00825,C01825,P1,ACTIVE,2025-03-01,2025-03-31
S00826,C01826,P3,ACTIVE,2025-03-01,2025-03-31
S00827,C01827,P1,ACTIVE,2025-03-01,2025-03-31
S00828,C01828,P2,SUSPENDED,2025-03-01,2025-03-31
S00829,C01829,P1,ACTIVE,2025-03-01,2025-03-31
S00830,C01830,P1,ACTIVE,2025-03-01,2025-03-31
S00831,C01831,P1,ACTIVE,2025-03-01,2025-03-31
S00832,C01832,P4,ACTIVE,2025-03-01,2025-03-31
S00833,C01833,P3,ACTIVE,2025-03-01,2025-03-31
S00834,C01834,P1,ACTIVE,2025-03-01,2025-03-31
S00835,C01835,P1,ACTIVE,2025-03-01,2025-03-31
S00836,C01836,P2,ACTIVE,2025-03-01,2025-03-31
S00837,C01837,P2,ACTIVE,2025-03-01,2025-03-31
S00838,C01838,P1,ACTIVE,2025-03-01,2025-03-31
S00839,C01839,P1,ACTIVE,2025-03-01,2025-03-31
S00840,C01840,P1,ACTIVE,2025-03-01,2025-03-31
S00841,C01841,P2,ACTIVE,2025-03-01,2025-03-31
S00842,C01842,P2,ACTIVE,2025-03-01,2025-03-31
S00843,C01843,P1,ACTIVE,2025-03-01,2025-03-31
S00844,C01844,P3,SUSPENDED,2025-03-01,2025-03-31
S00845,C01845,P3,ACTIVE,2025-03-01,2025-03-31
S00846,C01846,P4,SUSPENDED,2025-03-01,2025-03-31
S00847,C01847,P2,ACTIVE,2025-03-01,2025-03-31
S00848,C01848,P2,ACTIVE,2025-03-01,2025-03-31
S00849,C01849,P2,ACTIVE,2025-03-01,2025-03-31
S00850,C01850,P4,ACTIVE,2025-03-01,2025-03-31
S00851,C01851,P1,ACTIVE,2025-03-01,2025-03-31
S00852,C01852,P2,ACTIVE,2025-03-01,2025-03-31
S00853,C01853,P2,ACTIVE,2025-03-01,2025-03-31
S00854,C01854,P2,ACTIVE,2025-03-01,2025-03-31
S00855,C01855,P1,ACTIVE,2025-03-01,2025-03-31
S00856,C01856,P2,ACTIVE,2025-03-01,2025-03-31
S00857,C01857,P1,ACTIVE,2025-03-01,2025-03-31
S00858,C01858,P2,ACTIVE,2025-03-01,2025-03-31
S00859,C01859,P1,ACTIVE,2025-03-01,2025-03-31
S00860,C01860,P2,ACTIVE,2025-03-01,2025-03-31
S00861,C01861,P1,ACTIVE,2025-03-01,2025-03-31
S00862,C01862,P2,CANCELLED,2025-03-01,2025-03-31
S00863,C01863,P3,ACTIVE,2025-03-01,2025-03-31
S00864,C01864,P2,ACTIVE,2025-03-01,2025-03-31
S00865,C01865,P2,SUSPENDED,2025-03-01,2025-03-31
S00866,C01866,P2,ACTIVE,2025-03-01,2025-03-31
S00867,C01867,P3,ACTIVE,2025-03-01,2025-03-31
S00868,C01868,P1,ACTIVE,2025-03-01,2025-03-31
S00869,C01869,P2,ACTIVE,2025-03-01,2025-03-31
S00870,C01870,P1,ACTIVE,2025-03-01,2025-03-31
S00871,C01871,P3,ACTIVE,2025-03-01,2025-03-31
S00872,C01872,P3,ACTIVE,2025-03-01,2025-03-31
S00873,C01873,P3,ACTIVE,2025-03-01,2025-03-31
S00874,C01874,P1,ACTIVE,2025-03-01,2025-03-31
S00875,C01875,P2,ACTIVE,2025-03-01,2025-03-31
S00876,C01876,P2,ACTIVE,2025-03-01,2025-03-31
S00877,C01877,P4,ACTIVE,2025-03-01,2025-03-31
S00878,C01878,P1,ACTIVE,2025-03-01,2025-03-31
S00879,C01879,P2,ACTIVE,2025-03-01,2025-03-31
S00880,C01880,P4,ACTIVE,2025-03-01,2025-03-31
S00881,C01881,P1,ACTIVE,2025-03-01,2025-03-31
S00882,C01882,P1,CANCELLED,2025-03-01,2025-03-31
S00883,C01883,P1,ACTIVE,2025-03-01,2025-03-31
S00884,C01884,P4,ACTIVE,2025-03-01,2025-03-31
S00885,C01885,P3,SUSPENDED,2025-03-01,2025-03-31
S00886,C01886,P3,CANCELLED,2025-03-01,2025-03-31
S00887,C01887,P2,ACTIVE,2025-03-01,2025-03-31
S00888,C01888,P3,ACTIVE,2025-03-01,2025-03-31
S00889,C01889,P3,ACTIVE,2025-03-01,2025-03-31
S00890,C01890,P1,ACTIVE,2025-03-01,2025-03-31
S00891,C01891,P3,ACTIVE,2025-03-01,2025-03-31
S00892,C01892,P1,ACTIVE,2025-03-01,2025-03-31
S00893,C01893,P4,ACTIVE,2025-03-01,2025-03-31
S00894,C01894,P1,ACTIVE,2025-03-01,2025-03-31
S00895,C01895,P3,CANCELLED,2025-03-01,2025-03-31
S00896,C01896,P3,ACTIVE,2025-03-01,2025-03-31
S00897,C01897,P2,CANCELLED,2025-03-01,2025-03-31
S00898,C01898,P3,ACTIVE,2025-03-01,2025-03-31
S00899,C01899,P2,ACTIVE,2025-03-01,2025-03-31
S00900,C01900,P4,ACTIVE,2025-03-01,2025-03-31
S00901,C01901,P3,ACTIVE,2025-03-01,2025-03-31
S00902,C01902,P2,ACTIVE,2025-03-01,2025-03-31
S00903,C01903,P2,ACTIVE,2025-03-01,2025-03-31
S00904,C01904,P1,ACTIVE,2025-03-01,2025-03-31
S00905,C01905,P1,ACTIVE,2025-03-01,2025-03-31
S00906,C01906,P2,ACTIVE,2025-03-01,2025-03-31
S00907,C01907,P1,ACTIVE,2025-03-01,2025-03-31
S00908,C01908,P2,ACTIVE,2025-03-01,2025-03-31
S00909,C01909,P1,ACTIVE,2025-03-01,2025-03-31
S00910,C01910,P1,SUSPENDED,2025-03-01,2025-03-31
S00911,C01911,P3,ACTIVE,2025-03-01,2025-03-31
S00912,C01912,P1,ACTIVE,2025-03-01,2025-03-31
S00913,C01913,P3,ACTIVE,2025-03-01,2025-03-31
S00914,C01914,P1,ACTIVE,2025-03-01,2025-03-31
S00915,C01915,P1,ACTIVE,2025-03-01,2025-03-31
S00916,C01916,P2,ACTIVE,2025-03-01,2025-03-31
S00917,C01917,P4,CANCELLED,2025-03-01,2025-03-31
S00918,C01918,P2,ACTIVE,2025-03-01,2025-03-31
S00919,C01919,P1,CANCELLED,2025-03-01,2025-03-31
S00920,C01920,P2,ACTIVE,2025-03-01,2025-03-31
S00921,C01921,P1,ACTIVE,2025-03-01,2025-03-31
S00922,C01922,P3,ACTIVE,2025-03-01,2025-03-31
S00923,C01923,P2,ACTIVE,2025-03-01,2025-03-31
S00924,C01924,P1,ACTIVE,2025-03-01,2025-03-31
S00925,C01925,P2,ACTIVE,2025-03-01,2025-03-31
S00926,C01926,P3,ACTIVE,2025-03-01,2025-03-31
S00927,C01927,P2,ACTIVE,2025-03-01,2025-03-31
S00928,C01928,P1,ACTIVE,2025-03-01,2025-03-31
S00929,C01929,P1,CANCELLED,2025-03-01,2025-03-31
S00930,C01930,P3,CANCELLED,2025-03-01,2025-03-31
S00931,C01931,P1,SUSPENDED,2025-03-01,2025-03-31
S00932,C01932,P2,CANCELLED,2025-03-01,2025-03-31
S00933,C01933,P2,ACTIVE,2025-03-01,2025-03-31
S00934,C01934,P1,ACTIVE,2025-03-01,2025-03-31
S00935,C01935,P1,ACTIVE,2025-03-01,2025-03-31
S00936,C01936,P1,ACTIVE,2025-03-01,2025-03-31
S00937,C01937,P2,ACTIVE,2025-03-01,2025-03-31
S00938,C01938,P4,ACTIVE,2025-03-01,2025-03-31
S00939,C01939,P3,ACTIVE,2025-03-01,2025-03-31
S00940,C01940,P2,CANCELLED,2025-03-01,2025-03-31
S00941,C01941,P1,ACTIVE,2025-03-01,2025-03-31
S00942,C01942,P1,ACTIVE,2025-03-01,2025-03-31
S00943,C01943,P3,ACTIVE,2025-03-01,2025-03-31
S00944,C01944,P4,ACTIVE,2025-03-01,2025-03-31
S00945,C01945,P1,ACTIVE,2025-03-01,2025-03-31
S00946,C01946,P2,ACTIVE,2025-03-01,2025-03-31
S00947,C01947,P2,ACTIVE,2025-03-01,2025-03-31
S00948,C01948,P1,ACTIVE,2025-03-01,2025-03-31
S00949,C01949,P1,ACTIVE,2025-03-01,2025-03-31
S00950,C01950,P1,ACTIVE,2025-03-01,2025-03-31
S00951,C01951,P1,CANCELLED,2025-03-01,2025-03-31
S00952,C01952,P2,ACTIVE,2025-03-01,2025-03-31
S00953,C01953,P1,ACTIVE,2025-03-01,2025-03-31
S00954,C01954,P4,ACTIVE,2025-03-01,2025-03-31
S00955,C01955,P2,ACTIVE,2025-03-01,2025-03-31
S00956,C01956,P1,ACTIVE,2025-03-01,2025-03-31
S00957,C01957,P4,CANCELLED,2025-03-01,2025-03-31
S00958,C01958,P1,ACTIVE,2025-03-01,2025-03-31
S00959,C01959,P3,ACTIVE,2025-03-01,2025-03-31
S00960,C01960,P1,ACTIVE,2025-03-01,2025-03-31
S00961,C01961,P1,SUSPENDED,2025-03-01,2025-03-31
S00962,C01962,P2,ACTIVE,2025-03-01,2025-03-31
S00963,C01963,P1,ACTIVE,2025-03-01,2025-03-31
S00964,C01964,P2,ACTIVE,2025-03-01,2025-03-31
S00965,C01965,P2,ACTIVE,2025-03-01,2025-03-31
S00966,C01966,P1,ACTIVE,2025-03-01,2025-03-31
S00967,C01967,P1,CANCELLED,2025-03-01,2025-03-31
S00968,C01968,P1,ACTIVE,2025-03-01,2025-03-31
S00969,C01969,P1,ACTIVE,2025-03-01,2025-03-31
S00970,C01970,P1,ACTIVE,2025-03-01,2025-03-31
S00971,C01971,P2,ACTIVE,2025-03-01,2025-03-31
S00972,C01972,P1,ACTIVE,2025-03-01,2025-03-31
S00973,C01973,P4,ACTIVE,2025-03-01,2025-03-31
S00974,C01974,P1,ACTIVE,2025-03-01,2025-03-31
S00975,C01975,P1,ACTIVE,2025-03-01,2025-03-31
S00976,C01976,P1,ACTIVE,2025-03-01,2025-03-31
S00977,C01977,P4,ACTIVE,2025-03-01,2025-03-31
S00978,C01978,P3,ACTIVE,2025-03-01,2025-03-31
S00979,C01979,P3,ACTIVE,2025-03-01,2025-03-31
S00980,C01980,P1,CANCELLED,2025-03-01,2025-03-31
S00981,C01981,P1,ACTIVE,2025-03-01,2025-03-31
S00982,C01982,P2,ACTIVE,2025-03-01,2025-03-31
S00983,C01983,P2,ACTIVE,2025-03-01,2025-03-31
S00984,C01984,P1,ACTIVE,2025-03-01,2025-03-31
S00985,C01985,P1,ACTIVE,2025-03-01,2025-03-31
S00986,C01986,P3,ACTIVE,2025-03-01,2025-03-31
S00987,C01987,P2,ACTIVE,2025-03-01,2025-03-31
S00988,C01988,P1,ACTIVE,2025-03-01,2025-03-31
S00989,C01989,P3,SUSPENDED,2025-03-01,2025-03-31
S00990,C01990,P1,CANCELLED,2025-03-01,2025-03-31
S00991,C01991,P3,ACTIVE,2025-03-01,2025-03-31
S00992,C01992,P1,ACTIVE,2025-03-01,2025-03-31
S00993,C01993,P1,ACTIVE,2025-03-01,2025-03-31
S00994,C01994,P3,ACTIVE,2025-03-01,2025-03-31
S00995,C01995,P2,ACTIVE,2025-03-01,2025-03-31
S00996,C01996,P3,ACTIVE,2025-03-01,2025-03-31
S00997,C01997,P2,ACTIVE,2025-03-01,2025-03-31
S00998,C01998,P1,ACTIVE,2025-03-01,2025-03-31
S00999,C01999,P3,ACTIVE,2025-03-01,2025-03-31
S01000,C02000,P1,ACTIVE,2025-03-01,2025-03-31
S01001,C02001,P1,ACTIVE,2025-03-01,2025-03-31
S01002,C02002,P2,ACTIVE,2025-03-01,2025-03-31
S01003,C02003,P1,ACTIVE,2025-03-01,2025-03-31
S01004,C02004,P2,ACTIVE,2025-03-01,2025-03-31
S01005,C02005,P3,CANCELLED,2025-03-01,2025-03-31
S01006,C02006,P2,ACTIVE,2025-03-01,2025-03-31
S01007,C02007,P3,ACTIVE,2025-03-01,2025-03-31
S01008,C02008,P1,ACTIVE,2025-03-01,2025-03-31
S01009,C02009,P2,ACTIVE,2025-03-01,2025-03-31
S01010,C02010,P1,ACTIVE,2025-03-01,2025-03-31
S01011,C02011,P3,ACTIVE,2025-03-01,2025-03-31
S01012,C02012,P2,ACTIVE,2025-03-01,2025-03-31
S01013,C02013,P3,ACTIVE,2025-03-01,2025-03-31
S01014,C02014,P1,ACTIVE,2025-03-01,2025-03-31
S01015,C02015,P1,ACTIVE,2025-03-01,2025-03-31
S01016,C02016,P1,ACTIVE,2025-03-01,2025-03-31
S01017,C02017,P3,ACTIVE,2025-03-01,2025-03-31
S01018,C02018,P1,CANCELLED,2025-03-01,2025-03-31
S01019,C02019,P1,ACTIVE,2025-03-01,2025-03-31
S01020,C02020,P1,ACTIVE,2025-03-01,2025-03-31
S01021,C02021,P1,ACTIVE,2025-03-01,2025-03-31
S01022,C02022,P2,ACTIVE,2025-03-01,2025-03-31
S01023,C02023,P1,ACTIVE,2025-03-01,2025-03-31
S01024,C02024,P1,ACTIVE,2025-03-01,2025-03-31
S01025,C02025,P3,ACTIVE,2025-03-01,2025-03-31
S01026,C02026,P4,ACTIVE,2025-03-01,2025-03-31
S01027,C02027,P1,SUSPENDED,2025-03-01,2025-03-31
S01028,C02028,P2,ACTIVE,2025-03-01,2025-03-31
S01029,C02029,P1,ACTIVE,2025-03-01,2025-03-31
S01030,C02030,P3,ACTIVE,2025-03-01,2025-03-31
S01031,C02031,P2,ACTIVE,2025-03-01,2025-03-31
S01032,C02032,P1,ACTIVE,2025-03-01,2025-03-31
S01033,C02033,P3,ACTIVE,2025-03-01,2025-03-31
S01034,C02034,P2,ACTIVE,2025-03-01,2025-03-31
S01035,C02035,P1,ACTIVE,2025-03-01,2025-03-31
S01036,C02036,P4,ACTIVE,2025-03-01,2025-03-31
S01037,C02037,P1,CANCELLED,2025-03-01,2025-03-31
S01038,C02038,P4,ACTIVE,2025-03-01,2025-03-31
S01039,C02039,P1,ACTIVE,2025-03-01,2025-03-31
S01040,C02040,P1,ACTIVE,2025-03-01,2025-03-31
S01041,C02041,P1,ACTIVE,2025-03-01,2025-03-31
S01042,C02042,P1,ACTIVE,2025-03-01,2025-03-31
S01043,C02043,P2,ACTIVE,2025-03-01,2025-03-31
S01044,C02044,P3,ACTIVE,2025-03-01,2025-03-31
S01045,C02045,P1,ACTIVE,2025-03-01,2025-03-31
S01046,C02046,P2,ACTIVE,2025-03-01,2025-03-31
S01047,C02047,P2,ACTIVE,2025-03-01,2025-03-31
S01048,C02048,P2,ACTIVE,2025-03-01,2025-03-31
S01049,C02049,P1,ACTIVE,2025-03-01,2025-03-31
S01050,C02050,P2,SUSPENDED,2025-03-01,2025-03-31
S01051,C02051,P3,ACTIVE,2025-03-01,2025-03-31
S01052,C02052,P2,ACTIVE,2025-03-01,2025-03-31
S01053,C02053,P3,ACTIVE,2025-03-01,2025-03-31
S01054,C02054,P1,ACTIVE,2025-03-01,2025-03-31
S01055,C02055,P1,ACTIVE,2025-03-01,2025-03-31
S01056,C02056,P2,ACTIVE,2025-03-01,2025-03-31
S01057,C02057,P2,ACTIVE,2025-03-01,2025-03-31
S01058,C02058,P2,ACTIVE,2025-03-01,2025-03-31
S01059,C02059,P1,ACTIVE,2025-03-01,2025-03-31
S01060,C02060,P3,ACTIVE,2025-03-01,2025-03-31
S01061,C02061,P1,ACTIVE,2025-03-01,2025-03-31
S01062,C02062,P4,ACTIVE,2025-03-01,2025-03-31
S01063,C02063,P4,ACTIVE,2025-03-01,2025-03-31
S01064,C02064,P1,ACTIVE,2025-03-01,2025-03-31
S01065,C02065,P2,ACTIVE,2025-03-01,2025-03-31
S01066,C02066,P2,CANCELLED,2025-03-01,2025-03-31
S01067,C02067,P4,ACTIVE,2025-03-01,2025-03-31
S01068,C02068,P2,SUSPENDED,2025-03-01,2025-03-31
S01069,C02069,P3,ACTIVE,2025-03-01,2025-03-31
S01070,C02070,P1,ACTIVE,2025-03-01,2025-03-31
S01071,C02071,P4,ACTIVE,2025-03-01,2025-03-31
S01072,C02072,P1,ACTIVE,2025-03-01,2025-03-31
S01073,C02073,P2,ACTIVE,2025-03-01,2025-03-31
S01074,C02074,P1,ACTIVE,2025-03-01,2025-03-31
S01075,C02075,P2,ACTIVE,2025-03-01,2025-03-31
S01076,C02076,P2,ACTIVE,2025-03-01,2025-03-31
S01077,C02077,P1,ACTIVE,2025-03-01,2025-03-31
S01078,C02078,P1,ACTIVE,2025-03-01,2025-03-31
S01079,C02079,P1,ACTIVE,2025-03-01,2025-03-31
S01080,C02080,P3,ACTIVE,2025-03-01,2025-03-31
S01081,C02081,P4,ACTIVE,2025-03-01,2025-03-31
S01082,C02082,P3,ACTIVE,2025-03-01,2025-03-31
S01083,C02083,P1,ACTIVE,2025-03-01,2025-03-31
S01084,C02084,P2,ACTIVE,2025-03-01,2025-03-31
S01085,C02085,P1,ACTIVE,2025-03-01,2025-03-31
S01086,C02086,P1,ACTIVE,2025-03-01,2025-03-31
S01087,C02087,P1,CANCELLED,2025-03-01,2025-03-31
S01088,C02088,P1,ACTIVE,2025-03-01,2025-03-31
S01089,C02089,P1,ACTIVE,2025-03-01,2025-03-31
S01090,C02090,P3,ACTIVE,2025-03-01,2025-03-31
S01091,C02091,P2,ACTIVE,2025-03-01,2025-03-31
S01092,C02092,P4,ACTIVE,2025-03-01,2025-03-31
S01093,C02093,P3,ACTIVE,2025-03-01,2025-03-31
S01094,C02094,P2,ACTIVE,2025-03-01,2025-03-31
S01095,C02095,P1,ACTIVE,2025-03-01,2025-03-31
S01096,C02096,P4,ACTIVE,2025-03-01,2025-03-31
S01097,C02097,P2,SUSPENDED,2025-03-01,2025-03-31
S01098,C02098,P3,ACTIVE,2025-03-01,2025-03-31
S01099,C02099,P1,ACTIVE,2025-03-01,2025-03-31
S01100,C02100,P3,ACTIVE,2025-03-01,2025-03-31
S01101,C02101,P2,ACTIVE,2025-03-01,2025-03-31
S01102,C02102,P1,ACTIVE,2025-03-01,2025-03-31
S01103,C02103,P2,ACTIVE,2025-03-01,2025-03-31
S01104,C02104,P4,ACTIVE,2025-03-01,2025-03-31
S01105,C02105,P3,SUSPENDED,2025-03-01,2025-03-31
S01106,C02106,P2,ACTIVE,2025-03-01,2025-03-31
S01107,C02107,P1,ACTIVE,2025-03-01,2025-03-31
S01108,C02108,P3,ACTIVE,2025-03-01,2025-03-31
S01109,C02109,P3,ACTIVE,2025-03-01,2025-03-31
S01110,C02110,P1,ACTIVE,2025-03-01,2025-03-31
S01111,C02111,P2,ACTIVE,2025-03-01,2025-03-31
S01112,C02112,P3,SUSPENDED,2025-03-01,2025-03-31
S01113,C02113,P2,ACTIVE,2025-03-01,2025-03-31
S01114,C02114,P3,ACTIVE,2025-03-01,2025-03-31
S01115,C02115,P4,ACTIVE,2025-03-01,2025-03-31
S01116,C02116,P2,ACTIVE,2025-03-01,2025-03-31
S01117,C02117,P1,ACTIVE,2025-03-01,2025-03-31
S01118,C02118,P4,ACTIVE,2025-03-01,2025-03-31
S01119,C02119,P3,ACTIVE,2025-03-01,2025-03-31
S01120,C02120,P1,ACTIVE,2025-03-01,2025-03-31
S01121,C02121,P3,ACTIVE,2025-03-01,2025-03-31
S01122,C02122,P1,CANCELLED,2025-03-01,2025-03-31
S01123,C02123,P3,CANCELLED,2025-03-01,2025-03-31
S01124,C02124,P1,ACTIVE,2025-03-01,2025-03-31
S01125,C02125,P4,CANCELLED,2025-03-01,2025-03-31
S01126,C02126,P1,ACTIVE,2025-03-01,2025-03-31
S01127,C02127,P1,ACTIVE,2025-03-01,2025-03-31
S01128,C02128,P2,ACTIVE,2025-03-01,2025-03-31
S01129,C02129,P3,ACTIVE,2025-03-01,2025-03-31
S01130,C02130,P1,ACTIVE,2025-03-01,2025-03-31
S01131,C02131,P1,ACTIVE,2025-03-01,2025-03-31
S01132,C02132,P1,ACTIVE,2025-03-01,2025-03-31
S01133,C02133,P1,ACTIVE,2025-03-01,2025-03-31
S01134,C02134,P1,SUSPENDED,2025-03-01,2025-03-31
S01135,C02135,P1,ACTIVE,2025-03-01,2025-03-31
S01136,C02136,P1,ACTIVE,2025-03-01,2025-03-31
S01137,C02137,P4,ACTIVE,2025-03-01,2025-03-31
S01138,C02138,P1,ACTIVE,2025-03-01,2025-03-31
S01139,C02139,P1,SUSPENDED,2025-03-01,2025-03-31
S01140,C02140,P3,SUSPENDED,2025-03-01,2025-03-31
S01141,C02141,P2,ACTIVE,2025-03-01,2025-03-31
S01142,C02142,P2,ACTIVE,2025-03-01,2025-03-31
S01143,C02143,P1,ACTIVE,2025-03-01,2025-03-31
S01144,C02144,P1,ACTIVE,2025-03-01,2025-03-31
S01145,C02145,P2,ACTIVE,2025-03-01,2025-03-31
S01146,C02146,P4,CANCELLED,2025-03-01,2025-03-31
S01147,C02147,P4,SUSPENDED,2025-03-01,2025-03-31
S01148,C02148,P1,ACTIVE,2025-03-01,2025-03-31
S01149,C02149,P3,ACTIVE,2025-03-01,2025-03-31
S01150,C02150,P2,ACTIVE,2025-03-01,2025-03-31
S01151,C02151,P1,ACTIVE,2025-03-01,2025-03-31
S01152,C02152,P2,ACTIVE,2025-03-01,2025-03-31
S01153,C02153,P4,ACTIVE,2025-03-01,2025-03-31
S01154,C02154,P1,ACTIVE,2025-03-01,2025-03-31
S01155,C02155,P1,ACTIVE,2025-03-01,2025-03-31
S01156,C02156,P3,ACTIVE,2025-03-01,2025-03-31
S01157,C02157,P4,ACTIVE,2025-03-01,2025-03-31
S01158,C02158,P4,ACTIVE,2025-03-01,2025-03-31
S01159,C02159,P2,ACTIVE,2025-03-01,2025-03-31
S01160,C02160,P1,ACTIVE,2025-03-01,2025-03-31
S01161,C02161,P1,ACTIVE,2025-03-01,2025-03-31
S01162,C02162,P1,ACTIVE,2025-03-01,2025-03-31
S01163,C02163,P1,ACTIVE,2025-03-01,2025-03-31
S01164,C02164,P1,ACTIVE,2025-03-01,2025-03-31
S01165,C02165,P2,ACTIVE,2025-03-01,2025-03-31
S01166,C02166,P1,ACTIVE,2025-03-01,2025-03-31
S01167,C02167,P1,ACTIVE,2025-03-01,2025-03-31
S01168,C02168,P4,ACTIVE,2025-03-01,2025-03-31
S01169,C02169,P2,ACTIVE,2025-03-01,2025-03-31
S01170,C02170,P1,ACTIVE,2025-03-01,2025-03-31
S01171,C02171,P2,ACTIVE,2025-03-01,2025-03-31
S01172,C02172,P1,ACTIVE,2025-03-01,2025-03-31
S01173,C02173,P2,ACTIVE,2025-03-01,2025-03-31
S01174,C02174,P2,ACTIVE,2025-03-01,2025-03-31
S01175,C02175,P2,SUSPENDED,2025-03-01,2025-03-31
S01176,C02176,P3,ACTIVE,2025-03-01,2025-03-31
S01177,C02177,P2,SUSPENDED,2025-03-01,2025-03-31
S01178,C02178,P4,SUSPENDED,2025-03-01,2025-03-31
S01179,C02179,P1,CANCELLED,2025-03-01,2025-03-31
S01180,C02180,P1,ACTIVE,2025-03-01,2025-03-31
S01181,C02181,P2,CANCELLED,2025-03-01,2025-03-31
S01182,C02182,P2,ACTIVE,2025-03-01,2025-03-31
S01183,C02183,P2,SUSPENDED,2025-03-01,2025-03-31
S01184,C02184,P3,ACTIVE,2025-03-01,2025-03-31
S01185,C02185,P2,ACTIVE,2025-03-01,2025-03-31
S01186,C02186,P1,ACTIVE,2025-03-01,2025-03-31
S01187,C02187,P2,SUSPENDED,2025-03-01,2025-03-31
S01188,C02188,P3,ACTIVE,2025-03-01,2025-03-31
S01189,C02189,P1,ACTIVE,2025-03-01,2025-03-31
S01190,C02190,P2,ACTIVE,2025-03-01,2025-03-31
S01191,C02191,P1,ACTIVE,2025-03-01,2025-03-31
S01192,C02192,P1,ACTIVE,2025-03-01,2025-03-31
S01193,C02193,P2,ACTIVE,2025-03-01,2025-03-31
S01194,C02194,P4,ACTIVE,2025-03-01,2025-03-31
S01195,C02195,P1,ACTIVE,2025-03-01,2025-03-31
S01196,C02196,P2,ACTIVE,2025-03-01,2025-03-31
S01197,C02197,P3,ACTIVE,2025-03-01,2025-03-31
S01198,C02198,P3,ACTIVE,2025-03-01,2025-03-31
S01199,C02199,P2,ACTIVE,2025-03-01,2025-03-31
S01200,C02200,P2,ACTIVE,2025-03-01,2025-03-31
S01201,C02201,P2,ACTIVE,2025-03-01,2025-03-31
S01202,C02202,P3,ACTIVE,2025-03-01,2025-03-31
S01203,C02203,P3,ACTIVE,2025-03-01,2025-03-31
S01204,C02204,P1,ACTIVE,2025-03-01,2025-03-31
S01205,C02205,P1,ACTIVE,2025-03-01,2025-03-31
S01206,C02206,P1,ACTIVE,2025-03-01,2025-03-31
S01207,C02207,P1,ACTIVE,2025-03-01,2025-03-31
S01208,C02208,P2,ACTIVE,2025-03-01,2025-03-31
S01209,C02209,P1,ACTIVE,2025-03-01,2025-03-31
S01210,C02210,P1,ACTIVE,2025-03-01,2025-03-31
S01211,C02211,P2,SUSPENDED,2025-03-01,2025-03-31
S01212,C02212,P1,ACTIVE,2025-03-01,2025-03-31
S01213,C02213,P2,ACTIVE,2025-03-01,2025-03-31
S01214,C02214,P1,ACTIVE,2025-03-01,2025-03-31
S01215,C02215,P1,ACTIVE,2025-03-01,2025-03-31
S01216,C02216,P1,ACTIVE,2025-03-01,2025-03-31
S01217,C02217,P3,CANCELLED,2025-03-01,2025-03-31
S01218,C02218,P2,ACTIVE,2025-03-01,2025-03-31
S01219,C02219,P4,ACTIVE,2025-03-01,2025-03-31
S01220,C02220,P3,ACTIVE,2025-03-01,2025-03-31
S01221,C02221,P2,ACTIVE,2025-03-01,2025-03-31
S01222,C02222,P4,ACTIVE,2025-03-01,2025-03-31
S01223,C02223,P4,ACTIVE,2025-03-01,2025-03-31
S01224,C02224,P4,ACTIVE,2025-03-01,2025-03-31
S01225,C02225,P3,ACTIVE,2025-03-01,2025-03-31
S01226,C02226,P1,CANCELLED,2025-03-01,2025-03-31
S01227,C02227,P3,ACTIVE,2025-03-01,2025-03-31
S01228,C02228,P2,CANCELLED,2025-03-01,2025-03-31
S01229,C02229,P1,ACTIVE,2025-03-01,2025-03-31
S01230,C02230,P1,ACTIVE,2025-03-01,2025-03-31
S01231,C02231,P2,ACTIVE,2025-03-01,2025-03-31
S01232,C02232,P2,ACTIVE,2025-03-01,2025-03-31
S01233,C02233,P4,ACTIVE,2025-03-01,2025-03-31
S01234,C02234,P1,ACTIVE,2025-03-01,2025-03-31
S01235,C02235,P2,ACTIVE,2025-03-01,2025-03-31
S01236,C02236,P3,SUSPENDED,2025-03-01,2025-03-31
S01237,C02237,P1,ACTIVE,2025-03-01,2025-03-31
S01238,C02238,P4,ACTIVE,2025-03-01,2025-03-31
S01239,C02239,P1,ACTIVE,2025-03-01,2025-03-31
S01240,C02240,P2,ACTIVE,2025-03-01,2025-03-31
S01241,C02241,P2,ACTIVE,2025-03-01,2025-03-31
S01242,C02242,P1,ACTIVE,2025-03-01,2025-03-31
S01243,C02243,P1,ACTIVE,2025-03-01,2025-03-31
S01244,C02244,P2,ACTIVE,2025-03-01,2025-03-31
S01245,C02245,P4,ACTIVE,2025-03-01,2025-03-31
S01246,C02246,P1,ACTIVE,2025-03-01,2025-03-31
S01247,C02247,P3,ACTIVE,2025-03-01,2025-03-31
S01248,C02248,P2,ACTIVE,2025-03-01,2025-03-31
S01249,C02249,P1,ACTIVE,2025-03-01,2025-03-31
S01250,C02250,P2,ACTIVE,2025-03-01,2025-03-31
S01251,C02251,P1,ACTIVE,2025-03-01,2025-03-31
S01252,C02252,P2,ACTIVE,2025-03-01,2025-03-31
S01253,C02253,P1,SUSPENDED,2025-03-01,2025-03-31
S01254,C02254,P1,ACTIVE,2025-03-01,2025-03-31
S01255,C02255,P1,ACTIVE,2025-03-01,2025-03-31
S01256,C02256,P1,ACTIVE,2025-03-01,2025-03-31
S01257,C02257,P2,ACTIVE,2025-03-01,2025-03-31
S01258,C02258,P2,ACTIVE,2025-03-01,2025-03-31
S01259,C02259,P1,ACTIVE,2025-03-01,2025-03-31
S01260,C02260,P2,ACTIVE,2025-03-01,2025-03-31
S01261,C02261,P1,ACTIVE,2025-03-01,2025-03-31
S01262,C02262,P1,ACTIVE,2025-03-01,2025-03-31
S01263,C02263,P1,ACTIVE,2025-03-01,2025-03-31
S01264,C02264,P3,ACTIVE,2025-03-01,2025-03-31
S01265,C02265,P2,ACTIVE,2025-03-01,2025-03-31
S01266,C02266,P2,ACTIVE,2025-03-01,2025-03-31
S01267,C02267,P1,ACTIVE,2025-03-01,2025-03-31
S01268,C02268,P4,SUSPENDED,2025-03-01,2025-03-31
S01269,C02269,P2,ACTIVE,2025-03-01,2025-03-31
S01270,C02270,P3,ACTIVE,2025-03-01,2025-03-31
S01271,C02271,P3,ACTIVE,2025-03-01,2025-03-31
S01272,C02272,P3,ACTIVE,2025-03-01,2025-03-31
S01273,C02273,P2,ACTIVE,2025-03-01,2025-03-31
S01274,C02274,P2,ACTIVE,2025-03-01,2025-03-31
S01275,C02275,P2,ACTIVE,2025-03-01,2025-03-31
S01276,C02276,P2,ACTIVE,2025-03-01,2025-03-31
S01277,C02277,P1,ACTIVE,2025-03-01,2025-03-31
S01278,C02278,P2,ACTIVE,2025-03-01,2025-03-31
S01279,C02279,P2,ACTIVE,2025-03-01,2025-03-31
S01280,C02280,P4,SUSPENDED,2025-03-01,2025-03-31
S01281,C02281,P1,ACTIVE,2025-03-01,2025-03-31
S01282,C02282,P3,ACTIVE,2025-03-01,2025-03-31
S01283,C02283,P1,ACTIVE,2025-03-01,2025-03-31
S01284,C02284,P1,ACTIVE,2025-03-01,2025-03-31
S01285,C02285,P1,ACTIVE,2025-03-01,2025-03-31
S01286,C02286,P4,ACTIVE,2025-03-01,2025-03-31
S01287,C02287,P1,ACTIVE,2025-03-01,2025-03-31
S01288,C02288,P1,ACTIVE,2025-03-01,2025-03-31
S01289,C02289,P2,ACTIVE,2025-03-01,2025-03-31
S01290,C02290,P1,CANCELLED,2025-03-01,2025-03-31
S01291,C02291,P2,ACTIVE,2025-03-01,2025-03-31
S01292,C02292,P3,ACTIVE,2025-03-01,2025-03-31
S01293,C02293,P2,ACTIVE,2025-03-01,2025-03-31
S01294,C02294,P1,ACTIVE,2025-03-01,2025-03-31
S01295,C02295,P1,CANCELLED,2025-03-01,2025-03-31
S01296,C02296,P1,ACTIVE,2025-03-01,2025-03-31
S01297,C02297,P1,ACTIVE,2025-03-01,2025-03-31
S01298,C02298,P2,ACTIVE,2025-03-01,2025-03-31
S01299,C02299,P1,ACTIVE,2025-03-01,2025-03-31
S01300,C02300,P2,ACTIVE,2025-03-01,2025-03-31
S01301,C02301,P3,ACTIVE,2025-03-01,2025-03-31
S01302,C02302,P4,ACTIVE,2025-03-01,2025-03-31
S01303,C02303,P2,ACTIVE,2025-03-01,2025-03-31
S01304,C02304,P1,SUSPENDED,2025-03-01,2025-03-31
S01305,C02305,P3,CANCELLED,2025-03-01,2025-03-31
S01306,C02306,P2,ACTIVE,2025-03-01,2025-03-31
S01307,C02307,P1,ACTIVE,2025-03-01,2025-03-31
S01308,C02308,P1,ACTIVE,2025-03-01,2025-03-31
S01309,C02309,P3,ACTIVE,2025-03-01,2025-03-31
S01310,C02310,P3,ACTIVE,2025-03-01,2025-03-31
S01311,C02311,P2,ACTIVE,2025-03-01,2025-03-31
S01312,C02312,P2,ACTIVE,2025-03-01,2025-03-31
S01313,C02313,P1,ACTIVE,2025-03-01,2025-03-31
S01314,C02314,P2,ACTIVE,2025-03-01,2025-03-31
S01315,C02315,P1,ACTIVE,2025-03-01,2025-03-31
S01316,C02316,P1,ACTIVE,2025-03-01,2025-03-31
S01317,C02317,P1,ACTIVE,2025-03-01,2025-03-31
S01318,C02318,P3,ACTIVE,2025-03-01,2025-03-31
S01319,C02319,P2,ACTIVE,2025-03-01,2025-03-31
S01320,C02320,P1,ACTIVE,2025-03-01,2025-03-31
S01321,C02321,P2,ACTIVE,2025-03-01,2025-03-31
S01322,C02322,P1,ACTIVE,2025-03-01,2025-03-31
S01323,C02323,P1,ACTIVE,2025-03-01,2025-03-31
S01324,C02324,P1,SUSPENDED,2025-03-01,2025-03-31
S01325,C02325,P4,ACTIVE,2025-03-01,2025-03-31
S01326,C02326,P3,ACTIVE,2025-03-01,2025-03-31
S01327,C02327,P1,ACTIVE,2025-03-01,2025-03-31
S01328,C02328,P2,ACTIVE,2025-03-01,2025-03-31
S01329,C02329,P1,ACTIVE,2025-03-01,2025-03-31
S01330,C02330,P2,SUSPENDED,2025-03-01,2025-03-31
S01331,C02331,P1,ACTIVE,2025-03-01,2025-03-31
S01332,C02332,P2,CANCELLED,2025-03-01,2025-03-31
S01333,C02333,P3,ACTIVE,2025-03-01,2025-03-31
S01334,C02334,P2,ACTIVE,2025-03-01,2025-03-31
S01335,C02335,P1,ACTIVE,2025-03-01,2025-03-31
S01336,C02336,P2,ACTIVE,2025-03-01,2025-03-31
S01337,C02337,P1,ACTIVE,2025-03-01,2025-03-31
S01338,C02338,P1,ACTIVE,2025-03-01,2025-03-31
S01339,C02339,P2,ACTIVE,2025-03-01,2025-03-31
S01340,C02340,P3,ACTIVE,2025-03-01,2025-03-31
S01341,C02341,P3,ACTIVE,2025-03-01,2025-03-31
S01342,C02342,P2,CANCELLED,2025-03-01,2025-03-31
S01343,C02343,P2,ACTIVE,2025-03-01,2025-03-31
S01344,C02344,P3,ACTIVE,2025-03-01,2025-03-31
S01345,C02345,P2,CANCELLED,2025-03-01,2025-03-31
S01346,C02346,P1,ACTIVE,2025-03-01,2025-03-31
S01347,C02347,P1,ACTIVE,2025-03-01,2025-03-31
S01348,C02348,P2,ACTIVE,2025-03-01,2025-03-31
S01349,C02349,P2,ACTIVE,2025-03-01,2025-03-31
S01350,C02350,P3,ACTIVE,2025-03-01,2025-03-31
S01351,C02351,P1,ACTIVE,2025-03-01,2025-03-31
S01352,C02352,P1,ACTIVE,2025-03-01,2025-03-31
S01353,C02353,P2,ACTIVE,2025-03-01,2025-03-31
S01354,C02354,P4,ACTIVE,2025-03-01,2025-03-31
S01355,C02355,P4,ACTIVE,2025-03-01,2025-03-31
S01356,C02356,P2,ACTIVE,2025-03-01,2025-03-31
S01357,C02357,P3,ACTIVE,2025-03-01,2025-03-31
S01358,C02358,P2,ACTIVE,2025-03-01,2025-03-31
S01359,C02359,P3,ACTIVE,2025-03-01,2025-03-31
S01360,C02360,P1,CANCELLED,2025-03-01,2025-03-31
S01361,C02361,P2,ACTIVE,2025-03-01,2025-03-31
S01362,C02362,P1,ACTIVE,2025-03-01,2025-03-31
S01363,C02363,P3,ACTIVE,2025-03-01,2025-03-31
S01364,C02364,P2,ACTIVE,2025-03-01,2025-03-31
S01365,C02365,P2,SUSPENDED,2025-03-01,2025-03-31
S01366,C02366,P1,ACTIVE,2025-03-01,2025-03-31
S01367,C02367,P3,ACTIVE,2025-03-01,2025-03-31
S01368,C02368,P2,ACTIVE,2025-03-01,2025-03-31
S01369,C02369,P1,ACTIVE,2025-03-01,2025-03-31
S01370,C02370,P2,ACTIVE,2025-03-01,2025-03-31
S01371,C02371,P3,ACTIVE,2025-03-01,2025-03-31
S01372,C02372,P1,CANCELLED,2025-03-01,2025-03-31
S01373,C02373,P2,CANCELLED,2025-03-01,2025-03-31
S01374,C02374,P2,ACTIVE,2025-03-01,2025-03-31
S01375,C02375,P4,ACTIVE,2025-03-01,2025-03-31
S01376,C02376,P2,ACTIVE,2025-03-01,2025-03-31
S01377,C02377,P1,ACTIVE,2025-03-01,2025-03-31
S01378,C02378,P2,ACTIVE,2025-03-01,2025-03-31
S01379,C02379,P2,SUSPENDED,2025-03-01,2025-03-31
S01380,C02380,P2,ACTIVE,2025-03-01,2025-03-31
S01381,C02381,P2,ACTIVE,2025-03-01,2025-03-31
S01382,C02382,P1,SUSPENDED,2025-03-01,2025-03-31
S01383,C02383,P2,ACTIVE,2025-03-01,2025-03-31
S01384,C02384,P4,ACTIVE,2025-03-01,2025-03-31
S01385,C02385,P2,SUSPENDED,2025-03-01,2025-03-31
S01386,C02386,P1,ACTIVE,2025-03-01,2025-03-31
S01387,C02387,P4,ACTIVE,2025-03-01,2025-03-31
S01388,C02388,P2,SUSPENDED,2025-03-01,2025-03-31
S01389,C02389,P3,ACTIVE,2025-03-01,2025-03-31
S01390,C02390,P3,ACTIVE,2025-03-01,2025-03-31
S01391,C02391,P2,CANCELLED,2025-03-01,2025-03-31
S01392,C02392,P3,ACTIVE,2025-03-01,2025-03-31
S01393,C02393,P3,ACTIVE,2025-03-01,2025-03-31
S01394,C02394,P2,ACTIVE,2025-03-01,2025-03-31
S01395,C02395,P3,ACTIVE,2025-03-01,2025-03-31
S01396,C02396,P3,ACTIVE,2025-03-01,2025-03-31
S01397,C02397,P4,SUSPENDED,2025-03-01,2025-03-31
S01398,C02398,P1,ACTIVE,2025-03-01,2025-03-31
S01399,C02399,P1,ACTIVE,2025-03-01,2025-03-31
S01400,C02400,P2,ACTIVE,2025-03-01,2025-03-31
S01401,C02401,P3,ACTIVE,2025-03-01,2025-03-31
S01402,C02402,P3,ACTIVE,2025-03-01,2025-03-31
S01403,C02403,P1,ACTIVE,2025-03-01,2025-03-31
S01404,C02404,P2,ACTIVE,2025-03-01,2025-03-31
S01405,C02405,P2,ACTIVE,2025-03-01,2025-03-31
S01406,C02406,P1,SUSPENDED,2025-03-01,2025-03-31
S01407,C02407,P3,ACTIVE,2025-03-01,2025-03-31
S01408,C02408,P1,ACTIVE,2025-03-01,2025-03-31
S01409,C02409,P1,ACTIVE,2025-03-01,2025-03-31
S01410,C02410,P1,ACTIVE,2025-03-01,2025-03-31
S01411,C02411,P4,ACTIVE,2025-03-01,2025-03-31
S01412,C02412,P1,ACTIVE,2025-03-01,2025-03-31
S01413,C02413,P1,CANCELLED,2025-03-01,2025-03-31
S01414,C02414,P2,ACTIVE,2025-03-01,2025-03-31
S01415,C02415,P4,ACTIVE,2025-03-01,2025-03-31
S01416,C02416,P1,ACTIVE,2025-03-01,2025-03-31
S01417,C02417,P1,ACTIVE,2025-03-01,2025-03-31
S01418,C02418,P1,ACTIVE,2025-03-01,2025-03-31
S01419,C02419,P1,ACTIVE,2025-03-01,2025-03-31
S01420,C02420,P1,ACTIVE,2025-03-01,2025-03-31
S01421,C02421,P1,ACTIVE,2025-03-01,2025-03-31
S01422,C02422,P1,SUSPENDED,2025-03-01,2025-03-31
S01423,C02423,P2,ACTIVE,2025-03-01,2025-03-31
S01424,C02424,P2,ACTIVE,2025-03-01,2025-03-31
S01425,C02425,P3,ACTIVE,2025-03-01,2025-03-31
S01426,C02426,P1,SUSPENDED,2025-03-01,2025-03-31
S01427,C02427,P2,ACTIVE,2025-03-01,2025-03-31
S01428,C02428,P2,SUSPENDED,2025-03-01,2025-03-31
S01429,C02429,P4,ACTIVE,2025-03-01,2025-03-31
S01430,C02430,P3,ACTIVE,2025-03-01,2025-03-31
S01431,C02431,P3,ACTIVE,2025-03-01,2025-03-31
S01432,C02432,P3,CANCELLED,2025-03-01,2025-03-31
S01433,C02433,P2,ACTIVE,2025-03-01,2025-03-31
S01434,C02434,P1,ACTIVE,2025-03-01,2025-03-31
S01435,C02435,P2,ACTIVE,2025-03-01,2025-03-31
S01436,C02436,P1,ACTIVE,2025-03-01,2025-03-31
S01437,C02437,P1,SUSPENDED,2025-03-01,2025-03-31
S01438,C02438,P3,ACTIVE,2025-03-01,2025-03-31
S01439,C02439,P1,ACTIVE,2025-03-01,2025-03-31
S01440,C02440,P3,ACTIVE,2025-03-01,2025-03-31
S01441,C02441,P1,ACTIVE,2025-03-01,2025-03-31
S01442,C02442,P2,ACTIVE,2025-03-01,2025-03-31
S01443,C02443,P2,ACTIVE,2025-03-01,2025-03-31
S01444,C02444,P3,SUSPENDED,2025-03-01,2025-03-31
S01445,C02445,P1,ACTIVE,2025-03-01,2025-03-31
S01446,C02446,P3,ACTIVE,2025-03-01,2025-03-31
S01447,C02447,P1,ACTIVE,2025-03-01,2025-03-31
S01448,C02448,P3,ACTIVE,2025-03-01,2025-03-31
S01449,C02449,P2,ACTIVE,2025-03-01,2025-03-31
S01450,C02450,P1,ACTIVE,2025-03-01,2025-03-31
S01451,C02451,P2,ACTIVE,2025-03-01,2025-03-31
S01452,C02452,P3,ACTIVE,2025-03-01,2025-03-31
S01453,C02453,P2,ACTIVE,2025-03-01,2025-03-31
S01454,C02454,P2,ACTIVE,2025-03-01,2025-03-31
S01455,C02455,P4,ACTIVE,2025-03-01,2025-03-31
S01456,C02456,P1,CANCELLED,2025-03-01,2025-03-31
S01457,C02457,P2,ACTIVE,2025-03-01,2025-03-31
S01458,C02458,P1,ACTIVE,2025-03-01,2025-03-31
S01459,C02459,P1,ACTIVE,2025-03-01,2025-03-31
S01460,C02460,P1,ACTIVE,2025-03-01,2025-03-31
S01461,C02461,P4,ACTIVE,2025-03-01,2025-03-31
S01462,C02462,P3,ACTIVE,2025-03-01,2025-03-31
S01463,C02463,P2,CANCELLED,2025-03-01,2025-03-31
S01464,C02464,P1,ACTIVE,2025-03-01,2025-03-31
S01465,C02465,P2,ACTIVE,2025-03-01,2025-03-31
S01466,C02466,P2,ACTIVE,2025-03-01,2025-03-31
S01467,C02467,P3,ACTIVE,2025-03-01,2025-03-31
S01468,C02468,P1,ACTIVE,2025-03-01,2025-03-31
S01469,C02469,P2,ACTIVE,2025-03-01,2025-03-31
S01470,C02470,P1,ACTIVE,2025-03-01,2025-03-31
S01471,C02471,P3,ACTIVE,2025-03-01,2025-03-31
S01472,C02472,P1,ACTIVE,2025-03-01,2025-03-31
S01473,C02473,P1,ACTIVE,2025-03-01,2025-03-31
S01474,C02474,P3,ACTIVE,2025-03-01,2025-03-31
S01475,C02475,P3,ACTIVE,2025-03-01,2025-03-31
S01476,C02476,P1,ACTIVE,2025-03-01,2025-03-31
S01477,C02477,P1,ACTIVE,2025-03-01,2025-03-31
S01478,C02478,P1,ACTIVE,2025-03-01,2025-03-31
S01479,C02479,P2,ACTIVE,2025-03-01,2025-03-31
S01480,C02480,P2,ACTIVE,2025-03-01,2025-03-31
S01481,C02481,P2,ACTIVE,2025-03-01,2025-03-31
S01482,C02482,P1,ACTIVE,2025-03-01,2025-03-31
S01483,C02483,P1,ACTIVE,2025-03-01,2025-03-31
S01484,C02484,P4,ACTIVE,2025-03-01,2025-03-31
S01485,C02485,P2,ACTIVE,2025-03-01,2025-03-31
S01486,C02486,P1,ACTIVE,2025-03-01,2025-03-31
S01487,C02487,P2,ACTIVE,2025-03-01,2025-03-31
S01488,C02488,P4,CANCELLED,2025-03-01,2025-03-31
S01489,C02489,P1,ACTIVE,2025-03-01,2025-03-31
S01490,C02490,P1,ACTIVE,2025-03-01,2025-03-31
S01491,C02491,P2,ACTIVE,2025-03-01,2025-03-31
S01492,C02492,P3,ACTIVE,2025-03-01,2025-03-31
S01493,C02493,P1,ACTIVE,2025-03-01,2025-03-31
S01494,C02494,P3,ACTIVE,2025-03-01,2025-03-31
S01495,C02495,P1,ACTIVE,2025-03-01,2025-03-31
S01496,C02496,P1,ACTIVE,2025-03-01,2025-03-31
S01497,C02497,P2,ACTIVE,2025-03-01,2025-03-31
S01498,C02498,P1,ACTIVE,2025-03-01,2025-03-31
S01499,C02499,P4,CANCELLED,2025-03-01,2025-03-31
S01500,C02500,P1,ACTIVE,2025-03-01,2025-03-31
S01501,C02501,P1,ACTIVE,2025-03-01,2025-03-31
S01502,C02502,P2,ACTIVE,2025-03-01,2025-03-31
S01503,C02503,P2,CANCELLED,2025-03-01,2025-03-31
S01504,C02504,P2,ACTIVE,2025-03-01,2025-03-31
S01505,C02505,P4,SUSPENDED,2025-03-01,2025-03-31
S01506,C02506,P1,CANCELLED,2025-03-01,2025-03-31
S01507,C02507,P3,ACTIVE,2025-03-01,2025-03-31
S01508,C02508,P1,CANCELLED,2025-03-01,2025-03-31
S01509,C02509,P2,ACTIVE,2025-03-01,2025-03-31
S01510,C02510,P1,ACTIVE,2025-03-01,2025-03-31
S01511,C02511,P2,ACTIVE,2025-03-01,2025-03-31
S01512,C02512,P1,ACTIVE,2025-03-01,2025-03-31
S01513,C02513,P3,ACTIVE,2025-03-01,2025-03-31
S01514,C02514,P2,ACTIVE,2025-03-01,2025-03-31
S01515,C02515,P1,ACTIVE,2025-03-01,2025-03-31
S01516,C02516,P2,ACTIVE,2025-03-01,2025-03-31
S01517,C02517,P1,ACTIVE,2025-03-01,2025-03-31
S01518,C02518,P2,ACTIVE,2025-03-01,2025-03-31
S01519,C02519,P1,ACTIVE,2025-03-01,2025-03-31
S01520,C02520,P2,ACTIVE,2025-03-01,2025-03-31
S01521,C02521,P2,ACTIVE,2025-03-01,2025-03-31
S01522,C02522,P3,ACTIVE,2025-03-01,2025-03-31
S01523,C02523,P2,ACTIVE,2025-03-01,2025-03-31
S01524,C02524,P1,ACTIVE,2025-03-01,2025-03-31
S01525,C02525,P1,ACTIVE,2025-03-01,2025-03-31
S01526,C02526,P2,ACTIVE,2025-03-01,2025-03-31
S01527,C02527,P2,ACTIVE,2025-03-01,2025-03-31
S01528,C02528,P3,SUSPENDED,2025-03-01,2025-03-31
S01529,C02529,P1,ACTIVE,2025-03-01,2025-03-31
S01530,C02530,P1,ACTIVE,2025-03-01,2025-03-31
S01531,C02531,P3,ACTIVE,2025-03-01,2025-03-31
S01532,C02532,P1,ACTIVE,2025-03-01,2025-03-31
S01533,C02533,P2,ACTIVE,2025-03-01,2025-03-31
S01534,C02534,P1,ACTIVE,2025-03-01,2025-03-31
S01535,C02535,P2,ACTIVE,2025-03-01,2025-03-31
S01536,C02536,P1,ACTIVE,2025-03-01,2025-03-31
S01537,C02537,P1,ACTIVE,2025-03-01,2025-03-31
S01538,C02538,P3,CANCELLED,2025-03-01,2025-03-31
S01539,C02539,P2,ACTIVE,2025-03-01,2025-03-31
S01540,C02540,P1,SUSPENDED,2025-03-01,2025-03-31
S01541,C02541,P3,ACTIVE,2025-03-01,2025-03-31
S01542,C02542,P1,ACTIVE,2025-03-01,2025-03-31
S01543,C02543,P2,ACTIVE,2025-03-01,2025-03-31
S01544,C02544,P3,ACTIVE,2025-03-01,2025-03-31
S01545,C02545,P1,ACTIVE,2025-03-01,2025-03-31
S01546,C02546,P1,CANCELLED,2025-03-01,2025-03-31
S01547,C02547,P1,ACTIVE,2025-03-01,2025-03-31
S01548,C02548,P3,ACTIVE,2025-03-01,2025-03-31
S01549,C02549,P1,ACTIVE,2025-03-01,2025-03-31
S01550,C02550,P1,CANCELLED,2025-03-01,2025-03-31
S01551,C02551,P3,ACTIVE,2025-03-01,2025-03-31
S01552,C02552,P3,ACTIVE,2025-03-01,2025-03-31
S01553,C02553,P1,ACTIVE,2025-03-01,2025-03-31
S01554,C02554,P1,SUSPENDED,2025-03-01,2025-03-31
S01555,C02555,P3,CANCELLED,2025-03-01,2025-03-31
S01556,C02556,P1,CANCELLED,2025-03-01,2025-03-31
S01557,C02557,P1,ACTIVE,2025-03-01,2025-03-31
S01558,C02558,P2,ACTIVE,2025-03-01,2025-03-31
S01559,C02559,P3,SUSPENDED,2025-03-01,2025-03-31
S01560,C02560,P2,ACTIVE,2025-03-01,2025-03-31
S01561,C02561,P1,ACTIVE,2025-03-01,2025-03-31
S01562,C02562,P1,SUSPENDED,2025-03-01,2025-03-31
S01563,C02563,P4,ACTIVE,2025-03-01,2025-03-31
S01564,C02564,P1,ACTIVE,2025-03-01,2025-03-31
S01565,C02565,P1,ACTIVE,2025-03-01,2025-03-31
S01566,C02566,P2,ACTIVE,2025-03-01,2025-03-31
S01567,C02567,P3,ACTIVE,2025-03-01,2025-03-31
S01568,C02568,P2,ACTIVE,2025-03-01,2025-03-31
S01569,C02569,P1,ACTIVE,2025-03-01,2025-03-31
S01570,C02570,P3,ACTIVE,2025-03-01,2025-03-31
S01571,C02571,P1,ACTIVE,2025-03-01,2025-03-31
S01572,C02572,P2,ACTIVE,2025-03-01,2025-03-31
S01573,C02573,P1,ACTIVE,2025-03-01,2025-03-31
S01574,C02574,P4,ACTIVE,2025-03-01,2025-03-31
S01575,C02575,P2,ACTIVE,2025-03-01,2025-03-31
S01576,C02576,P2,ACTIVE,2025-03-01,2025-03-31
S01577,C02577,P1,ACTIVE,2025-03-01,2025-03-31
S01578,C02578,P2,ACTIVE,2025-03-01,2025-03-31
S01579,C02579,P2,SUSPENDED,2025-03-01,2025-03-31
S01580,C02580,P1,CANCELLED,2025-03-01,2025-03-31
S01581,C02581,P3,ACTIVE,2025-03-01,2025-03-31
S01582,C02582,P1,ACTIVE,2025-03-01,2025-03-31
S01583,C02583,P2,ACTIVE,2025-03-01,2025-03-31
S01584,C02584,P1,CANCELLED,2025-03-01,2025-03-31
S01585,C02585,P1,ACTIVE,2025-03-01,2025-03-31
S01586,C02586,P1,CANCELLED,2025-03-01,2025-03-31
S01587,C02587,P3,ACTIVE,2025-03-01,2025-03-31
S01588,C02588,P2,ACTIVE,2025-03-01,2025-03-31
S01589,C02589,P2,ACTIVE,2025-03-01,2025-03-31
S01590,C02590,P3,SUSPENDED,2025-03-01,2025-03-31
S01591,C02591,P1,CANCELLED,2025-03-01,2025-03-31
S01592,C02592,P4,ACTIVE,2025-03-01,2025-03-31
S01593,C02593,P3,ACTIVE,2025-03-01,2025-03-31
S01594,C02594,P1,CANCELLED,2025-03-01,2025-03-31
S01595,C02595,P2,ACTIVE,2025-03-01,2025-03-31
S01596,C02596,P1,ACTIVE,2025-03-01,2025-03-31
S01597,C02597,P1,ACTIVE,2025-03-01,2025-03-31
S01598,C02598,P1,ACTIVE,2025-03-01,2025-03-31
S01599,C02599,P1,ACTIVE,2025-03-01,2025-03-31
S01600,C02600,P1,CANCELLED,2025-03-01,2025-03-31
S01601,C02601,P2,ACTIVE,2025-03-01,2025-03-31
S01602,C02602,P3,ACTIVE,2025-03-01,2025-03-31
S01603,C02603,P3,ACTIVE,2025-03-01,2025-03-31
S01604,C02604,P1,ACTIVE,2025-03-01,2025-03-31
S01605,C02605,P1,ACTIVE,2025-03-01,2025-03-31
S01606,C02606,P2,ACTIVE,2025-03-01,2025-03-31
S01607,C02607,P4,CANCELLED,2025-03-01,2025-03-31
S01608,C02608,P3,ACTIVE,2025-03-01,2025-03-31
S01609,C02609,P2,ACTIVE,2025-03-01,2025-03-31
S01610,C02610,P1,ACTIVE,2025-03-01,2025-03-31
S01611,C02611,P1,ACTIVE,2025-03-01,2025-03-31
S01612,C02612,P2,ACTIVE,2025-03-01,2025-03-31
S01613,C02613,P3,CANCELLED,2025-03-01,2025-03-31
S01614,C02614,P1,ACTIVE,2025-03-01,2025-03-31
S01615,C02615,P2,CANCELLED,2025-03-01,2025-03-31
S01616,C02616,P1,ACTIVE,2025-03-01,2025-03-31
S01617,C02617,P1,ACTIVE,2025-03-01,2025-03-31
S01618,C02618,P2,ACTIVE,2025-03-01,2025-03-31
S01619,C02619,P1,ACTIVE,2025-03-01,2025-03-31
S01620,C02620,P1,SUSPENDED,2025-03-01,2025-03-31
S01621,C02621,P3,ACTIVE,2025-03-01,2025-03-31
S01622,C02622,P1,ACTIVE,2025-03-01,2025-03-31
S01623,C02623,P1,ACTIVE,2025-03-01,2025-03-31
S01624,C02624,P3,ACTIVE,2025-03-01,2025-03-31
S01625,C02625,P4,ACTIVE,2025-03-01,2025-03-31
S01626,C02626,P2,ACTIVE,2025-03-01,2025-03-31
S01627,C02627,P4,CANCELLED,2025-03-01,2025-03-31
S01628,C02628,P2,ACTIVE,2025-03-01,2025-03-31
S01629,C02629,P3,CANCELLED,2025-03-01,2025-03-31
S01630,C02630,P3,ACTIVE,2025-03-01,2025-03-31
S01631,C02631,P4,ACTIVE,2025-03-01,2025-03-31
S01632,C02632,P2,SUSPENDED,2025-03-01,2025-03-31
S01633,C02633,P1,ACTIVE,2025-03-01,2025-03-31
S01634,C02634,P1,ACTIVE,2025-03-01,2025-03-31
S01635,C02635,P1,ACTIVE,2025-03-01,2025-03-31
S01636,C02636,P3,ACTIVE,2025-03-01,2025-03-31
S01637,C02637,P4,ACTIVE,2025-03-01,2025-03-31
S01638,C02638,P1,ACTIVE,2025-03-01,2025-03-31
S01639,C02639,P1,ACTIVE,2025-03-01,2025-03-31
S01640,C02640,P4,SUSPENDED,2025-03-01,2025-03-31
S01641,C02641,P1,ACTIVE,2025-03-01,2025-03-31
S01642,C02642,P1,ACTIVE,2025-03-01,2025-03-31
S01643,C02643,P1,ACTIVE,2025-03-01,2025-03-31
S01644,C02644,P2,ACTIVE,2025-03-01,2025-03-31
S01645,C02645,P2,ACTIVE,2025-03-01,2025-03-31
S01646,C02646,P4,ACTIVE,2025-03-01,2025-03-31
S01647,C02647,P3,ACTIVE,2025-03-01,2025-03-31
S01648,C02648,P1,ACTIVE,2025-03-01,2025-03-31
S01649,C02649,P2,ACTIVE,2025-03-01,2025-03-31
S01650,C02650,P1,ACTIVE,2025-03-01,2025-03-31
S01651,C02651,P2,ACTIVE,2025-03-01,2025-03-31
S01652,C02652,P2,ACTIVE,2025-03-01,2025-03-31
S01653,C02653,P2,ACTIVE,2025-03-01,2025-03-31
S01654,C02654,P1,ACTIVE,2025-03-01,2025-03-31
S01655,C02655,P1,ACTIVE,2025-03-01,2025-03-31
S01656,C02656,P4,ACTIVE,2025-03-01,2025-03-31
S01657,C02657,P3,ACTIVE,2025-03-01,2025-03-31
S01658,C02658,P1,ACTIVE,2025-03-01,2025-03-31
S01659,C02659,P3,SUSPENDED,2025-03-01,2025-03-31
S01660,C02660,P4,ACTIVE,2025-03-01,2025-03-31
S01661,C02661,P3,ACTIVE,2025-03-01,2025-03-31
S01662,C02662,P4,ACTIVE,2025-03-01,2025-03-31
S01663,C02663,P1,ACTIVE,2025-03-01,2025-03-31
S01664,C02664,P1,ACTIVE,2025-03-01,2025-03-31
S01665,C02665,P2,SUSPENDED,2025-03-01,2025-03-31
S01666,C02666,P2,ACTIVE,2025-03-01,2025-03-31
S01667,C02667,P2,ACTIVE,2025-03-01,2025-03-31
S01668,C02668,P2,ACTIVE,2025-03-01,2025-03-31
S01669,C02669,P1,ACTIVE,2025-03-01,2025-03-31
S01670,C02670,P2,ACTIVE,2025-03-01,2025-03-31
S01671,C02671,P4,ACTIVE,2025-03-01,2025-03-31
S01672,C02672,P3,ACTIVE,2025-03-01,2025-03-31
S01673,C02673,P3,ACTIVE,2025-03-01,2025-03-31
S01674,C02674,P1,ACTIVE,2025-03-01,2025-03-31
S01675,C02675,P1,ACTIVE,2025-03-01,2025-03-31
S01676,C02676,P2,ACTIVE,2025-03-01,2025-03-31
S01677,C02677,P3,ACTIVE,2025-03-01,2025-03-31
S01678,C02678,P1,ACTIVE,2025-03-01,2025-03-31
S01679,C02679,P3,SUSPENDED,2025-03-01,2025-03-31
S01680,C02680,P3,ACTIVE,2025-03-01,2025-03-31
S01681,C02681,P4,ACTIVE,2025-03-01,2025-03-31
S01682,C02682,P4,ACTIVE,2025-03-01,2025-03-31
S01683,C02683,P3,CANCELLED,2025-03-01,2025-03-31
S01684,C02684,P1,ACTIVE,2025-03-01,2025-03-31
S01685,C02685,P3,ACTIVE,2025-03-01,2025-03-31
S01686,C02686,P2,ACTIVE,2025-03-01,2025-03-31
S01687,C02687,P1,ACTIVE,2025-03-01,2025-03-31
S01688,C02688,P1,ACTIVE,2025-03-01,2025-03-31
S01689,C02689,P3,ACTIVE,2025-03-01,2025-03-31
S01690,C02690,P2,ACTIVE,2025-03-01,2025-03-31
S01691,C02691,P4,ACTIVE,2025-03-01,2025-03-31
S01692,C02692,P1,ACTIVE,2025-03-01,2025-03-31
S01693,C02693,P1,ACTIVE,2025-03-01,2025-03-31
S01694,C02694,P3,SUSPENDED,2025-03-01,2025-03-31
S01695,C02695,P1,ACTIVE,2025-03-01,2025-03-31
S01696,C02696,P2,ACTIVE,2025-03-01,2025-03-31
S01697,C02697,P3,ACTIVE,2025-03-01,2025-03-31
S01698,C02698,P1,CANCELLED,2025-03-01,2025-03-31
S01699,C02699,P1,SUSPENDED,2025-03-01,2025-03-31
S01700,C02700,P2,ACTIVE,2025-03-01,2025-03-31
S01701,C02701,P1,SUSPENDED,2025-03-01,2025-03-31
S01702,C02702,P2,SUSPENDED,2025-03-01,2025-03-31
S01703,C02703,P1,SUSPENDED,2025-03-01,2025-03-31
S01704,C02704,P4,ACTIVE,2025-03-01,2025-03-31
S01705,C02705,P2,CANCELLED,2025-03-01,2025-03-31
S01706,C02706,P3,ACTIVE,2025-03-01,2025-03-31
S01707,C02707,P3,ACTIVE,2025-03-01,2025-03-31
S01708,C02708,P1,ACTIVE,2025-03-01,2025-03-31
S01709,C02709,P2,ACTIVE,2025-03-01,2025-03-31
S01710,C02710,P1,ACTIVE,2025-03-01,2025-03-31
S01711,C02711,P1,CANCELLED,2025-03-01,2025-03-31
S01712,C02712,P1,ACTIVE,2025-03-01,2025-03-31
S01713,C02713,P3,ACTIVE,2025-03-01,2025-03-31
S01714,C02714,P1,ACTIVE,2025-03-01,2025-03-31
S01715,C02715,P2,ACTIVE,2025-03-01,2025-03-31
S01716,C02716,P2,ACTIVE,2025-03-01,2025-03-31
S01717,C02717,P4,ACTIVE,2025-03-01,2025-03-31
S01718,C02718,P2,ACTIVE,2025-03-01,2025-03-31
S01719,C02719,P2,ACTIVE,2025-03-01,2025-03-31
S01720,C02720,P3,CANCELLED,2025-03-01,2025-03-31
S01721,C02721,P2,ACTIVE,2025-03-01,2025-03-31
S01722,C02722,P1,CANCELLED,2025-03-01,2025-03-31
S01723,C02723,P1,ACTIVE,2025-03-01,2025-03-31
S01724,C02724,P3,ACTIVE,2025-03-01,2025-03-31
S01725,C02725,P1,ACTIVE,2025-03-01,2025-03-31
S01726,C02726,P1,ACTIVE,2025-03-01,2025-03-31
S01727,C02727,P4,ACTIVE,2025-03-01,2025-03-31
S01728,C02728,P3,CANCELLED,2025-03-01,2025-03-31
S01729,C02729,P1,ACTIVE,2025-03-01,2025-03-31
S01730,C02730,P1,ACTIVE,2025-03-01,2025-03-31
S01731,C02731,P1,ACTIVE,2025-03-01,2025-03-31
S01732,C02732,P2,SUSPENDED,2025-03-01,2025-03-31
S01733,C02733,P1,ACTIVE,2025-03-01,2025-03-31
S01734,C02734,P3,ACTIVE,2025-03-01,2025-03-31
S01735,C02735,P4,ACTIVE,2025-03-01,2025-03-31
S01736,C02736,P1,ACTIVE,2025-03-01,2025-03-31
S01737,C02737,P2,ACTIVE,2025-03-01,2025-03-31
S01738,C02738,P3,ACTIVE,2025-03-01,2025-03-31
S01739,C02739,P4,ACTIVE,2025-03-01,2025-03-31
S01740,C02740,P2,ACTIVE,2025-03-01,2025-03-31
S01741,C02741,P2,ACTIVE,2025-03-01,2025-03-31
S01742,C02742,P2,ACTIVE,2025-03-01,2025-03-31
S01743,C02743,P1,ACTIVE,2025-03-01,2025-03-31
S01744,C02744,P2,ACTIVE,2025-03-01,2025-03-31
S01745,C02745,P2,ACTIVE,2025-03-01,2025-03-31
S01746,C02746,P4,ACTIVE,2025-03-01,2025-03-31
S01747,C02747,P1,ACTIVE,2025-03-01,2025-03-31
S01748,C02748,P1,ACTIVE,2025-03-01,2025-03-31
S01749,C02749,P2,ACTIVE,2025-03-01,2025-03-31
S01750,C02750,P2,ACTIVE,2025-03-01,2025-03-31
S01751,C02751,P1,SUSPENDED,2025-03-01,2025-03-31
S01752,C02752,P2,ACTIVE,2025-03-01,2025-03-31
S01753,C02753,P1,ACTIVE,2025-03-01,2025-03-31
S01754,C02754,P4,ACTIVE,2025-03-01,2025-03-31
S01755,C02755,P3,ACTIVE,2025-03-01,2025-03-31
S01756,C02756,P3,ACTIVE,2025-03-01,2025-03-31
S01757,C02757,P2,ACTIVE,2025-03-01,2025-03-31
S01758,C02758,P1,ACTIVE,2025-03-01,2025-03-31
S01759,C02759,P2,ACTIVE,2025-03-01,2025-03-31
S01760,C02760,P4,ACTIVE,2025-03-01,2025-03-31
S01761,C02761,P1,ACTIVE,2025-03-01,2025-03-31
S01762,C02762,P1,ACTIVE,2025-03-01,2025-03-31
S01763,C02763,P2,ACTIVE,2025-03-01,2025-03-31
S01764,C02764,P2,CANCELLED,2025-03-01,2025-03-31
S01765,C02765,P1,CANCELLED,2025-03-01,2025-03-31
S01766,C02766,P3,ACTIVE,2025-03-01,2025-03-31
S01767,C02767,P2,ACTIVE,2025-03-01,2025-03-31
S01768,C02768,P1,ACTIVE,2025-03-01,2025-03-31
S01769,C02769,P1,ACTIVE,2025-03-01,2025-03-31
S01770,C02770,P1,ACTIVE,2025-03-01,2025-03-31
S01771,C02771,P1,ACTIVE,2025-03-01,2025-03-31
S01772,C02772,P2,ACTIVE,2025-03-01,2025-03-31
S01773,C02773,P4,ACTIVE,2025-03-01,2025-03-31
S01774,C02774,P1,ACTIVE,2025-03-01,2025-03-31
S01775,C02775,P1,ACTIVE,2025-03-01,2025-03-31
S01776,C02776,P2,ACTIVE,2025-03-01,2025-03-31
S01777,C02777,P4,SUSPENDED,2025-03-01,2025-03-31
S01778,C02778,P2,ACTIVE,2025-03-01,2025-03-31
S01779,C02779,P3,ACTIVE,2025-03-01,2025-03-31
S01780,C02780,P1,ACTIVE,2025-03-01,2025-03-31
S01781,C02781,P3,ACTIVE,2025-03-01,2025-03-31
S01782,C02782,P2,ACTIVE,2025-03-01,2025-03-31
S01783,C02783,P1,ACTIVE,2025-03-01,2025-03-31
S01784,C02784,P1,ACTIVE,2025-03-01,2025-03-31
S01785,C02785,P4,ACTIVE,2025-03-01,2025-03-31
S01786,C02786,P3,ACTIVE,2025-03-01,2025-03-31
S01787,C02787,P4,ACTIVE,2025-03-01,2025-03-31
S01788,C02788,P3,ACTIVE,2025-03-01,2025-03-31
S01789,C02789,P4,ACTIVE,2025-03-01,2025-03-31
S01790,C02790,P4,CANCELLED,2025-03-01,2025-03-31
S01791,C02791,P4,ACTIVE,2025-03-01,2025-03-31
S01792,C02792,P1,ACTIVE,2025-03-01,2025-03-31
S01793,C02793,P1,ACTIVE,2025-03-01,2025-03-31
S01794,C02794,P2,ACTIVE,2025-03-01,2025-03-31
S01795,C02795,P2,ACTIVE,2025-03-01,2025-03-31
S01796,C02796,P2,ACTIVE,2025-03-01,2025-03-31
S01797,C02797,P1,ACTIVE,2025-03-01,2025-03-31
S01798,C02798,P1,CANCELLED,2025-03-01,2025-03-31
S01799,C02799,P2,ACTIVE,2025-03-01,2025-03-31
S01800,C02800,P2,CANCELLED,2025-03-01,2025-03-31
S01801,C02801,P1,ACTIVE,2025-03-01,2025-03-31
S01802,C02802,P2,ACTIVE,2025-03-01,2025-03-31
S01803,C02803,P1,ACTIVE,2025-03-01,2025-03-31
S01804,C02804,P2,ACTIVE,2025-03-01,2025-03-31
S01805,C02805,P3,ACTIVE,2025-03-01,2025-03-31
S01806,C02806,P1,ACTIVE,2025-03-01,2025-03-31
S01807,C02807,P1,CANCELLED,2025-03-01,2025-03-31
S01808,C02808,P2,ACTIVE,2025-03-01,2025-03-31
S01809,C02809,P4,ACTIVE,2025-03-01,2025-03-31
S01810,C02810,P1,ACTIVE,2025-03-01,2025-03-31
S01811,C02811,P3,ACTIVE,2025-03-01,2025-03-31
S01812,C02812,P1,ACTIVE,2025-03-01,2025-03-31
S01813,C02813,P2,ACTIVE,2025-03-01,2025-03-31
S01814,C02814,P2,ACTIVE,2025-03-01,2025-03-31
S01815,C02815,P3,ACTIVE,2025-03-01,2025-03-31
S01816,C02816,P3,ACTIVE,2025-03-01,2025-03-31
S01817,C02817,P3,ACTIVE,2025-03-01,2025-03-31
S01818,C02818,P1,CANCELLED,2025-03-01,2025-03-31
S01819,C02819,P3,ACTIVE,2025-03-01,2025-03-31
S01820,C02820,P3,ACTIVE,2025-03-01,2025-03-31
S01821,C02821,P1,ACTIVE,2025-03-01,2025-03-31
S01822,C02822,P1,ACTIVE,2025-03-01,2025-03-31
S01823,C02823,P1,ACTIVE,2025-03-01,2025-03-31
S01824,C02824,P2,ACTIVE,2025-03-01,2025-03-31
S01825,C02825,P4,ACTIVE,2025-03-01,2025-03-31
S01826,C02826,P2,ACTIVE,2025-03-01,2025-03-31
S01827,C02827,P1,CANCELLED,2025-03-01,2025-03-31
S01828,C02828,P1,ACTIVE,2025-03-01,2025-03-31
S01829,C02829,P2,ACTIVE,2025-03-01,2025-03-31
S01830,C02830,P2,ACTIVE,2025-03-01,2025-03-31
S01831,C02831,P3,ACTIVE,2025-03-01,2025-03-31
S01832,C02832,P2,ACTIVE,2025-03-01,2025-03-31
S01833,C02833,P1,ACTIVE,2025-03-01,2025-03-31
S01834,C02834,P2,ACTIVE,2025-03-01,2025-03-31
S01835,C02835,P4,ACTIVE,2025-03-01,2025-03-31
S01836,C02836,P1,CANCELLED,2025-03-01,2025-03-31
S01837,C02837,P2,ACTIVE,2025-03-01,2025-03-31
S01838,C02838,P3,CANCELLED,2025-03-01,2025-03-31
S01839,C02839,P2,ACTIVE,2025-03-01,2025-03-31
S01840,C02840,P3,CANCELLED,2025-03-01,2025-03-31
S01841,C02841,P1,ACTIVE,2025-03-01,2025-03-31
S01842,C02842,P2,SUSPENDED,2025-03-01,2025-03-31
S01843,C02843,P2,ACTIVE,2025-03-01,2025-03-31
S01844,C02844,P3,ACTIVE,2025-03-01,2025-03-31
S01845,C02845,P1,ACTIVE,2025-03-01,2025-03-31
S01846,C02846,P1,ACTIVE,2025-03-01,2025-03-31
S01847,C02847,P3,ACTIVE,2025-03-01,2025-03-31
S01848,C02848,P1,CANCELLED,2025-03-01,2025-03-31
S01849,C02849,P1,ACTIVE,2025-03-01,2025-03-31
S01850,C02850,P1,ACTIVE,2025-03-01,2025-03-31
S01851,C02851,P3,ACTIVE,2025-03-01,2025-03-31
S01852,C02852,P2,ACTIVE,2025-03-01,2025-03-31
S01853,C02853,P1,ACTIVE,2025-03-01,2025-03-31
S01854,C02854,P2,ACTIVE,2025-03-01,2025-03-31
S01855,C02855,P1,ACTIVE,2025-03-01,2025-03-31
S01856,C02856,P2,ACTIVE,2025-03-01,2025-03-31
S01857,C02857,P4,ACTIVE,2025-03-01,2025-03-31
S01858,C02858,P3,ACTIVE,2025-03-01,2025-03-31
S01859,C02859,P2,ACTIVE,2025-03-01,2025-03-31
S01860,C02860,P3,ACTIVE,2025-03-01,2025-03-31
S01861,C02861,P2,ACTIVE,2025-03-01,2025-03-31
S01862,C02862,P1,ACTIVE,2025-03-01,2025-03-31
S01863,C02863,P1,ACTIVE,2025-03-01,2025-03-31
S01864,C02864,P1,ACTIVE,2025-03-01,2025-03-31
S01865,C02865,P2,ACTIVE,2025-03-01,2025-03-31
S01866,C02866,P1,ACTIVE,2025-03-01,2025-03-31
S01867,C02867,P4,ACTIVE,2025-03-01,2025-03-31
S01868,C02868,P1,ACTIVE,2025-03-01,2025-03-31
S01869,C02869,P1,CANCELLED,2025-03-01,2025-03-31
S01870,C02870,P2,ACTIVE,2025-03-01,2025-03-31
S01871,C02871,P1,ACTIVE,2025-03-01,2025-03-31
S01872,C02872,P1,CANCELLED,2025-03-01,2025-03-31
S01873,C02873,P1,ACTIVE,2025-03-01,2025-03-31
S01874,C02874,P3,SUSPENDED,2025-03-01,2025-03-31
S01875,C02875,P1,ACTIVE,2025-03-01,2025-03-31
S01876,C02876,P1,ACTIVE,2025-03-01,2025-03-31
S01877,C02877,P2,ACTIVE,2025-03-01,2025-03-31
S01878,C02878,P1,CANCELLED,2025-03-01,2025-03-31
S01879,C02879,P1,ACTIVE,2025-03-01,2025-03-31
S01880,C02880,P3,ACTIVE,2025-03-01,2025-03-31
S01881,C02881,P1,ACTIVE,2025-03-01,2025-03-31
S01882,C02882,P1,ACTIVE,2025-03-01,2025-03-31
S01883,C02883,P4,ACTIVE,2025-03-01,2025-03-31
S01884,C02884,P1,ACTIVE,2025-03-01,2025-03-31
S01885,C02885,P3,CANCELLED,2025-03-01,2025-03-31
S01886,C02886,P2,ACTIVE,2025-03-01,2025-03-31
S01887,C02887,P2,ACTIVE,2025-03-01,2025-03-31
S01888,C02888,P1,ACTIVE,2025-03-01,2025-03-31
S01889,C02889,P1,ACTIVE,2025-03-01,2025-03-31
S01890,C02890,P2,ACTIVE,2025-03-01,2025-03-31
S01891,C02891,P2,ACTIVE,2025-03-01,2025-03-31
S01892,C02892,P4,ACTIVE,2025-03-01,2025-03-31
S01893,C02893,P1,ACTIVE,2025-03-01,2025-03-31
S01894,C02894,P1,ACTIVE,2025-03-01,2025-03-31
S01895,C02895,P4,SUSPENDED,2025-03-01,2025-03-31
S01896,C02896,P1,ACTIVE,2025-03-01,2025-03-31
S01897,C02897,P2,ACTIVE,2025-03-01,2025-03-31
S01898,C02898,P3,ACTIVE,2025-03-01,2025-03-31
S01899,C02899,P3,ACTIVE,2025-03-01,2025-03-31
S01900,C02900,P2,ACTIVE,2025-03-01,2025-03-31
S01901,C02901,P1,ACTIVE,2025-03-01,2025-03-31
S01902,C02902,P1,ACTIVE,2025-03-01,2025-03-31
S01903,C02903,P4,ACTIVE,2025-03-01,2025-03-31
S01904,C02904,P1,CANCELLED,2025-03-01,2025-03-31
S01905,C02905,P2,ACTIVE,2025-03-01,2025-03-31
S01906,C02906,P1,ACTIVE,2025-03-01,2025-03-31
S01907,C02907,P2,ACTIVE,2025-03-01,2025-03-31
S01908,C02908,P1,SUSPENDED,2025-03-01,2025-03-31
S01909,C02909,P2,SUSPENDED,2025-03-01,2025-03-31
S01910,C02910,P2,ACTIVE,2025-03-01,2025-03-31
S01911,C02911,P2,ACTIVE,2025-03-01,2025-03-31
S01912,C02912,P1,SUSPENDED,2025-03-01,2025-03-31
S01913,C02913,P1,ACTIVE,2025-03-01,2025-03-31
S01914,C02914,P1,SUSPENDED,2025-03-01,2025-03-31
S01915,C02915,P1,ACTIVE,2025-03-01,2025-03-31
S01916,C02916,P2,ACTIVE,2025-03-01,2025-03-31
S01917,C02917,P2,ACTIVE,2025-03-01,2025-03-31
S01918,C02918,P1,ACTIVE,2025-03-01,2025-03-31
S01919,C02919,P1,ACTIVE,2025-03-01,2025-03-31
S01920,C02920,P2,ACTIVE,2025-03-01,2025-03-31
S01921,C02921,P2,ACTIVE,2025-03-01,2025-03-31
S01922,C02922,P1,ACTIVE,2025-03-01,2025-03-31
S01923,C02923,P2,ACTIVE,2025-03-01,2025-03-31
S01924,C02924,P1,ACTIVE,2025-03-01,2025-03-31
S01925,C02925,P1,CANCELLED,2025-03-01,2025-03-31
S01926,C02926,P2,ACTIVE,2025-03-01,2025-03-31
S01927,C02927,P2,ACTIVE,2025-03-01,2025-03-31
S01928,C02928,P2,ACTIVE,2025-03-01,2025-03-31
S01929,C02929,P2,CANCELLED,2025-03-01,2025-03-31
S01930,C02930,P3,ACTIVE,2025-03-01,2025-03-31
S01931,C02931,P1,ACTIVE,2025-03-01,2025-03-31
S01932,C02932,P2,ACTIVE,2025-03-01,2025-03-31
S01933,C02933,P1,ACTIVE,2025-03-01,2025-03-31
S01934,C02934,P1,ACTIVE,2025-03-01,2025-03-31
S01935,C02935,P3,ACTIVE,2025-03-01,2025-03-31
S01936,C02936,P4,ACTIVE,2025-03-01,2025-03-31
S01937,C02937,P4,ACTIVE,2025-03-01,2025-03-31
S01938,C02938,P2,ACTIVE,2025-03-01,2025-03-31
S01939,C02939,P1,ACTIVE,2025-03-01,2025-03-31
S01940,C02940,P2,SUSPENDED,2025-03-01,2025-03-31
S01941,C02941,P1,ACTIVE,2025-03-01,2025-03-31
S01942,C02942,P1,ACTIVE,2025-03-01,2025-03-31
S01943,C02943,P3,ACTIVE,2025-03-01,2025-03-31
S01944,C02944,P1,ACTIVE,2025-03-01,2025-03-31
S01945,C02945,P2,ACTIVE,2025-03-01,2025-03-31
S01946,C02946,P1,ACTIVE,2025-03-01,2025-03-31
S01947,C02947,P1,ACTIVE,2025-03-01,2025-03-31
S01948,C02948,P3,ACTIVE,2025-03-01,2025-03-31
S01949,C02949,P2,ACTIVE,2025-03-01,2025-03-31
S01950,C02950,P1,ACTIVE,2025-03-01,2025-03-31
S01951,C02951,P2,ACTIVE,2025-03-01,2025-03-31
S01952,C02952,P2,ACTIVE,2025-03-01,2025-03-31
S01953,C02953,P4,ACTIVE,2025-03-01,2025-03-31
S01954,C02954,P2,ACTIVE,2025-03-01,2025-03-31
S01955,C02955,P1,SUSPENDED,2025-03-01,2025-03-31
S01956,C02956,P1,ACTIVE,2025-03-01,2025-03-31
S01957,C02957,P1,ACTIVE,2025-03-01,2025-03-31
S01958,C02958,P2,ACTIVE,2025-03-01,2025-03-31
S01959,C02959,P3,ACTIVE,2025-03-01,2025-03-31
S01960,C02960,P1,ACTIVE,2025-03-01,2025-03-31
S01961,C02961,P3,ACTIVE,2025-03-01,2025-03-31
S01962,C02962,P2,ACTIVE,2025-03-01,2025-03-31
S01963,C02963,P2,ACTIVE,2025-03-01,2025-03-31
S01964,C02964,P1,SUSPENDED,2025-03-01,2025-03-31
S01965,C02965,P3,ACTIVE,2025-03-01,2025-03-31
S01966,C02966,P2,ACTIVE,2025-03-01,2025-03-31
S01967,C02967,P2,ACTIVE,2025-03-01,2025-03-31
S01968,C02968,P2,ACTIVE,2025-03-01,2025-03-31
S01969,C02969,P2,ACTIVE,2025-03-01,2025-03-31
S01970,C02970,P3,ACTIVE,2025-03-01,2025-03-31
S01971,C02971,P2,SUSPENDED,2025-03-01,2025-03-31
S01972,C02972,P1,ACTIVE,2025-03-01,2025-03-31
S01973,C02973,P1,ACTIVE,2025-03-01,2025-03-31
S01974,C02974,P1,ACTIVE,2025-03-01,2025-03-31
S01975,C02975,P4,ACTIVE,2025-03-01,2025-03-31
S01976,C02976,P3,ACTIVE,2025-03-01,2025-03-31
S01977,C02977,P4,ACTIVE,2025-03-01,2025-03-31
S01978,C02978,P2,ACTIVE,2025-03-01,2025-03-31
S01979,C02979,P1,ACTIVE,2025-03-01,2025-03-31
S01980,C02980,P2,ACTIVE,2025-03-01,2025-03-31
S01981,C02981,P4,ACTIVE,2025-03-01,2025-03-31
S01982,C02982,P1,ACTIVE,2025-03-01,2025-03-31
S01983,C02983,P2,ACTIVE,2025-03-01,2025-03-31
S01984,C02984,P1,ACTIVE,2025-03-01,2025-03-31
S01985,C02985,P3,ACTIVE,2025-03-01,2025-03-31
S01986,C02986,P3,ACTIVE,2025-03-01,2025-03-31
S01987,C02987,P2,ACTIVE,2025-03-01,2025-03-31
S01988,C02988,P4,ACTIVE,2025-03-01,2025-03-31
S01989,C02989,P2,ACTIVE,2025-03-01,2025-03-31
S01990,C02990,P2,ACTIVE,2025-03-01,2025-03-31
S01991,C02991,P1,ACTIVE,2025-03-01,2025-03-31
S01992,C02992,P1,CANCELLED,2025-03-01,2025-03-31
S01993,C02993,P2,ACTIVE,2025-03-01,2025-03-31
S01994,C02994,P1,ACTIVE,2025-03-01,2025-03-31
S01995,C02995,P1,ACTIVE,2025-03-01,2025-03-31
S01996,C02996,P2,ACTIVE,2025-03-01,2025-03-31
S01997,C02997,P3,ACTIVE,2025-03-01,2025-03-31
S01998,C02998,P2,ACTIVE,2025-03-01,2025-03-31
S01999,C02999,P2,ACTIVE,2025-03-01,2025-03-31
S02000,C03000,P1,CANCELLED,2025-03-01,2025-03-31
