subscription_id,snapshot_date,status,plan_id
S00346,2025-01-19,CANCELLED,P4
S00252,2025-02-10,ACTIVE,P1
S00147,2025-02-25,CANCELLED,P1
S00118,2025-01-28,CANCELLED,P1
S00035,2025-01-19,ACTIVE,P3
S00640,2025-01-11,SUSPENDED,P1
S01507,2025-02-28,CANCELLED,P4
S00646,2025-01-19,SUSPENDED,P3
S00286,2025-01-09,CANCELLED,P4
S01025,2025-02-11,ACTIVE,P3
S01804,2025-01-21,SUSPENDED,P2
S00964,2025-01-23,SUSPENDED,P1
S00675,2025-01-08,ACTIVE,P3
S01899,2025-01-19,CANCELLED,P1
S01965,2025-01-20,CANCELLED,P2
S01347,2025-02-06,SUSPENDED,P3
S01069,2025-02-18,ACTIVE,P2
S00213,2025-02-12,SUSPENDED,P3
S00974,2025-01-08,CANCELLED,P4
S01530,2025-01-13,ACTIVE,P2
S01208,2025-02-13,ACTIVE,P2
S00284,2025-02-04,CANCELLED,P3
S00766,2025-02-16,SUSPENDED,P1
S00647,2025-02-20,SUSPENDED,P2
S01308,2025-02-08,ACTIVE,P1
S00707,2025-02-22,SUSPENDED,P4
S01018,2025-02-08,CANCELLED,P1
S01510,2025-02-08,CANCELLED,P3
S00060,2025-02-11,SUSPENDED,P4
S00496,2025-02-10,CANCELLED,P2
S01269,2025-02-05,CANCELLED,P4
S00745,2025-01-04,ACTIVE,P4
S00879,2025-02-03,SUSPENDED,P3
S01836,2025-01-24,SUSPENDED,P1
S00985,2025-02-18,SUSPENDED,P4
S01900,2025-01-19,SUSPENDED,P4
S01751,2025-02-08,CANCELLED,P2
S01827,2025-01-28,ACTIVE,P1
S01677,2025-01-28,ACTIVE,P1
S01616,2025-02-28,SUSPENDED,P3
S01574,2025-02-17,ACTIVE,P4
S00543,2025-01-04,SUSPENDED,P2
S01388,2025-01-28,SUSPENDED,P3
S00271,2025-01-01,SUSPENDED,P4
S01516,2025-02-11,ACTIVE,P1
S00593,2025-02-23,SUSPENDED,P4
S01190,2025-01-27,ACTIVE,P4
S01590,2025-01-16,ACTIVE,P1
S00909,2025-01-01,SUSPENDED,P2
S01139,2025-02-15,CANCELLED,P1
S01780,2025-01-11,SUSPENDED,P2
S00368,2025-01-12,ACTIVE,P4
S01912,2025-01-19,CANCELLED,P2
S00572,2025-02-23,SUSPENDED,P1
S01995,2025-01-11,ACTIVE,P3
S00936,2025-01-22,CANCELLED,P3
S00681,2025-02-06,SUSPENDED,P3
S01417,2025-01-27,ACTIVE,P1
S00807,2025-02-04,SUSPENDED,P4
S01034,2025-01-11,SUSPENDED,P4
S01113,2025-02-11,ACTIVE,P1
S00063,2025-01-18,SUSPENDED,P3
S01276,2025-01-16,CANCELLED,P3
S00996,2025-01-08,SUSPENDED,P4
S01030,2025-02-15,CANCELLED,P4
S00424,2025-02-25,SUSPENDED,P1
S00733,2025-01-20,SUSPENDED,P2
S00716,2025-02-22,CANCELLED,P3
S00799,2025-01-12,SUSPENDED,P2
S01253,2025-02-23,CANCELLED,P1
S01784,2025-02-14,SUSPENDED,P4
S01449,2025-02-07,SUSPENDED,P4
S01313,2025-02-13,ACTIVE,P1
S00819,2025-02-22,ACTIVE,P1
S00903,2025-01-22,ACTIVE,P2
S01646,2025-01-23,ACTIVE,P3
S00119,2025-01-11,ACTIVE,P4
S01029,2025-02-13,CANCELLED,P4
S00196,2025-02-20,ACTIVE,P1
S01148,2025-01-08,SUSPENDED,P4
S01147,2025-01-15,CANCELLED,P2
S01714,2025-01-22,SUSPENDED,P4
S01011,2025-01-16,SUSPENDED,P2
S00461,2025-02-05,CANCELLED,P1
S00831,2025-02-05,ACTIVE,P4
S00269,2025-02-25,ACTIVE,P2
S01049,2025-02-18,ACTIVE,P1
S01466,2025-01-09,ACTIVE,P1
S01743,2025-02-08,ACTIVE,P3
S00316,2025-01-24,CANCELLED,P3
S01159,2025-02-04,CANCELLED,P4
S01914,2025-02-05,SUSPENDED,P3
S01656,2025-02-11,ACTIVE,P1
S01142,2025-02-07,SUSPENDED,P4
S00663,2025-01-13,SUSPENDED,P1
S01482,2025-01-18,CANCELLED,P3
S00797,2025-01-14,CANCELLED,P4
S01021,2025-01-28,CANCELLED,P3
S00047,2025-02-02,ACTIVE,P4
S01353,2025-01-22,CANCELLED,P1
S00578,2025-01-13,SUSPENDED,P2
S00368,2025-01-13,ACTIVE,P4
S01655,2025-02-17,CANCELLED,P1
S01325,2025-02-13,SUSPENDED,P1
S01435,2025-01-01,SUSPENDED,P1
S00665,2025-02-21,ACTIVE,P4
S01382,2025-02-11,CANCELLED,P4
S01077,2025-01-10,ACTIVE,P4
S00224,2025-02-16,ACTIVE,P4
S01575,2025-02-17,SUSPENDED,P4
S01265,2025-01-08,SUSPENDED,P2
S01503,2025-01-23,SUSPENDED,P4
S00332,2025-02-11,ACTIVE,P4
S01367,2025-01-10,CANCELLED,P4
S00010,2025-01-09,CANCELLED,P3
S00329,2025-02-03,CANCELLED,P2
S01783,2025-01-12,ACTIVE,P2
S00156,2025-02-10,CANCELLED,P1
S01858,2025-01-03,SUSPENDED,P3
S00593,2025-02-07,CANCELLED,P3
S01066,2025-02-25,SUSPENDED,P2
S01385,2025-01-14,SUSPENDED,P4
S00544,2025-01-02,ACTIVE,P4
S01197,2025-01-05,SUSPENDED,P4
S00920,2025-01-24,ACTIVE,P4
S00420,2025-02-17,SUSPENDED,P2
S00282,2025-02-10,SUSPENDED,P1
S01656,2025-01-19,CANCELLED,P1
S00525,2025-02-16,CANCELLED,P2
S00728,2025-01-28,ACTIVE,P1
S01721,2025-02-11,SUSPENDED,P4
S01217,2025-02-01,SUSPENDED,P1
S00453,2025-01-28,SUSPENDED,P4
S00368,2025-01-09,ACTIVE,P1
S01378,2025-02-24,CANCELLED,P4
S00173,2025-02-22,CANCELLED,P2
S01899,2025-01-05,SUSPENDED,P4
S00678,2025-02-16,CANCELLED,P4
S00404,2025-01-27,ACTIVE,P1
S01206,2025-02-08,SUSPENDED,P1
S01340,2025-02-13,CANCELLED,P1
S00149,2025-02-19,SUSPENDED,P3
S00904,2025-02-06,CANCELLED,P1
S00827,2025-01-14,CANCELLED,P3
S00826,2025-01-23,SUSPENDED,P2
S01020,2025-02-26,SUSPENDED,P3
S01657,2025-01-06,SUSPENDED,P2
S00892,2025-02-18,CANCELLED,P4
S01356,2025-01-25,SUSPENDED,P2
S01457,2025-01-23,SUSPENDED,P1
S00686,2025-02-24,SUSPENDED,P4
S01727,2025-01-12,CANCELLED,P3
S01452,2025-02-17,ACTIVE,P1
S01276,2025-01-01,ACTIVE,P2
S00404,2025-02-27,ACTIVE,P4
S01794,2025-01-07,SUSPENDED,P3
S01833,2025-01-25,CANCELLED,P1
S00354,2025-02-09,ACTIVE,P2
S00177,2025-02-03,CANCELLED,P1
S00901,2025-02-07,SUSPENDED,P1
S01221,2025-01-20,SUSPENDED,P4
S00923,2025-02-20,CANCELLED,P4
S00145,2025-01-21,CANCELLED,P4
S01731,2025-01-10,ACTIVE,P3
S00931,2025-01-10,ACTIVE,P1
S01813,2025-02-05,SUSPENDED,P3
S01192,2025-01-17,ACTIVE,P1
S01332,2025-02-28,SUSPENDED,P2
S00913,2025-01-28,CANCELLED,P4
S00285,2025-01-27,CANCELLED,P2
S00217,2025-02-08,ACTIVE,P1
S01247,2025-02-09,SUSPENDED,P3
S01019,2025-01-06,SUSPENDED,P2
S01571,2025-01-24,SUSPENDED,P3
S01582,2025-02-10,ACTIVE,P1
S01123,2025-01-16,ACTIVE,P3
S00696,2025-01-22,SUSPENDED,P2
S00206,2025-01-14,CANCELLED,P4
S00536,2025-01-24,ACTIVE,P2
S01768,2025-01-09,ACTIVE,P3
S01560,2025-02-12,SUSPENDED,P3
S01228,2025-01-15,CANCELLED,P2
S01852,2025-02-08,ACTIVE,P4
S00086,2025-02-14,ACTIVE,P3
S01152,2025-02-12,ACTIVE,P3
S01769,2025-01-18,CANCELLED,P1
S00012,2025-02-20,SUSPENDED,P4
S01441,2025-01-11,SUSPENDED,P2
S00190,2025-02-18,CANCELLED,P2
S00668,2025-01-10,ACTIVE,P4
S00143,2025-02-10,CANCELLED,P4
S01388,2025-01-19,ACTIVE,P3
S01036,2025-02-01,CANCELLED,P2
S00963,2025-02-13,SUSPENDED,P3
S01030,2025-02-20,ACTIVE,P2
S00495,2025-01-26,SUSPENDED,P2
S01732,2025-01-17,SUSPENDED,P1
S01944,2025-02-16,ACTIVE,P3
S01708,2025-01-16,SUSPENDED,P2
S00975,2025-01-17,ACTIVE,P4
S00469,2025-01-06,CANCELLED,P1
S01903,2025-01-12,CANCELLED,P1
S01654,2025-02-15,SUSPENDED,P2
S00670,2025-02-05,CANCELLED,P1
S00223,2025-01-27,SUSPENDED,P3
S00403,2025-02-21,CANCELLED,P4
S00305,2025-01-05,SUSPENDED,P3
S00245,2025-02-15,SUSPENDED,P4
S00722,2025-01-18,ACTIVE,P1
S00082,2025-02-12,SUSPENDED,P2
S01047,2025-01-08,CANCELLED,P2
S01289,2025-02-02,CANCELLED,P4
S00815,2025-02-18,CANCELLED,P1
S00383,2025-01-25,CANCELLED,P2
S00057,2025-02-28,SUSPENDED,P2
S01652,2025-02-03,SUSPENDED,P4
S01404,2025-02-23,CANCELLED,P1
S01563,2025-01-26,ACTIVE,P4
S01447,2025-02-22,SUSPENDED,P4
S00670,2025-02-27,CANCELLED,P2
S01862,2025-02-19,CANCELLED,P3
S01855,2025-02-10,CANCELLED,P4
S00217,2025-01-28,ACTIVE,P2
S01617,2025-01-19,ACTIVE,P2
S01777,2025-01-04,SUSPENDED,P4
S00912,2025-01-16,SUSPENDED,P2
S00671,2025-02-15,CANCELLED,P3
S00392,2025-01-14,ACTIVE,P3
S01607,2025-02-24,ACTIVE,P4
S01030,2025-01-13,CANCELLED,P3
S01165,2025-02-28,SUSPENDED,P4
S00912,2025-02-13,CANCELLED,P2
S00336,2025-02-04,SUSPENDED,P3
S01356,2025-02-22,ACTIVE,P1
S00315,2025-02-05,SUSPENDED,P3
S00817,2025-02-17,CANCELLED,P4
S01201,2025-02-01,CANCELLED,P4
S01187,2025-02-07,CANCELLED,P1
S00700,2025-02-28,SUSPENDED,P2
S00201,2025-01-28,SUSPENDED,P3
S00111,2025-01-15,SUSPENDED,P3
S01065,2025-02-18,SUSPENDED,P4
S00497,2025-02-23,ACTIVE,P3
S00769,2025-01-12,ACTIVE,P3
S00357,2025-02-23,SUSPENDED,P1
S01117,2025-02-23,ACTIVE,P4
S01716,2025-01-24,CANCELLED,P4
S01599,2025-01-04,ACTIVE,P3
S00009,2025-01-27,ACTIVE,P4
S01715,2025-01-01,ACTIVE,P2
S01005,2025-02-19,SUSPENDED,P4
S00469,2025-02-04,CANCELLED,P3
S01382,2025-01-11,CANCELLED,P4
S00967,2025-01-03,SUSPENDED,P1
S00414,2025-01-06,CANCELLED,P4
S00534,2025-01-20,SUSPENDED,P3
S00421,2025-02-22,SUSPENDED,P4
S01871,2025-01-24,SUSPENDED,P3
S01350,2025-01-17,SUSPENDED,P1
S01531,2025-02-15,CANCELLED,P2
S00599,2025-01-12,ACTIVE,P3
S00376,2025-02-27,ACTIVE,P2
S00523,2025-02-09,ACTIVE,P4
S01477,2025-01-22,SUSPENDED,P4
S01790,2025-02-19,CANCELLED,P2
S01951,2025-02-18,SUSPENDED,P4
S00570,2025-02-26,CANCELLED,P2
S01728,2025-01-12,SUSPENDED,P1
S00182,2025-02-10,CANCELLED,P4
S00282,2025-01-22,ACTIVE,P3
S00149,2025-02-16,ACTIVE,P4
S00053,2025-02-14,CANCELLED,P4
S00665,2025-01-05,SUSPENDED,P4
S01644,2025-02-03,CANCELLED,P2
S00824,2025-01-24,CANCELLED,P3
S00941,2025-01-16,CANCELLED,P1
S01194,2025-02-26,CANCELLED,P2
S01608,2025-01-26,SUSPENDED,P1
S00479,2025-01-10,SUSPENDED,P1
S00791,2025-01-01,SUSPENDED,P2
S01565,2025-02-07,ACTIVE,P2
S00172,2025-01-15,SUSPENDED,P3
S00861,2025-02-10,CANCELLED,P4
S00258,2025-02-20,SUSPENDED,P2
S00954,2025-01-21,ACTIVE,P3
S01096,2025-02-05,CANCELLED,P1
S01080,2025-01-01,ACTIVE,P4
S00766,2025-01-17,SUSPENDED,P3
S01272,2025-01-18,SUSPENDED,P2
S01672,2025-01-10,CANCELLED,P2
S01836,2025-02-18,SUSPENDED,P2
S00645,2025-01-15,ACTIVE,P2
S00021,2025-01-25,CANCELLED,P4
S00498,2025-01-20,ACTIVE,P4
S01191,2025-01-28,ACTIVE,P3
S01918,2025-01-09,ACTIVE,P3
S00009,2025-01-24,ACTIVE,P2
S00151,2025-01-06,ACTIVE,P4
S01376,2025-02-01,CANCELLED,P1
S01331,2025-02-07,CANCELLED,P3
S00503,2025-01-21,CANCELLED,P3
S00788,2025-02-21,SUSPENDED,P3
S00332,2025-02-28,SUSPENDED,P2
S01635,2025-02-02,SUSPENDED,P1
S01418,2025-01-18,CANCELLED,P2
S01153,2025-02-12,CANCELLED,P2
S01785,2025-02-05,SUSPENDED,P2
S01512,2025-01-22,CANCELLED,P4
S00698,2025-02-13,CANCELLED,P4
S00849,2025-02-21,ACTIVE,P1
S01240,2025-01-06,CANCELLED,P2
S00279,2025-02-17,ACTIVE,P1
S00889,2025-02-20,CANCELLED,P4
S00672,2025-01-23,CANCELLED,P2
S00067,2025-01-15,ACTIVE,P3
S00402,2025-01-21,SUSPENDED,P3
S01899,2025-01-02,CANCELLED,P2
S01980,2025-01-10,ACTIVE,P3
S00901,2025-02-08,SUSPENDED,P1
S00842,2025-01-04,ACTIVE,P2
S01911,2025-01-05,SUSPENDED,P2
S00810,2025-02-11,CANCELLED,P1
S01668,2025-02-13,CANCELLED,P4
S00723,2025-01-23,CANCELLED,P3
S00864,2025-01-28,SUSPENDED,P1
S01006,2025-02-26,ACTIVE,P4
S00911,2025-01-15,CANCELLED,P3
S01338,2025-02-24,ACTIVE,P2
S01333,2025-01-25,ACTIVE,P4
S00352,2025-02-25,ACTIVE,P3
S01869,2025-01-21,ACTIVE,P4
S01900,2025-01-21,ACTIVE,P2
S00635,2025-01-21,CANCELLED,P3
S01127,2025-02-05,CANCELLED,P3
S01472,2025-01-18,SUSPENDED,P3
S00215,2025-02-07,SUSPENDED,P4
S01657,2025-01-09,ACTIVE,P4
S00239,2025-01-15,ACTIVE,P2
S01865,2025-02-03,SUSPENDED,P2
S01260,2025-01-12,ACTIVE,P2
S01557,2025-01-16,ACTIVE,P4
S00703,2025-02-11,CANCELLED,P3
S00233,2025-02-10,CANCELLED,P1
S01555,2025-02-15,CANCELLED,P2
S00249,2025-01-28,SUSPENDED,P3
S00267,2025-01-27,CANCELLED,P1
S01396,2025-01-16,CANCELLED,P1
S00796,2025-02-06,CANCELLED,P1
S00832,2025-01-12,CANCELLED,P2
S00728,2025-02-05,CANCELLED,P4
S01225,2025-01-20,CANCELLED,P3
S00960,2025-02-24,CANCELLED,P3
S00687,2025-01-06,SUSPENDED,P4
S01607,2025-02-26,CANCELLED,P4
S01122,2025-01-06,ACTIVE,P2
S00837,2025-01-11,SUSPENDED,P2
S00462,2025-02-19,ACTIVE,P1
S00942,2025-02-14,CANCELLED,P4
S01811,2025-01-23,CANCELLED,P1
S01906,2025-01-20,SUSPENDED,P3
S00343,2025-01-16,CANCELLED,P2
S00341,2025-02-10,SUSPENDED,P2
S00258,2025-02-10,CANCELLED,P4
S00817,2025-01-06,ACTIVE,P2
S00287,2025-01-22,ACTIVE,P1
S01416,2025-02-28,ACTIVE,P2
S01713,2025-02-11,CANCELLED,P1
S01574,2025-02-18,ACTIVE,P4
S00176,2025-01-27,ACTIVE,P2
S01459,2025-01-08,ACTIVE,P4
S01651,2025-01-21,ACTIVE,P4
S01723,2025-02-06,ACTIVE,P1
S00446,2025-02-18,SUSPENDED,P3
S00959,2025-02-20,ACTIVE,P2
S01150,2025-01-18,CANCELLED,P2
S01405,2025-02-05,ACTIVE,P1
S00431,2025-02-21,ACTIVE,P1
S01089,2025-01-15,SUSPENDED,P3
S01885,2025-01-07,CANCELLED,P2
S00854,2025-01-14,SUSPENDED,P4
S00276,2025-02-12,CANCELLED,P3
S00848,2025-01-22,SUSPENDED,P1
S00327,2025-01-21,ACTIVE,P2
S01102,2025-02-25,ACTIVE,P3
S01172,2025-01-17,ACTIVE,P2
S00590,2025-02-12,CANCELLED,P1
S01160,2025-01-22,SUSPENDED,P1
S00264,2025-02-26,CANCELLED,P4
S00065,2025-01-11,SUSPENDED,P2
S01870,2025-02-22,CANCELLED,P3
S00166,2025-02-11,SUSPENDED,P4
S01678,2025-02-18,SUSPENDED,P2
S00281,2025-02-01,SUSPENDED,P3
S01689,2025-02-08,ACTIVE,P3
S01215,2025-01-16,CANCELLED,P2
S01136,2025-02-19,SUSPENDED,P4
S01914,2025-02-22,ACTIVE,P3
S01921,2025-01-13,ACTIVE,P4
S00226,2025-01-18,CANCELLED,P4
S00551,2025-02-27,ACTIVE,P1
S00023,2025-01-27,CANCELLED,P2
S00359,2025-02-17,SUSPENDED,P1
S00940,2025-01-10,SUSPENDED,P4
S00783,2025-02-06,ACTIVE,P3
S01434,2025-02-27,CANCELLED,P3
S00493,2025-02-02,SUSPENDED,P1
S00838,2025-01-26,CANCELLED,P2
S01907,2025-01-24,SUSPENDED,P3
S01606,2025-01-11,CANCELLED,P2
S00746,2025-01-22,SUSPENDED,P2
S01604,2025-02-28,CANCELLED,P4
S01340,2025-02-06,SUSPENDED,P1
S01511,2025-02-18,SUSPENDED,P3
S01968,2025-02-11,ACTIVE,P3
S01504,2025-01-17,ACTIVE,P2
S01833,2025-01-26,ACTIVE,P4
S01055,2025-02-21,CANCELLED,P3
S01702,2025-02-02,SUSPENDED,P1
S01985,2025-02-16,SUSPENDED,P1
S00850,2025-02-19,SUSPENDED,P4
S01505,2025-01-01,ACTIVE,P1
S00905,2025-01-05,CANCELLED,P2
S01936,2025-01-04,SUSPENDED,P3
S01613,2025-02-22,CANCELLED,P4
S00159,2025-01-23,CANCELLED,P3
S01366,2025-02-06,ACTIVE,P4
S01662,2025-02-05,ACTIVE,P4
S00847,2025-01-17,CANCELLED,P3
S00297,2025-01-11,ACTIVE,P4
S00784,2025-02-10,ACTIVE,P2
S01001,2025-01-27,SUSPENDED,P3
S01724,2025-01-19,CANCELLED,P1
S01573,2025-02-26,ACTIVE,P2
S00429,2025-02-08,CANCELLED,P2
S01490,2025-01-10,CANCELLED,P2
S01100,2025-01-23,ACTIVE,P2
S00185,2025-01-07,CANCELLED,P2
S00907,2025-01-21,CANCELLED,P4
S01920,2025-02-21,SUSPENDED,P3
S01611,2025-01-22,CANCELLED,P3
S00652,2025-01-19,CANCELLED,P2
S01786,2025-02-08,ACTIVE,P4
S00831,2025-02-25,SUSPENDED,P2
S01958,2025-01-01,CANCELLED,P3
S01590,2025-01-11,CANCELLED,P3
S01714,2025-01-03,SUSPENDED,P2
S00441,2025-01-22,CANCELLED,P1
S00688,2025-01-11,ACTIVE,P2
S00054,2025-01-25,ACTIVE,P4
S01307,2025-02-28,SUSPENDED,P3
S01418,2025-02-17,SUSPENDED,P4
S01350,2025-02-12,CANCELLED,P3
S00582,2025-01-27,ACTIVE,P1
S01299,2025-01-04,CANCELLED,P1
S01358,2025-01-02,SUSPENDED,P1
S01517,2025-02-22,ACTIVE,P4
S01738,2025-01-19,ACTIVE,P2
S01972,2025-01-24,SUSPENDED,P3
S01292,2025-02-23,CANCELLED,P3
S01290,2025-01-11,CANCELLED,P4
S00710,2025-02-15,ACTIVE,P1
S00427,2025-02-16,CANCELLED,P2
S00208,2025-02-18,ACTIVE,P4
S01537,2025-01-14,ACTIVE,P3
S01615,2025-02-09,SUSPENDED,P2
S01433,2025-01-02,CANCELLED,P2
S01256,2025-01-19,CANCELLED,P3
S01572,2025-02-26,SUSPENDED,P3
S00576,2025-02-05,ACTIVE,P1
S00234,2025-01-21,SUSPENDED,P2
S01876,2025-02-03,CANCELLED,P4
S00260,2025-01-15,CANCELLED,P3
S01024,2025-01-10,CANCELLED,P4
S00676,2025-01-03,CANCELLED,P4
S01286,2025-01-14,CANCELLED,P1
S00454,2025-01-25,ACTIVE,P2
S00485,2025-02-13,CANCELLED,P3
S00971,2025-01-15,CANCELLED,P3
S01532,2025-02-08,ACTIVE,P3
S01765,2025-02-26,SUSPENDED,P2
S01303,2025-01-26,ACTIVE,P3
S01036,2025-01-13,ACTIVE,P3
S01066,2025-02-12,SUSPENDED,P4
S00963,2025-01-23,ACTIVE,P4
S01989,2025-02-08,CANCELLED,P2
S01134,2025-01-21,SUSPENDED,P4
S01227,2025-01-03,SUSPENDED,P1
S01701,2025-02-17,SUSPENDED,P4
S00517,2025-02-04,CANCELLED,P4
S00138,2025-02-12,CANCELLED,P1
S00816,2025-02-02,SUSPENDED,P3
S00775,2025-02-02,ACTIVE,P1
S00804,2025-02-18,SUSPENDED,P2
S01761,2025-02-24,ACTIVE,P3
S00713,2025-02-10,CANCELLED,P3
S01766,2025-01-20,SUSPENDED,P1
S00029,2025-01-20,CANCELLED,P4
S00553,2025-02-20,CANCELLED,P4
S00031,2025-02-13,ACTIVE,P4
S01807,2025-02-19,SUSPENDED,P4
S01945,2025-02-06,CANCELLED,P4
S00335,2025-02-19,ACTIVE,P3
S00374,2025-02-12,CANCELLED,P4
S00746,2025-02-12,SUSPENDED,P1
S00356,2025-01-19,CANCELLED,P2
S01277,2025-01-28,CANCELLED,P2
S01912,2025-02-25,ACTIVE,P3
S01209,2025-01-06,CANCELLED,P2
S01463,2025-02-20,ACTIVE,P3
S01273,2025-02-26,SUSPENDED,P2
S00942,2025-02-12,SUSPENDED,P1
S01337,2025-02-21,ACTIVE,P2
S01721,2025-02-28,SUSPENDED,P3
S01873,2025-01-09,CANCELLED,P4
S00397,2025-02-24,CANCELLED,P3
S00393,2025-01-17,SUSPENDED,P2
S00791,2025-02-14,CANCELLED,P3
S01560,2025-01-26,CANCELLED,P3
S01785,2025-02-27,CANCELLED,P2
S01502,2025-01-09,CANCELLED,P4
S01641,2025-02-05,CANCELLED,P1
S01748,2025-01-23,SUSPENDED,P1
S01501,2025-02-17,ACTIVE,P3
S01559,2025-01-10,SUSPENDED,P2
S00572,2025-01-02,ACTIVE,P4
S00765,2025-01-02,ACTIVE,P3
S00208,2025-01-27,CANCELLED,P1
S01197,2025-02-18,SUSPENDED,P3
S01802,2025-02-03,CANCELLED,P3
S01666,2025-01-21,SUSPENDED,P3
S00783,2025-02-28,SUSPENDED,P3
S01443,2025-01-07,CANCELLED,P4
S01490,2025-01-20,ACTIVE,P2
S01856,2025-01-16,ACTIVE,P4
S00050,2025-01-12,SUSPENDED,P2
S00792,2025-01-02,CANCELLED,P1
S00750,2025-01-11,CANCELLED,P2
S01664,2025-01-19,ACTIVE,P4
S00955,2025-01-19,SUSPENDED,P3
S00860,2025-02-20,SUSPENDED,P3
S01874,2025-01-15,ACTIVE,P4
S01589,2025-01-20,ACTIVE,P4
S00151,2025-02-05,SUSPENDED,P2
S00306,2025-01-24,SUSPENDED,P2
S00199,2025-01-13,SUSPENDED,P2
S01106,2025-02-24,SUSPENDED,P1
S00696,2025-02-06,ACTIVE,P3
S01586,2025-01-14,CANCELLED,P4
S01770,2025-02-05,CANCELLED,P2
S01530,2025-01-18,ACTIVE,P1
S00859,2025-02-08,ACTIVE,P4
S00094,2025-01-27,CANCELLED,P1
S01642,2025-02-26,SUSPENDED,P4
S01571,2025-01-07,SUSPENDED,P3
S00540,2025-02-09,SUSPENDED,P4
S00601,2025-01-06,CANCELLED,P1
S00743,2025-01-25,ACTIVE,P4
S01137,2025-02-20,ACTIVE,P4
S00977,2025-01-08,CANCELLED,P4
S01569,2025-01-27,ACTIVE,P3
S01846,2025-02-20,SUSPENDED,P4
S01144,2025-02-04,SUSPENDED,P1
S01521,2025-02-21,ACTIVE,P2
S00250,2025-02-10,SUSPENDED,P4
S01863,2025-01-22,SUSPENDED,P1
S00168,2025-01-12,ACTIVE,P2
S01024,2025-02-27,ACTIVE,P2
S01125,2025-02-23,CANCELLED,P3
S01882,2025-01-25,ACTIVE,P3
S01547,2025-01-19,SUSPENDED,P2
S00809,2025-02-13,SUSPENDED,P3
S01164,2025-02-24,CANCELLED,P1
S00685,2025-02-21,ACTIVE,P4
S00381,2025-02-07,CANCELLED,P1
S01938,2025-02-21,SUSPENDED,P4
S00146,2025-02-26,CANCELLED,P3
S00132,2025-02-05,ACTIVE,P4
S00329,2025-02-09,ACTIVE,P2
S01667,2025-01-03,ACTIVE,P1
S00650,2025-01-03,CANCELLED,P4
S00599,2025-02-26,SUSPENDED,P4
S00259,2025-01-03,ACTIVE,P3
S01530,2025-02-26,CANCELLED,P4
S01785,2025-01-14,SUSPENDED,P2
S00731,2025-02-24,ACTIVE,P1
S01643,2025-02-03,ACTIVE,P3
S01008,2025-02-13,ACTIVE,P3
S01800,2025-01-21,ACTIVE,P2
S01579,2025-01-07,ACTIVE,P2
S01511,2025-02-21,ACTIVE,P4
S00146,2025-02-06,SUSPENDED,P1
S00848,2025-02-01,CANCELLED,P4
S01699,2025-01-06,ACTIVE,P4
S01849,2025-02-23,SUSPENDED,P1
S01456,2025-02-12,ACTIVE,P4
S00870,2025-01-01,SUSPENDED,P1
S00481,2025-01-28,SUSPENDED,P4
S01562,2025-01-27,ACTIVE,P3
S01210,2025-02-01,ACTIVE,P2
S01331,2025-02-09,SUSPENDED,P1
S01730,2025-02-15,CANCELLED,P2
S01338,2025-02-10,ACTIVE,P4
S01294,2025-02-16,SUSPENDED,P2
S01789,2025-01-24,CANCELLED,P3
S01841,2025-02-11,ACTIVE,P3
S00873,2025-01-20,CANCELLED,P4
S01607,2025-01-03,SUSPENDED,P4
S00170,2025-02-27,CANCELLED,P4
S01681,2025-02-09,CANCELLED,P3
S01649,2025-02-01,ACTIVE,P4
S00434,2025-01-15,CANCELLED,P2
S00503,2025-02-17,ACTIVE,P3
S01397,2025-02-12,SUSPENDED,P2
S01700,2025-02-23,SUSPENDED,P3
S00827,2025-01-24,ACTIVE,P1
S00238,2025-02-20,ACTIVE,P4
S01157,2025-02-06,SUSPENDED,P3
S00944,2025-02-27,SUSPENDED,P3
S00760,2025-01-23,CANCELLED,P3
S01091,2025-02-28,CANCELLED,P1
S00780,2025-01-27,CANCELLED,P3
S00631,2025-01-14,SUSPENDED,P1
S00061,2025-01-16,ACTIVE,P4
S01554,2025-02-22,CANCELLED,P2
S01660,2025-02-12,CANCELLED,P4
S01438,2025-02-14,CANCELLED,P1
S00223,2025-01-20,ACTIVE,P4
S00544,2025-02-11,CANCELLED,P4
S00965,2025-02-20,ACTIVE,P2
S01711,2025-01-09,CANCELLED,P4
S01309,2025-02-17,CANCELLED,P1
S01009,2025-02-15,ACTIVE,P1
S00901,2025-01-28,CANCELLED,P3
S01984,2025-02-19,ACTIVE,P2
S00956,2025-01-08,SUSPENDED,P4
S01830,2025-01-04,SUSPENDED,P3
S00787,2025-01-06,ACTIVE,P1
S00585,2025-01-19,CANCELLED,P4
S01695,2025-02-10,CANCELLED,P1
S01967,2025-01-17,SUSPENDED,P3
S01403,2025-01-23,SUSPENDED,P2
S00703,2025-01-22,CANCELLED,P3
S01417,2025-02-13,SUSPENDED,P4
S00206,2025-02-15,SUSPENDED,P3
S00343,2025-02-19,SUSPENDED,P3
S00053,2025-01-17,SUSPENDED,P1
S01404,2025-02-21,SUSPENDED,P1
S00748,2025-02-05,CANCELLED,P1
S01816,2025-01-25,CANCELLED,P3
S01578,2025-01-09,SUSPENDED,P2
S01877,2025-02-20,CANCELLED,P1
S00107,2025-01-25,CANCELLED,P2
S01956,2025-02-08,CANCELLED,P3
S01387,2025-01-14,SUSPENDED,P4
S01763,2025-02-24,CANCELLED,P1
S01627,2025-01-26,ACTIVE,P3
S01223,2025-01-22,CANCELLED,P1
S00188,2025-01-21,ACTIVE,P2
S01841,2025-02-19,ACTIVE,P2
S00517,2025-01-09,ACTIVE,P2
S00595,2025-01-12,SUSPENDED,P2
S00969,2025-01-04,CANCELLED,P2
S01010,2025-01-24,ACTIVE,P4
S01200,2025-02-09,ACTIVE,P2
S00050,2025-01-12,ACTIVE,P2
S00657,2025-01-15,ACTIVE,P3
S01048,2025-01-10,ACTIVE,P3
S00635,2025-02-04,CANCELLED,P1
S00971,2025-01-08,CANCELLED,P4
S01879,2025-01-02,CANCELLED,P2
S01342,2025-02-24,ACTIVE,P2
S01325,2025-01-07,SUSPENDED,P2
S00705,2025-02-10,ACTIVE,P4
S00594,2025-01-28,CANCELLED,P4
S01279,2025-01-06,CANCELLED,P4
S00663,2025-02-11,CANCELLED,P4
S01236,2025-01-16,ACTIVE,P4
S00934,2025-01-05,CANCELLED,P3
S01860,2025-01-18,ACTIVE,P2
S01035,2025-02-27,SUSPENDED,P4
S00697,2025-01-28,ACTIVE,P4
S01354,2025-02-21,SUSPENDED,P2
S00969,2025-02-25,CANCELLED,P2
S00400,2025-01-11,ACTIVE,P3
S01257,2025-02-02,CANCELLED,P4
S00203,2025-01-12,ACTIVE,P4
S01408,2025-02-13,SUSPENDED,P2
S01020,2025-01-23,SUSPENDED,P3
S00161,2025-02-18,CANCELLED,P2
S00288,2025-02-26,CANCELLED,P2
S01473,2025-02-09,SUSPENDED,P2
S01467,2025-02-22,CANCELLED,P4
S00880,2025-02-08,ACTIVE,P4
S00936,2025-02-06,CANCELLED,P1
S00515,2025-02-12,SUSPENDED,P1
S01196,2025-02-17,ACTIVE,P3
S01987,2025-02-01,SUSPENDED,P3
S01368,2025-02-18,CANCELLED,P2
S01135,2025-02-25,ACTIVE,P2
S01914,2025-02-03,ACTIVE,P3
S01143,2025-02-01,SUSPENDED,P2
S00991,2025-01-17,SUSPENDED,P4
S01158,2025-01-15,ACTIVE,P4
S00180,2025-01-03,CANCELLED,P4
S00819,2025-02-16,SUSPENDED,P1
S00550,2025-01-02,SUSPENDED,P2
S01599,2025-01-02,CANCELLED,P1
S00987,2025-01-01,SUSPENDED,P3
S01108,2025-01-09,CANCELLED,P1
S00422,2025-02-23,SUSPENDED,P4
S01103,2025-02-04,SUSPENDED,P3
S01382,2025-02-22,ACTIVE,P4
S00488,2025-01-18,CANCELLED,P1
S00015,2025-01-02,CANCELLED,P3
S00772,2025-02-01,SUSPENDED,P1
S00176,2025-02-24,SUSPENDED,P2
S01761,2025-01-15,CANCELLED,P3
S01029,2025-02-13,SUSPENDED,P4
S00653,2025-02-19,ACTIVE,P1
S01422,2025-02-14,ACTIVE,P3
S00348,2025-02-24,SUSPENDED,P3
S00349,2025-02-12,SUSPENDED,P1
S00126,2025-02-07,SUSPENDED,P3
S01191,2025-02-09,SUSPENDED,P2
S00376,2025-02-12,ACTIVE,P3
S01336,2025-02-24,ACTIVE,P4
S00787,2025-02-22,ACTIVE,P3
S00013,2025-02-23,ACTIVE,P4
S00381,2025-02-09,ACTIVE,P3
S00183,2025-02-17,ACTIVE,P2
S00652,2025-02-28,CANCELLED,P4
S00770,2025-01-04,ACTIVE,P2
S01795,2025-02-01,SUSPENDED,P3
S01424,2025-01-10,SUSPENDED,P3
S01604,2025-01-08,SUSPENDED,P1
S00504,2025-02-11,ACTIVE,P1
S00385,2025-02-25,ACTIVE,P2
S01230,2025-02-21,ACTIVE,P3
S01681,2025-01-04,ACTIVE,P2
S00991,2025-01-11,ACTIVE,P3
S00863,2025-02-15,SUSPENDED,P1
S00186,2025-01-19,CANCELLED,P3
S01851,2025-02-20,CANCELLED,P3
S00880,2025-01-25,SUSPENDED,P2
S00059,2025-01-08,CANCELLED,P3
S00274,2025-01-01,ACTIVE,P1
S01087,2025-02-13,CANCELLED,P2
S01267,2025-01-06,ACTIVE,P4
S01283,2025-02-17,SUSPENDED,P4
S01336,2025-01-21,SUSPENDED,P3
S01010,2025-02-07,ACTIVE,P4
S00375,2025-02-01,ACTIVE,P1
S01076,2025-02-01,ACTIVE,P3
S00421,2025-02-23,ACTIVE,P3
S00572,2025-02-16,CANCELLED,P3
S01217,2025-02-10,CANCELLED,P4
S00764,2025-02-20,ACTIVE,P3
S00494,2025-01-15,SUSPENDED,P3
S01457,2025-01-20,SUSPENDED,P2
S00248,2025-01-18,SUSPENDED,P4
S00718,2025-01-03,SUSPENDED,P4
S01885,2025-02-21,ACTIVE,P3
S01117,2025-01-01,CANCELLED,P1
S01692,2025-01-26,SUSPENDED,P2
S01854,2025-02-08,CANCELLED,P1
S01566,2025-01-21,CANCELLED,P3
S00554,2025-01-19,ACTIVE,P3
S01626,2025-02-24,CANCELLED,P1
S01124,2025-02-21,SUSPENDED,P4
S00049,2025-01-14,SUSPENDED,P3
S00331,2025-02-17,ACTIVE,P1
S00749,2025-01-20,ACTIVE,P1
S00577,2025-02-21,SUSPENDED,P1
S00853,2025-01-06,ACTIVE,P3
S01034,2025-01-19,ACTIVE,P1
S00812,2025-01-23,CANCELLED,P2
S01049,2025-01-02,CANCELLED,P3
S00627,2025-02-24,CANCELLED,P4
S01526,2025-02-04,ACTIVE,P2
S01661,2025-01-11,CANCELLED,P2
S00125,2025-01-28,CANCELLED,P2
S01682,2025-01-17,SUSPENDED,P1
S01624,2025-01-08,SUSPENDED,P2
S01909,2025-02-01,CANCELLED,P4
S01877,2025-02-12,SUSPENDED,P2
S01799,2025-01-17,CANCELLED,P4
S01673,2025-02-04,ACTIVE,P3
S01923,2025-02-09,SUSPENDED,P1
S00443,2025-01-04,ACTIVE,P4
S01489,2025-01-26,CANCELLED,P3
S01421,2025-01-01,SUSPENDED,P4
S01145,2025-01-17,ACTIVE,P3
S00655,2025-02-08,ACTIVE,P2
S01458,2025-02-13,CANCELLED,P4
S00134,2025-01-08,SUSPENDED,P1
S01294,2025-01-20,ACTIVE,P1
S01019,2025-02-04,CANCELLED,P2
S00376,2025-01-14,ACTIVE,P4
S01080,2025-02-24,CANCELLED,P4
S00004,2025-01-07,CANCELLED,P1
S01511,2025-01-25,ACTIVE,P4
S00905,2025-02-27,CANCELLED,P1
S00319,2025-01-11,ACTIVE,P3
S00982,2025-01-26,ACTIVE,P2
S00388,2025-01-16,ACTIVE,P2
S00100,2025-01-22,SUSPENDED,P1
S00400,2025-01-10,SUSPENDED,P2
S00905,2025-01-07,SUSPENDED,P2
S00992,2025-02-05,ACTIVE,P1
S01118,2025-02-26,ACTIVE,P4
S00160,2025-01-11,CANCELLED,P2
S01174,2025-01-03,ACTIVE,P3
S01599,2025-02-03,SUSPENDED,P2
S01222,2025-02-28,ACTIVE,P3
S00144,2025-02-06,SUSPENDED,P4
S01742,2025-02-03,ACTIVE,P1
S00727,2025-02-16,SUSPENDED,P2
S01720,2025-01-27,ACTIVE,P2
S00101,2025-02-08,SUSPENDED,P2
S01033,2025-01-21,ACTIVE,P4
S00600,2025-01-25,CANCELLED,P4
S00136,2025-02-23,SUSPENDED,P2
S00294,2025-01-24,CANCELLED,P3
S00940,2025-01-17,SUSPENDED,P4
S01251,2025-02-11,ACTIVE,P2
S00354,2025-02-12,CANCELLED,P3
S01300,2025-02-26,ACTIVE,P2
S00865,2025-01-25,ACTIVE,P4
S01651,2025-02-19,SUSPENDED,P1
S01414,2025-01-01,CANCELLED,P3
S01784,2025-01-08,ACTIVE,P4
S00241,2025-01-25,SUSPENDED,P3
S01441,2025-01-06,ACTIVE,P4
S01243,2025-02-28,SUSPENDED,P1
S00928,2025-02-02,CANCELLED,P2
S00699,2025-01-19,SUSPENDED,P2
S01611,2025-02-24,ACTIVE,P3
S00218,2025-02-06,CANCELLED,P4
S01824,2025-01-18,ACTIVE,P4
S01821,2025-01-05,SUSPENDED,P3
S01928,2025-01-17,SUSPENDED,P2
S01222,2025-02-20,SUSPENDED,P1
S01437,2025-01-28,CANCELLED,P3
S01671,2025-02-19,CANCELLED,P3
S01707,2025-01-12,SUSPENDED,P2
S00232,2025-02-21,SUSPENDED,P4
S00681,2025-01-23,CANCELLED,P1
S01246,2025-02-24,SUSPENDED,P4
S00504,2025-01-23,SUSPENDED,P4
S01548,2025-01-09,CANCELLED,P1
S01083,2025-02-24,SUSPENDED,P3
S00550,2025-02-07,CANCELLED,P3
S01657,2025-01-25,CANCELLED,P2
S01893,2025-01-19,ACTIVE,P4
S01242,2025-01-23,SUSPENDED,P1
S01575,2025-01-05,ACTIVE,P4
S01577,2025-02-06,ACTIVE,P1
S01806,2025-02-07,CANCELLED,P1
S01492,2025-02-13,CANCELLED,P3
S00078,2025-01-07,ACTIVE,P2
S01857,2025-02-18,SUSPENDED,P2
S00325,2025-01-09,SUSPENDED,P3
S00968,2025-02-23,ACTIVE,P4
S01664,2025-02-09,ACTIVE,P2
S01940,2025-02-28,CANCELLED,P4
S00487,2025-01-21,CANCELLED,P2
S00931,2025-02-20,ACTIVE,P3
S00855,2025-01-22,CANCELLED,P3
S00373,2025-01-27,CANCELLED,P1
S00904,2025-02-04,CANCELLED,P4
S00869,2025-01-08,ACTIVE,P2
S00973,2025-02-27,ACTIVE,P4
S01338,2025-01-04,ACTIVE,P1
S00028,2025-02-16,SUSPENDED,P1
S01905,2025-02-07,SUSPENDED,P3
S00725,2025-01-25,ACTIVE,P1
S01621,2025-02-17,SUSPENDED,P1
S00076,2025-02-06,ACTIVE,P1
S00399,2025-01-05,SUSPENDED,P4
S00338,2025-02-06,SUSPENDED,P4
S00872,2025-02-27,CANCELLED,P1
S00701,2025-01-05,CANCELLED,P1
S00076,2025-02-14,CANCELLED,P2
S01770,2025-01-27,ACTIVE,P2
S01999,2025-02-10,CANCELLED,P2
S00557,2025-02-24,SUSPENDED,P2
S00665,2025-01-27,SUSPENDED,P3
S01304,2025-01-14,CANCELLED,P3
S00250,2025-01-14,CANCELLED,P1
S01050,2025-02-20,SUSPENDED,P3
S00326,2025-02-27,SUSPENDED,P1
S00921,2025-02-03,CANCELLED,P4
S01420,2025-02-12,ACTIVE,P1
S01138,2025-02-09,CANCELLED,P4
S01196,2025-02-08,ACTIVE,P3
S01054,2025-02-26,SUSPENDED,P2
S00457,2025-02-21,ACTIVE,P3
S00725,2025-02-03,ACTIVE,P3
S01240,2025-01-09,CANCELLED,P2
S00497,2025-02-24,CANCELLED,P3
S01813,2025-01-05,ACTIVE,P4
S00621,2025-02-14,SUSPENDED,P2
S01351,2025-02-08,CANCELLED,P2
S00164,2025-02-19,SUSPENDED,P2
S01031,2025-01-15,SUSPENDED,P3
S01738,2025-02-13,CANCELLED,P4
S01635,2025-01-14,ACTIVE,P2
S00895,2025-01-10,ACTIVE,P2
S01725,2025-02-27,CANCELLED,P4
S00302,2025-02-08,ACTIVE,P2
S00221,2025-02-10,SUSPENDED,P4
S00316,2025-01-14,SUSPENDED,P1
S00805,2025-02-18,CANCELLED,P1
S01565,2025-01-13,CANCELLED,P4
S00417,2025-02-07,CANCELLED,P2
S01977,2025-01-21,SUSPENDED,P3
S00472,2025-01-10,ACTIVE,P2
S00002,2025-01-16,CANCELLED,P1
S01633,2025-02-05,ACTIVE,P1
S01112,2025-02-02,ACTIVE,P1
S00325,2025-02-02,CANCELLED,P2
S00623,2025-02-10,ACTIVE,P1
S00295,2025-02-20,SUSPENDED,P4
S00444,2025-01-23,ACTIVE,P1
S01232,2025-01-02,CANCELLED,P3
S00016,2025-02-12,SUSPENDED,P4
S00377,2025-02-01,SUSPENDED,P3
S01224,2025-01-04,CANCELLED,P2
S00203,2025-02-14,CANCELLED,P3
S00261,2025-01-13,SUSPENDED,P4
S00226,2025-01-16,CANCELLED,P1
S00641,2025-01-09,CANCELLED,P4
S01824,2025-02-24,ACTIVE,P2
S01802,2025-02-13,CANCELLED,P1
S01047,2025-01-15,ACTIVE,P1
S01677,2025-02-24,ACTIVE,P2
S00942,2025-02-26,ACTIVE,P1
S00249,2025-01-16,SUSPENDED,P4
S01525,2025-01-18,CANCELLED,P1
S00474,2025-01-21,CANCELLED,P2
S00967,2025-01-12,CANCELLED,P4
S01889,2025-02-27,CANCELLED,P2
S01289,2025-02-15,SUSPENDED,P3
S00472,2025-01-09,CANCELLED,P1
S00667,2025-02-24,SUSPENDED,P1
S01618,2025-02-02,CANCELLED,P3
S00048,2025-01-05,ACTIVE,P3
S00947,2025-02-22,ACTIVE,P2
S00365,2025-01-14,CANCELLED,P4
S00054,2025-01-06,SUSPENDED,P3
S00824,2025-02-01,SUSPENDED,P4
S00527,2025-02-19,SUSPENDED,P3
S01294,2025-01-28,SUSPENDED,P4
S01116,2025-01-25,SUSPENDED,P3
S01257,2025-02-21,CANCELLED,P3
S01127,2025-02-26,CANCELLED,P3
S00455,2025-01-13,ACTIVE,P4
S01589,2025-02-21,ACTIVE,P4
S00920,2025-02-18,ACTIVE,P1
S00144,2025-01-24,ACTIVE,P4
S00907,2025-02-19,SUSPENDED,P4
S00462,2025-01-18,CANCELLED,P1
S01172,2025-02-25,ACTIVE,P1
S00878,2025-01-17,CANCELLED,P2
S00557,2025-01-02,CANCELLED,P3
S01414,2025-01-11,SUSPENDED,P2
S01923,2025-02-25,CANCELLED,P4
S00932,2025-02-19,ACTIVE,P3
S01924,2025-01-10,CANCELLED,P4
S00061,2025-01-23,ACTIVE,P2
S00949,2025-02-22,ACTIVE,P3
S01995,2025-02-09,SUSPENDED,P4
S00593,2025-02-16,ACTIVE,P2
S01868,2025-01-06,SUSPENDED,P4
S00017,2025-02-17,ACTIVE,P1
S01364,2025-02-16,SUSPENDED,P3
S01488,2025-01-20,ACTIVE,P3
S01508,2025-02-19,CANCELLED,P1
S00517,2025-01-22,ACTIVE,P3
S00227,2025-01-19,ACTIVE,P1
S00203,2025-02-07,ACTIVE,P1
S00033,2025-01-05,ACTIVE,P2
S00634,2025-02-23,CANCELLED,P3
S00247,2025-01-25,CANCELLED,P4
S00227,2025-01-25,CANCELLED,P1
S00386,2025-01-08,SUSPENDED,P1
S00920,2025-01-15,CANCELLED,P4
S00410,2025-01-16,CANCELLED,P3
S00783,2025-01-06,ACTIVE,P3
S01227,2025-01-26,ACTIVE,P4
S01372,2025-02-13,SUSPENDED,P2
S01873,2025-02-12,ACTIVE,P1
S00900,2025-02-21,SUSPENDED,P3
S00445,2025-01-14,SUSPENDED,P4
S01267,2025-02-23,ACTIVE,P3
S01114,2025-02-27,CANCELLED,P3
S01199,2025-02-08,CANCELLED,P4
S00176,2025-02-20,SUSPENDED,P4
S00225,2025-02-20,SUSPENDED,P3
S00885,2025-02-16,ACTIVE,P4
S01604,2025-01-06,CANCELLED,P3
S01274,2025-01-01,CANCELLED,P1
S00009,2025-01-28,CANCELLED,P3
S00929,2025-02-07,CANCELLED,P3
S01140,2025-01-26,ACTIVE,P3
S01314,2025-02-10,ACTIVE,P3
S01667,2025-02-18,CANCELLED,P2
S01239,2025-01-20,CANCELLED,P2
S01109,2025-02-04,ACTIVE,P3
S01707,2025-01-08,ACTIVE,P2
S01817,2025-01-09,CANCELLED,P2
S00368,2025-02-19,SUSPENDED,P4
S00874,2025-01-15,SUSPENDED,P4
S00654,2025-02-06,SUSPENDED,P1
S00052,2025-02-22,ACTIVE,P1
S01404,2025-01-18,CANCELLED,P1
S00321,2025-01-13,ACTIVE,P1
S01123,2025-02-26,ACTIVE,P3
S01878,2025-01-05,SUSPENDED,P4
S01802,2025-01-01,CANCELLED,P2
S01185,2025-01-23,SUSPENDED,P4
S01035,2025-02-07,CANCELLED,P4
S01125,2025-01-06,CANCELLED,P3
S01343,2025-02-14,CANCELLED,P1
S01894,2025-01-25,CANCELLED,P4
S00352,2025-02-10,SUSPENDED,P3
S01839,2025-01-16,CANCELLED,P4
S00284,2025-02-18,ACTIVE,P3
S01531,2025-01-11,ACTIVE,P4
S00148,2025-02-05,SUSPENDED,P2
S01762,2025-01-02,CANCELLED,P1
S01378,2025-02-11,ACTIVE,P3
S01683,2025-02-22,SUSPENDED,P2
S01082,2025-02-07,CANCELLED,P4
S00844,2025-02-21,ACTIVE,P4
S01191,2025-01-08,SUSPENDED,P1
S00170,2025-02-16,CANCELLED,P4
S00835,2025-01-08,SUSPENDED,P1
S00301,2025-01-14,CANCELLED,P2
S00222,2025-02-14,CANCELLED,P1
S01172,2025-02-16,CANCELLED,P3
S00977,2025-01-20,ACTIVE,P2
S01925,2025-01-17,SUSPENDED,P4
S01901,2025-02-01,ACTIVE,P1
S01649,2025-02-28,ACTIVE,P4
S00863,2025-02-10,CANCELLED,P2
S00374,2025-01-17,ACTIVE,P3
S01774,2025-01-22,ACTIVE,P2
S00155,2025-01-03,SUSPENDED,P4
S01272,2025-02-28,CANCELLED,P3
S00588,2025-02-28,CANCELLED,P2
S01312,2025-02-13,ACTIVE,P2
S00746,2025-01-03,ACTIVE,P2
S01298,2025-02-05,CANCELLED,P3
S01963,2025-01-25,SUSPENDED,P3
S00890,2025-02-25,ACTIVE,P3
S01046,2025-02-10,ACTIVE,P1
S00532,2025-01-10,SUSPENDED,P2
S01126,2025-02-23,CANCELLED,P1
S01988,2025-01-04,SUSPENDED,P3
S01737,2025-02-02,CANCELLED,P1
S00349,2025-01-28,CANCELLED,P3
S01118,2025-01-25,SUSPENDED,P3
S00843,2025-01-10,CANCELLED,P4
S01724,2025-01-04,ACTIVE,P2
S00845,2025-01-19,SUSPENDED,P1
S00086,2025-02-14,CANCELLED,P1
S00819,2025-01-08,SUSPENDED,P1
S00145,2025-01-05,CANCELLED,P3
S00098,2025-01-11,CANCELLED,P3
S01981,2025-02-21,SUSPENDED,P2
S01286,2025-02-05,ACTIVE,P4
S00124,2025-02-02,CANCELLED,P4
S00761,2025-01-19,CANCELLED,P4
S00359,2025-01-05,CANCELLED,P3
S01226,2025-02-09,SUSPENDED,P4
S01784,2025-01-03,CANCELLED,P2
S00864,2025-02-02,ACTIVE,P4
S00188,2025-01-27,ACTIVE,P1
S01199,2025-01-28,SUSPENDED,P3
S00997,2025-01-26,SUSPENDED,P2
S01983,2025-01-17,CANCELLED,P1
S01514,2025-02-06,SUSPENDED,P1
S01331,2025-01-26,SUSPENDED,P3
S00328,2025-01-02,SUSPENDED,P1
S01633,2025-02-07,ACTIVE,P1
S00773,2025-01-21,CANCELLED,P3
S00058,2025-02-10,ACTIVE,P2
S00556,2025-01-19,CANCELLED,P1
S01287,2025-02-12,SUSPENDED,P4
S01872,2025-02-24,ACTIVE,P4
S01505,2025-01-20,CANCELLED,P2
S00311,2025-01-23,ACTIVE,P2
S01690,2025-01-22,CANCELLED,P3
S01259,2025-01-06,SUSPENDED,P1
S00560,2025-02-17,CANCELLED,P1
S00783,2025-01-24,ACTIVE,P2
S01506,2025-01-22,ACTIVE,P1
S00340,2025-01-07,SUSPENDED,P4
S01923,2025-01-21,SUSPENDED,P1
S01007,2025-01-28,CANCELLED,P2
S01198,2025-02-24,ACTIVE,P1
S00520,2025-02-13,CANCELLED,P4
S01484,2025-01-23,SUSPENDED,P4
S01451,2025-02-18,CANCELLED,P2
S01409,2025-02-22,CANCELLED,P1
S01097,2025-02-17,ACTIVE,P2
S00250,2025-02-19,ACTIVE,P4
S00467,2025-01-02,ACTIVE,P3
S00965,2025-02-28,SUSPENDED,P4
S00524,2025-02-07,CANCELLED,P4
S01978,2025-01-14,ACTIVE,P4
S00556,2025-02-05,CANCELLED,P2
S01553,2025-02-05,SUSPENDED,P2
S00684,2025-01-05,SUSPENDED,P3
S00407,2025-02-09,SUSPENDED,P1
S00298,2025-02-16,SUSPENDED,P4
S00877,2025-01-25,SUSPENDED,P2
S01417,2025-01-20,CANCELLED,P4
S01841,2025-02-18,CANCELLED,P3
S01318,2025-01-15,ACTIVE,P4
S01862,2025-02-13,CANCELLED,P4
S00867,2025-02-18,ACTIVE,P2
S01254,2025-02-01,CANCELLED,P2
S00120,2025-02-14,SUSPENDED,P3
S00320,2025-01-02,CANCELLED,P2
S01517,2025-02-09,CANCELLED,P1
S01171,2025-02-18,CANCELLED,P1
S01693,2025-01-02,CANCELLED,P1
S00859,2025-01-15,ACTIVE,P4
S01432,2025-01-09,SUSPENDED,P1
S01021,2025-02-02,ACTIVE,P3
S01347,2025-02-06,ACTIVE,P2
S01648,2025-02-04,ACTIVE,P3
S01341,2025-01-08,CANCELLED,P1
S00812,2025-01-12,SUSPENDED,P3
S01238,2025-02-08,SUSPENDED,P1
S01215,2025-01-07,SUSPENDED,P4
S00018,2025-01-03,ACTIVE,P4
S00985,2025-02-17,SUSPENDED,P2
S00674,2025-02-08,CANCELLED,P2
S01425,2025-01-22,ACTIVE,P3
S01003,2025-02-16,SUSPENDED,P2
S00358,2025-01-27,CANCELLED,P1
S00283,2025-02-13,ACTIVE,P2
S01505,2025-02-08,CANCELLED,P4
S00497,2025-02-10,SUSPENDED,P1
S01794,2025-01-10,CANCELLED,P1
S00258,2025-02-23,CANCELLED,P4
S01201,2025-01-05,SUSPENDED,P2
S01032,2025-02-21,SUSPENDED,P2
S01831,2025-01-24,SUSPENDED,P2
S00583,2025-02-15,ACTIVE,P1
S00871,2025-01-07,ACTIVE,P4
S01192,2025-01-28,CANCELLED,P2
S00501,2025-02-02,ACTIVE,P3
S00877,2025-02-19,ACTIVE,P3
S01811,2025-02-18,SUSPENDED,P1
S00587,2025-01-12,SUSPENDED,P1
S00983,2025-01-20,CANCELLED,P4
S00557,2025-02-22,ACTIVE,P3
S01032,2025-01-14,SUSPENDED,P1
S01803,2025-02-21,ACTIVE,P1
S00164,2025-02-24,SUSPENDED,P2
S01557,2025-02-05,CANCELLED,P2
S01454,2025-01-08,SUSPENDED,P2
S01600,2025-01-16,ACTIVE,P2
S00392,2025-02-03,ACTIVE,P3
S00342,2025-01-18,ACTIVE,P3
S01024,2025-02-05,SUSPENDED,P3
S00417,2025-01-21,ACTIVE,P4
S01154,2025-01-01,ACTIVE,P3
S00753,2025-01-16,SUSPENDED,P3
S00967,2025-01-14,ACTIVE,P4
S01708,2025-02-06,ACTIVE,P1
S01069,2025-02-15,CANCELLED,P2
S00838,2025-02-22,SUSPENDED,P4
S00664,2025-01-12,CANCELLED,P1
S01609,2025-01-21,ACTIVE,P3
S01079,2025-01-18,ACTIVE,P3
S01397,2025-01-06,CANCELLED,P4
S01485,2025-02-27,CANCELLED,P1
S01253,2025-02-14,CANCELLED,P4
S01269,2025-01-05,CANCELLED,P4
S01417,2025-02-06,ACTIVE,P2
S01091,2025-02-20,SUSPENDED,P2
S01860,2025-02-13,ACTIVE,P3
S01043,2025-01-12,ACTIVE,P3
S00858,2025-02-26,ACTIVE,P2
S01397,2025-01-18,SUSPENDED,P1
S00681,2025-01-10,SUSPENDED,P2
S01084,2025-02-15,SUSPENDED,P3
S01469,2025-02-27,SUSPENDED,P4
S00792,2025-01-13,ACTIVE,P3
S01402,2025-02-10,CANCELLED,P3
S01537,2025-02-14,ACTIVE,P3
S00544,2025-02-27,SUSPENDED,P4
S00068,2025-01-01,CANCELLED,P3
S00935,2025-02-09,ACTIVE,P4
S01019,2025-01-08,ACTIVE,P4
S01258,2025-02-02,CANCELLED,P1
S01740,2025-01-24,SUSPENDED,P2
S01501,2025-02-15,ACTIVE,P2
S00593,2025-01-16,SUSPENDED,P3
S01991,2025-02-21,CANCELLED,P2
S01182,2025-02-11,CANCELLED,P3
S01265,2025-02-25,ACTIVE,P4
S01279,2025-01-23,SUSPENDED,P4
S01124,2025-01-09,CANCELLED,P1
S00158,2025-01-09,CANCELLED,P4
S01599,2025-02-10,SUSPENDED,P1
S00669,2025-01-09,ACTIVE,P3
S01884,2025-02-02,CANCELLED,P4
S00703,2025-01-02,CANCELLED,P2
S00259,2025-01-14,SUSPENDED,P3
S00648,2025-01-04,SUSPENDED,P3
S00072,2025-01-17,CANCELLED,P2
S00798,2025-01-16,CANCELLED,P1
S01112,2025-01-17,ACTIVE,P4
S00435,2025-01-19,ACTIVE,P3
S01463,2025-02-05,ACTIVE,P2
S01511,2025-02-25,ACTIVE,P3
S01499,2025-02-12,ACTIVE,P1
S00693,2025-01-15,SUSPENDED,P2
S01447,2025-02-03,SUSPENDED,P1
S00379,2025-02-22,SUSPENDED,P1
S01657,2025-01-19,CANCELLED,P4
S00863,2025-01-02,ACTIVE,P3
S01099,2025-02-22,ACTIVE,P4
S00868,2025-01-22,ACTIVE,P3
S00803,2025-01-22,CANCELLED,P3
S00084,2025-01-17,CANCELLED,P4
S01942,2025-02-13,SUSPENDED,P1
S01882,2025-01-11,CANCELLED,P1
S01594,2025-01-13,ACTIVE,P1
S00262,2025-01-23,CANCELLED,P3
S00215,2025-01-15,SUSPENDED,P1
S01906,2025-01-04,SUSPENDED,P2
S00709,2025-01-17,SUSPENDED,P2
S01624,2025-02-15,ACTIVE,P3
S01215,2025-01-19,CANCELLED,P1
S00011,2025-02-24,CANCELLED,P1
S00216,2025-02-02,SUSPENDED,P4
S00533,2025-02-25,ACTIVE,P3
S00158,2025-02-05,SUSPENDED,P3
S01325,2025-02-02,SUSPENDED,P3
S01264,2025-02-11,SUSPENDED,P3
S01121,2025-02-10,ACTIVE,P1
S00586,2025-02-02,CANCELLED,P3
S01682,2025-02-11,ACTIVE,P3
S00997,2025-02-27,SUSPENDED,P3
S01331,2025-02-22,SUSPENDED,P3
S01467,2025-01-17,CANCELLED,P4
S00828,2025-01-09,ACTIVE,P2
S01668,2025-02-25,ACTIVE,P2
S00381,2025-02-10,SUSPENDED,P3
S01202,2025-01-07,SUSPENDED,P4
S00336,2025-01-03,ACTIVE,P1
S00673,2025-02-23,ACTIVE,P2
S00363,2025-01-06,SUSPENDED,P2
S00394,2025-01-08,SUSPENDED,P1
S00067,2025-02-17,SUSPENDED,P3
S01370,2025-01-22,SUSPENDED,P3
S01363,2025-01-05,CANCELLED,P4
S00738,2025-01-23,ACTIVE,P3
S00438,2025-01-07,ACTIVE,P2
S01771,2025-02-24,ACTIVE,P2
S01372,2025-01-27,SUSPENDED,P3
S00628,2025-02-24,CANCELLED,P1
S00071,2025-02-19,SUSPENDED,P4
S00491,2025-02-04,ACTIVE,P3
S01108,2025-02-01,CANCELLED,P1
S01920,2025-01-09,SUSPENDED,P3
S00810,2025-01-16,ACTIVE,P2
S00268,2025-01-14,ACTIVE,P3
S00974,2025-01-21,CANCELLED,P4
S01596,2025-02-01,SUSPENDED,P4
S01667,2025-02-22,ACTIVE,P3
S00165,2025-01-09,CANCELLED,P3
S01857,2025-02-24,CANCELLED,P1
S00452,2025-02-24,CANCELLED,P1
S00647,2025-01-04,SUSPENDED,P4
S01055,2025-02-10,ACTIVE,P1
S00083,2025-02-07,SUSPENDED,P1
S00833,2025-02-09,SUSPENDED,P3
S00064,2025-01-20,ACTIVE,P1
S01915,2025-02-04,CANCELLED,P3
S00467,2025-02-04,SUSPENDED,P1
S01320,2025-01-27,SUSPENDED,P2
S01870,2025-01-12,CANCELLED,P1
S00762,2025-02-21,CANCELLED,P3
S01512,2025-02-11,SUSPENDED,P4
S01063,2025-02-07,CANCELLED,P4
S00996,2025-01-12,ACTIVE,P2
S00154,2025-01-09,CANCELLED,P3
S00761,2025-01-14,CANCELLED,P4
S01480,2025-02-06,ACTIVE,P1
S00337,2025-01-23,ACTIVE,P4
S01278,2025-01-13,ACTIVE,P3
S00174,2025-01-08,ACTIVE,P3
S01120,2025-02-12,CANCELLED,P3
S01857,2025-02-11,CANCELLED,P4
S01004,2025-01-06,SUSPENDED,P3
S00836,2025-02-09,CANCELLED,P1
S01393,2025-02-02,SUSPENDED,P3
S00237,2025-01-07,CANCELLED,P4
S00781,2025-01-28,ACTIVE,P1
S00793,2025-01-25,ACTIVE,P1
S01419,2025-02-01,CANCELLED,P2
S01794,2025-01-15,SUSPENDED,P3
S01337,2025-01-05,SUSPENDED,P3
S00572,2025-01-28,SUSPENDED,P1
S00009,2025-02-18,CANCELLED,P3
S00496,2025-02-20,SUSPENDED,P3
S00553,2025-02-20,CANCELLED,P1
S01155,2025-02-16,ACTIVE,P1
S00467,2025-02-19,ACTIVE,P4
S01813,2025-02-22,CANCELLED,P3
S01498,2025-01-18,SUSPENDED,P2
S00571,2025-02-20,ACTIVE,P4
S00425,2025-02-13,CANCELLED,P1
S00728,2025-01-14,SUSPENDED,P1
S01368,2025-02-01,SUSPENDED,P2
S01271,2025-01-02,CANCELLED,P3
S01130,2025-02-18,ACTIVE,P3
S00795,2025-02-22,CANCELLED,P3
S00646,2025-02-08,SUSPENDED,P4
S01175,2025-01-14,SUSPENDED,P3
S00022,2025-02-09,SUSPENDED,P4
S01724,2025-01-12,SUSPENDED,P4
S01893,2025-02-13,CANCELLED,P1
S00152,2025-02-11,SUSPENDED,P1
S00261,2025-01-20,ACTIVE,P4
S00838,2025-02-13,SUSPENDED,P2
S01375,2025-01-08,CANCELLED,P4
S01810,2025-01-10,CANCELLED,P3
S00684,2025-02-24,SUSPENDED,P3
S01756,2025-01-06,CANCELLED,P3
S01987,2025-02-13,SUSPENDED,P1
S00200,2025-02-24,ACTIVE,P3
S01304,2025-02-07,ACTIVE,P3
S01098,2025-01-26,SUSPENDED,P1
S01090,2025-01-28,CANCELLED,P4
S00066,2025-01-25,CANCELLED,P1
S00096,2025-01-01,CANCELLED,P3
S01331,2025-02-02,ACTIVE,P3
S00996,2025-01-12,ACTIVE,P4
S01928,2025-01-27,ACTIVE,P3
S01216,2025-01-01,SUSPENDED,P1
S01267,2025-01-07,CANCELLED,P4
S00980,2025-01-01,SUSPENDED,P2
S00063,2025-02-25,SUSPENDED,P1
S01307,2025-01-23,SUSPENDED,P3
S01441,2025-02-16,CANCELLED,P2
S00588,2025-02-11,ACTIVE,P4
S00986,2025-02-28,SUSPENDED,P2
S00739,2025-01-16,CANCELLED,P2
S00546,2025-02-09,ACTIVE,P4
S00022,2025-01-11,CANCELLED,P4
S00582,2025-02-22,CANCELLED,P4
S01884,2025-01-19,CANCELLED,P1
S01757,2025-02-02,CANCELLED,P4
S00241,2025-02-16,CANCELLED,P3
S00140,2025-02-10,SUSPENDED,P2
S01736,2025-01-21,CANCELLED,P1
S00156,2025-01-12,ACTIVE,P1
S01802,2025-01-19,SUSPENDED,P2
S01333,2025-01-08,CANCELLED,P2
S00217,2025-01-03,ACTIVE,P4
S00672,2025-02-19,SUSPENDED,P2
S01357,2025-01-17,SUSPENDED,P3
S01086,2025-02-03,SUSPENDED,P4
S01681,2025-02-08,SUSPENDED,P2
S00902,2025-01-17,ACTIVE,P4
S00947,2025-02-06,SUSPENDED,P4
S00434,2025-02-12,SUSPENDED,P4
S00841,2025-02-25,ACTIVE,P3
S01540,2025-02-04,CANCELLED,P4
S00488,2025-01-12,CANCELLED,P4
S00577,2025-02-09,ACTIVE,P3
S00210,2025-01-10,CANCELLED,P3
S00942,2025-02-28,CANCELLED,P1
S00337,2025-02-24,SUSPENDED,P2
S00007,2025-02-08,SUSPENDED,P1
S01995,2025-02-17,SUSPENDED,P3
S00828,2025-01-02,CANCELLED,P4
S01642,2025-02-10,CANCELLED,P4
S01411,2025-01-03,CANCELLED,P2
S00264,2025-02-07,CANCELLED,P1
S01825,2025-01-02,SUSPENDED,P1
S01896,2025-01-10,CANCELLED,P1
S00594,2025-02-21,CANCELLED,P4
S01163,2025-02-13,SUSPENDED,P4
S01323,2025-01-16,CANCELLED,P1
S01997,2025-01-15,ACTIVE,P2
S01668,2025-01-15,SUSPENDED,P2
S01247,2025-02-19,CANCELLED,P1
S01236,2025-01-05,SUSPENDED,P2
S01624,2025-01-24,CANCELLED,P4
S01276,2025-01-02,ACTIVE,P3
S00526,2025-02-01,ACTIVE,P2
S01946,2025-01-10,CANCELLED,P4
S01258,2025-01-12,SUSPENDED,P2
S01168,2025-02-22,CANCELLED,P1
S00650,2025-01-20,ACTIVE,P4
S00057,2025-01-08,SUSPENDED,P2
S01501,2025-01-23,CANCELLED,P3
S00852,2025-02-10,CANCELLED,P3
S01090,2025-02-13,CANCELLED,P4
S00529,2025-01-02,SUSPENDED,P1
S00466,2025-01-20,ACTIVE,P2
S00717,2025-01-04,SUSPENDED,P2
S00012,2025-01-16,CANCELLED,P3
S00807,2025-02-11,CANCELLED,P3
S00359,2025-01-24,CANCELLED,P2
S00833,2025-02-13,SUSPENDED,P3
S01506,2025-01-12,ACTIVE,P1
S01270,2025-02-09,CANCELLED,P2
S01789,2025-02-23,CANCELLED,P3
S00320,2025-02-02,CANCELLED,P2
S01681,2025-02-17,ACTIVE,P1
S00786,2025-01-02,ACTIVE,P2
S00706,2025-01-12,ACTIVE,P2
S01829,2025-01-26,SUSPENDED,P3
S01202,2025-01-23,SUSPENDED,P3
S01553,2025-02-10,SUSPENDED,P3
S00210,2025-01-05,SUSPENDED,P4
S00906,2025-02-01,SUSPENDED,P2
S01879,2025-01-04,ACTIVE,P1
S00798,2025-02-13,ACTIVE,P3
S00133,2025-01-21,SUSPENDED,P1
S00870,2025-01-27,CANCELLED,P2
S00335,2025-02-20,SUSPENDED,P3
S00748,2025-02-25,SUSPENDED,P2
S00629,2025-02-18,CANCELLED,P2
S00348,2025-02-06,ACTIVE,P1
S01798,2025-02-21,SUSPENDED,P3
S01926,2025-02-07,CANCELLED,P2
S00792,2025-02-11,ACTIVE,P4
S01501,2025-01-25,SUSPENDED,P1
S00099,2025-02-20,SUSPENDED,P3
S00973,2025-01-03,CANCELLED,P2
S01458,2025-02-20,CANCELLED,P4
S01113,2025-02-19,CANCELLED,P1
S01721,2025-01-06,SUSPENDED,P1
S00375,2025-01-12,SUSPENDED,P3
S00563,2025-02-25,SUSPENDED,P4
S00293,2025-01-19,ACTIVE,P2
S01880,2025-02-12,ACTIVE,P3
S00897,2025-02-04,CANCELLED,P2
S01174,2025-02-20,CANCELLED,P4
S00633,2025-01-13,SUSPENDED,P3
S00570,2025-02-23,ACTIVE,P2
S00265,2025-01-23,SUSPENDED,P2
S00478,2025-01-08,SUSPENDED,P4
S01804,2025-02-23,SUSPENDED,P3
S00964,2025-02-22,ACTIVE,P3
S00224,2025-01-03,ACTIVE,P4
S00055,2025-01-08,SUSPENDED,P2
S00278,2025-01-15,SUSPENDED,P2
S00509,2025-02-03,ACTIVE,P1
S01651,2025-01-13,CANCELLED,P1
S00469,2025-02-09,ACTIVE,P3
S01317,2025-01-21,ACTIVE,P3
S00481,2025-02-28,SUSPENDED,P2
S01787,2025-01-14,CANCELLED,P2
S01402,2025-02-13,SUSPENDED,P3
S01072,2025-02-05,SUSPENDED,P3
S01101,2025-01-23,CANCELLED,P4
S00528,2025-02-22,CANCELLED,P1
S01660,2025-01-05,CANCELLED,P1
S00009,2025-01-20,ACTIVE,P4
S00504,2025-02-19,SUSPENDED,P1
S01022,2025-01-17,SUSPENDED,P3
S00852,2025-01-19,SUSPENDED,P3
S00394,2025-02-19,CANCELLED,P2
S00470,2025-02-06,CANCELLED,P4
S00440,2025-02-06,ACTIVE,P3
S00526,2025-01-10,SUSPENDED,P1
S01689,2025-01-07,SUSPENDED,P1
S01386,2025-02-06,ACTIVE,P2
S00619,2025-02-03,CANCELLED,P2
S01924,2025-02-15,ACTIVE,P2
S01890,2025-02-08,ACTIVE,P3
S01145,2025-01-06,SUSPENDED,P2
S00663,2025-02-26,ACTIVE,P4
S01252,2025-01-23,CANCELLED,P1
S01573,2025-01-11,CANCELLED,P1
S00841,2025-01-05,ACTIVE,P2
S01136,2025-01-28,SUSPENDED,P2
S01250,2025-02-23,SUSPENDED,P4
S00901,2025-02-08,CANCELLED,P3
S01548,2025-01-03,SUSPENDED,P3
S01860,2025-01-05,SUSPENDED,P2
S01554,2025-01-08,CANCELLED,P3
S00544,2025-01-01,ACTIVE,P3
S01045,2025-01-26,SUSPENDED,P3
S00748,2025-02-25,SUSPENDED,P1
S01805,2025-02-12,CANCELLED,P3
S01393,2025-02-05,CANCELLED,P3
S00496,2025-01-27,SUSPENDED,P2
S00500,2025-01-10,SUSPENDED,P4
S01944,2025-02-02,CANCELLED,P1
S00365,2025-01-24,CANCELLED,P4
S00210,2025-02-06,CANCELLED,P4
S00139,2025-02-28,SUSPENDED,P2
S01893,2025-02-06,CANCELLED,P4
S00307,2025-01-18,ACTIVE,P4
S00734,2025-01-15,SUSPENDED,P3
S00395,2025-01-08,ACTIVE,P3
S01843,2025-01-28,ACTIVE,P1
S01672,2025-01-26,CANCELLED,P1
S00229,2025-02-09,ACTIVE,P3
S01202,2025-01-16,SUSPENDED,P1
S01198,2025-02-08,CANCELLED,P4
S01506,2025-01-09,ACTIVE,P2
S00038,2025-01-11,SUSPENDED,P1
S01736,2025-01-20,ACTIVE,P3
S00653,2025-01-21,SUSPENDED,P2
S01476,2025-01-10,SUSPENDED,P4
S00343,2025-01-02,CANCELLED,P3
S01947,2025-02-09,CANCELLED,P1
S01852,2025-01-21,SUSPENDED,P1
S01066,2025-01-03,ACTIVE,P1
S01709,2025-02-08,CANCELLED,P1
S01871,2025-01-13,ACTIVE,P4
S00564,2025-02-10,CANCELLED,P3
S01188,2025-01-02,SUSPENDED,P1
S01335,2025-01-08,ACTIVE,P4
S01342,2025-01-04,ACTIVE,P3
S00285,2025-02-11,SUSPENDED,P2
S01077,2025-02-24,SUSPENDED,P4
S00346,2025-02-08,CANCELLED,P1
S01655,2025-01-09,ACTIVE,P4
S00927,2025-01-06,ACTIVE,P3
S01713,2025-01-28,SUSPENDED,P1
S01251,2025-01-22,ACTIVE,P4
S01912,2025-01-19,SUSPENDED,P3
S01487,2025-01-23,SUSPENDED,P2
S00522,2025-02-05,ACTIVE,P2
S00341,2025-02-24,ACTIVE,P3
S01508,2025-02-27,ACTIVE,P2
S01611,2025-02-27,SUSPENDED,P3
S01149,2025-02-06,SUSPENDED,P2
S01303,2025-02-11,SUSPENDED,P4
S00597,2025-02-20,CANCELLED,P3
S00087,2025-02-20,SUSPENDED,P2
S01300,2025-01-08,CANCELLED,P4
S00480,2025-01-27,ACTIVE,P2
S01098,2025-02-13,ACTIVE,P3
S01022,2025-02-16,CANCELLED,P3
S00390,2025-01-19,ACTIVE,P4
S00266,2025-01-16,ACTIVE,P1
S01250,2025-01-08,SUSPENDED,P2
S01548,2025-01-12,ACTIVE,P4
S00685,2025-01-22,ACTIVE,P1
S00719,2025-01-19,ACTIVE,P2
S01343,2025-01-10,ACTIVE,P3
S00128,2025-01-05,CANCELLED,P4
S00113,2025-01-03,CANCELLED,P1
S00139,2025-02-18,ACTIVE,P3
S01593,2025-02-21,ACTIVE,P3
S00983,2025-02-19,ACTIVE,P3
S01298,2025-02-22,SUSPENDED,P2
S01009,2025-02-04,CANCELLED,P2
S00439,2025-02-08,CANCELLED,P4
S00292,2025-01-06,ACTIVE,P4
S01796,2025-02-27,SUSPENDED,P2
S00836,2025-01-02,CANCELLED,P3
S01289,2025-01-05,ACTIVE,P4
S01368,2025-02-07,SUSPENDED,P3
S00535,2025-02-04,ACTIVE,P1
S01903,2025-02-13,CANCELLED,P2
S00723,2025-01-11,SUSPENDED,P2
S01473,2025-02-19,ACTIVE,P3
S01074,2025-01-09,ACTIVE,P4
S01720,2025-01-27,CANCELLED,P2
S00878,2025-02-24,SUSPENDED,P1
S00386,2025-02-04,SUSPENDED,P1
S00873,2025-02-19,ACTIVE,P2
S01755,2025-02-14,SUSPENDED,P1
S01140,2025-02-17,SUSPENDED,P2
S00359,2025-02-20,ACTIVE,P3
S01669,2025-01-07,ACTIVE,P1
S01172,2025-01-15,ACTIVE,P1
S00451,2025-01-18,SUSPENDED,P4
S00645,2025-01-02,CANCELLED,P2
S01914,2025-02-04,SUSPENDED,P3
S01108,2025-02-24,SUSPENDED,P3
S01919,2025-02-15,ACTIVE,P1
S00405,2025-02-03,ACTIVE,P1
S00379,2025-02-04,CANCELLED,P2
S01167,2025-01-20,ACTIVE,P1
S01205,2025-01-28,CANCELLED,P3
S00726,2025-01-14,ACTIVE,P2
S00012,2025-02-27,SUSPENDED,P2
S00876,2025-02-22,ACTIVE,P3
S01035,2025-01-05,ACTIVE,P4
S00895,2025-02-16,CANCELLED,P3
S00937,2025-02-27,SUSPENDED,P4
S01620,2025-01-02,ACTIVE,P1
S00317,2025-01-18,ACTIVE,P3
S00346,2025-02-09,ACTIVE,P1
S01919,2025-02-21,SUSPENDED,P2
S01415,2025-02-06,ACTIVE,P2
S01840,2025-01-07,ACTIVE,P1
S00604,2025-01-24,SUSPENDED,P2
S01779,2025-01-07,CANCELLED,P4
S01261,2025-01-20,CANCELLED,P1
S00502,2025-02-03,SUSPENDED,P2
S00457,2025-02-22,ACTIVE,P2
S00656,2025-02-06,ACTIVE,P1
S00357,2025-01-14,CANCELLED,P4
S01572,2025-01-20,CANCELLED,P1
S00240,2025-01-05,SUSPENDED,P2
S01796,2025-02-25,SUSPENDED,P1
S00171,2025-02-05,CANCELLED,P1
S01374,2025-01-14,ACTIVE,P4
S00033,2025-02-12,ACTIVE,P2
S01533,2025-01-03,ACTIVE,P4
S00644,2025-01-11,ACTIVE,P3
S01142,2025-01-01,ACTIVE,P4
S01677,2025-01-03,CANCELLED,P3
S01954,2025-01-14,CANCELLED,P1
S00681,2025-01-04,SUSPENDED,P3
S01942,2025-02-19,ACTIVE,P2
S01588,2025-01-20,ACTIVE,P2
S01057,2025-01-19,SUSPENDED,P2
S01905,2025-01-28,CANCELLED,P2
S00301,2025-01-19,SUSPENDED,P2
S00834,2025-01-24,ACTIVE,P4
S00466,2025-01-17,CANCELLED,P1
S01572,2025-01-12,ACTIVE,P1
S01137,2025-02-15,SUSPENDED,P4
S00382,2025-02-24,CANCELLED,P3
S01128,2025-02-03,SUSPENDED,P3
S00475,2025-01-07,CANCELLED,P1
S01542,2025-02-03,CANCELLED,P2
S01901,2025-01-06,SUSPENDED,P2
S00308,2025-01-01,CANCELLED,P4
S01430,2025-02-04,SUSPENDED,P3
S00601,2025-01-08,SUSPENDED,P4
S00945,2025-01-20,CANCELLED,P3
S01689,2025-01-09,CANCELLED,P4
S00679,2025-02-09,SUSPENDED,P3
S01365,2025-01-03,SUSPENDED,P2
S00453,2025-01-23,ACTIVE,P2
S01463,2025-02-24,SUSPENDED,P4
S01842,2025-02-17,CANCELLED,P4
S01894,2025-02-28,ACTIVE,P4
S00760,2025-02-01,CANCELLED,P3
S01874,2025-01-04,SUSPENDED,P4
S01906,2025-01-03,CANCELLED,P3
S01137,2025-02-25,CANCELLED,P1
S01654,2025-02-19,ACTIVE,P2
S00107,2025-02-21,SUSPENDED,P2
S01354,2025-02-05,CANCELLED,P4
S01990,2025-01-07,SUSPENDED,P1
S00474,2025-01-02,CANCELLED,P4
S01028,2025-02-15,ACTIVE,P4
S01328,2025-01-03,ACTIVE,P3
S00078,2025-02-27,SUSPENDED,P2
S00773,2025-02-14,ACTIVE,P1
S00148,2025-01-04,CANCELLED,P4
S01423,2025-01-11,ACTIVE,P2
S01046,2025-02-28,ACTIVE,P2
S00031,2025-01-23,CANCELLED,P4
S00529,2025-01-27,ACTIVE,P1
S00825,2025-01-12,CANCELLED,P3
S00518,2025-02-26,CANCELLED,P3
S01753,2025-02-20,SUSPENDED,P4
S00017,2025-02-16,CANCELLED,P1
S00911,2025-02-07,CANCELLED,P3
S00112,2025-01-27,SUSPENDED,P1
S01011,2025-01-25,SUSPENDED,P4
S01878,2025-01-22,SUSPENDED,P3
S00859,2025-02-09,CANCELLED,P3
S01218,2025-01-16,CANCELLED,P2
S01659,2025-01-04,CANCELLED,P2
S01847,2025-02-25,CANCELLED,P4
S01083,2025-02-24,CANCELLED,P2
S01115,2025-02-03,CANCELLED,P1
S00045,2025-02-22,SUSPENDED,P2
S00771,2025-02-12,SUSPENDED,P4
S00058,2025-01-20,SUSPENDED,P3
S01822,2025-01-05,SUSPENDED,P1
S00736,2025-01-05,SUSPENDED,P1
S01420,2025-01-10,ACTIVE,P3
S00175,2025-02-14,SUSPENDED,P2
S00722,2025-02-17,ACTIVE,P1
S00475,2025-02-13,CANCELLED,P1
S00576,2025-01-23,CANCELLED,P4
S01559,2025-01-04,SUSPENDED,P4
S01035,2025-01-19,CANCELLED,P3
S00704,2025-02-09,CANCELLED,P1
S00033,2025-01-22,ACTIVE,P3
S00711,2025-02-13,ACTIVE,P4
S01341,2025-02-11,ACTIVE,P2
S00855,2025-01-23,CANCELLED,P1
S01435,2025-02-15,CANCELLED,P4
S01245,2025-02-02,SUSPENDED,P1
S00439,2025-02-08,ACTIVE,P3
S01074,2025-01-14,ACTIVE,P3
S01582,2025-01-14,ACTIVE,P2
S00927,2025-02-25,ACTIVE,P2
S01802,2025-02-04,SUSPENDED,P2
S00502,2025-01-11,ACTIVE,P2
S00146,2025-01-12,CANCELLED,P1
S01198,2025-02-20,ACTIVE,P3
S01673,2025-01-21,ACTIVE,P2
S01541,2025-02-05,SUSPENDED,P1
S01031,2025-01-17,ACTIVE,P2
S01982,2025-01-14,ACTIVE,P1
S01713,2025-01-15,SUSPENDED,P1
S00731,2025-01-10,CANCELLED,P3
S00054,2025-02-02,ACTIVE,P3
S00061,2025-01-04,CANCELLED,P3
S01183,2025-01-04,CANCELLED,P2
S00168,2025-01-27,ACTIVE,P1
S00016,2025-02-25,CANCELLED,P2
S00617,2025-02-03,ACTIVE,P2
S00812,2025-01-13,CANCELLED,P4
S01375,2025-01-27,ACTIVE,P3
S00980,2025-01-02,CANCELLED,P1
S00951,2025-02-04,SUSPENDED,P1
S00546,2025-01-24,CANCELLED,P4
S01471,2025-02-12,SUSPENDED,P2
S00967,2025-01-09,CANCELLED,P3
S01398,2025-01-03,ACTIVE,P3
S00203,2025-01-05,SUSPENDED,P2
S00019,2025-01-13,SUSPENDED,P1
S01452,2025-01-15,ACTIVE,P3
S00783,2025-02-23,SUSPENDED,P2
S01885,2025-01-25,SUSPENDED,P1
S01088,2025-02-02,CANCELLED,P2
S00790,2025-02-13,SUSPENDED,P2
S00034,2025-01-09,SUSPENDED,P3
S00638,2025-02-27,SUSPENDED,P2
S00513,2025-01-11,SUSPENDED,P4
S00492,2025-01-05,SUSPENDED,P4
S00666,2025-02-04,CANCELLED,P2
S00864,2025-02-19,ACTIVE,P3
S00966,2025-02-08,CANCELLED,P2
S00595,2025-01-26,CANCELLED,P3
S00953,2025-01-26,SUSPENDED,P4
S00235,2025-01-13,SUSPENDED,P2
S01777,2025-01-22,ACTIVE,P3
S01909,2025-01-16,SUSPENDED,P3
S01893,2025-02-21,SUSPENDED,P4
S01997,2025-02-20,ACTIVE,P4
S01570,2025-02-01,CANCELLED,P4
S00603,2025-02-21,ACTIVE,P4
S00915,2025-02-13,CANCELLED,P4
S00827,2025-02-07,SUSPENDED,P4
S01627,2025-02-27,SUSPENDED,P4
S01421,2025-01-22,ACTIVE,P2
S01868,2025-01-09,ACTIVE,P3
S00692,2025-02-23,ACTIVE,P3
S00092,2025-02-14,CANCELLED,P3
S00198,2025-01-09,ACTIVE,P1
S01356,2025-01-03,CANCELLED,P2
S00079,2025-01-06,SUSPENDED,P3
S01006,2025-02-22,SUSPENDED,P3
S01644,2025-02-25,SUSPENDED,P3
S00966,2025-02-09,CANCELLED,P4
S01703,2025-01-05,ACTIVE,P1
S01488,2025-01-25,ACTIVE,P1
S01247,2025-02-01,ACTIVE,P4
S01073,2025-02-24,CANCELLED,P3
S01207,2025-02-22,SUSPENDED,P2
S01234,2025-02-14,SUSPENDED,P4
S01944,2025-01-26,CANCELLED,P3
S00411,2025-01-14,ACTIVE,P4
S00924,2025-02-06,SUSPENDED,P2
S01857,2025-01-04,ACTIVE,P1
S01588,2025-01-09,CANCELLED,P2
S01995,2025-02-09,CANCELLED,P4
S00638,2025-02-27,CANCELLED,P4
S01221,2025-02-16,ACTIVE,P4
S01260,2025-01-07,CANCELLED,P1
S01490,2025-02-11,ACTIVE,P4
S01744,2025-01-03,ACTIVE,P4
S01937,2025-02-10,ACTIVE,P2
S00293,2025-02-21,CANCELLED,P3
S00845,2025-02-04,CANCELLED,P1
S01626,2025-01-27,CANCELLED,P2
S01729,2025-02-05,CANCELLED,P4
S01660,2025-01-21,ACTIVE,P2
S01078,2025-01-02,ACTIVE,P2
S00376,2025-02-14,CANCELLED,P2
S01673,2025-02-04,ACTIVE,P2
S00492,2025-02-28,SUSPENDED,P3
S00360,2025-01-27,SUSPENDED,P1
S01722,2025-02-12,CANCELLED,P2
S01385,2025-01-12,CANCELLED,P2
S01858,2025-02-21,SUSPENDED,P3
S01251,2025-01-04,SUSPENDED,P3
S00015,2025-01-13,ACTIVE,P3
S00588,2025-02-07,SUSPENDED,P3
S00676,2025-01-17,SUSPENDED,P2
S00694,2025-02-24,CANCELLED,P1
S01190,2025-01-04,SUSPENDED,P4
S01265,2025-02-13,ACTIVE,P2
S01613,2025-02-18,CANCELLED,P4
S01191,2025-02-20,SUSPENDED,P2
S01467,2025-01-18,CANCELLED,P4
S01540,2025-02-02,ACTIVE,P2
S00805,2025-02-26,CANCELLED,P3
S01045,2025-01-13,SUSPENDED,P4
S00862,2025-02-23,SUSPENDED,P2
S01946,2025-02-16,ACTIVE,P4
S00024,2025-01-20,ACTIVE,P1
S01956,2025-02-18,CANCELLED,P1
S01213,2025-01-11,SUSPENDED,P3
S01916,2025-02-03,ACTIVE,P4
S00307,2025-02-21,ACTIVE,P4
S01836,2025-01-14,SUSPENDED,P4
S01056,2025-01-17,ACTIVE,P4
S01593,2025-02-19,SUSPENDED,P4
S00515,2025-02-07,CANCELLED,P4
S00847,2025-02-23,ACTIVE,P2
S01868,2025-01-04,SUSPENDED,P3
S00400,2025-01-05,CANCELLED,P3
S00449,2025-01-26,ACTIVE,P4
S00497,2025-02-15,ACTIVE,P3
S01956,2025-01-02,SUSPENDED,P3
S01492,2025-01-17,SUSPENDED,P4
S01378,2025-02-10,SUSPENDED,P3
S01479,2025-01-13,ACTIVE,P2
S01558,2025-02-19,ACTIVE,P1
S00358,2025-01-01,CANCELLED,P4
S00193,2025-02-06,CANCELLED,P4
S00441,2025-01-11,CANCELLED,P1
S00204,2025-01-09,CANCELLED,P4
S01729,2025-02-19,ACTIVE,P4
S00579,2025-02-05,CANCELLED,P2
S00169,2025-02-17,ACTIVE,P2
S01740,2025-01-09,CANCELLED,P4
S01436,2025-02-14,SUSPENDED,P2
S01094,2025-02-13,SUSPENDED,P3
S00525,2025-02-23,ACTIVE,P2
S01309,2025-01-20,SUSPENDED,P4
S01249,2025-01-08,SUSPENDED,P3
S00314,2025-02-04,ACTIVE,P3
S01591,2025-01-25,CANCELLED,P2
S00925,2025-01-28,SUSPENDED,P2
S01006,2025-01-09,SUSPENDED,P2
S00580,2025-02-28,ACTIVE,P2
S01587,2025-02-03,ACTIVE,P1
S01746,2025-02-24,CANCELLED,P3
S00270,2025-01-10,ACTIVE,P1
S01973,2025-02-19,ACTIVE,P2
S01062,2025-02-22,CANCELLED,P4
S00220,2025-01-17,ACTIVE,P3
S00207,2025-01-08,ACTIVE,P3
S00183,2025-01-08,CANCELLED,P3
S01088,2025-02-22,ACTIVE,P3
S01382,2025-02-16,CANCELLED,P3
S00967,2025-01-21,CANCELLED,P3
S01409,2025-01-24,SUSPENDED,P1
S00490,2025-02-07,SUSPENDED,P3
S00008,2025-02-03,ACTIVE,P3
S01351,2025-02-06,SUSPENDED,P2
S01147,2025-01-18,CANCELLED,P2
S00555,2025-01-06,ACTIVE,P3
S01272,2025-01-26,CANCELLED,P4
S00486,2025-01-04,SUSPENDED,P4
S01769,2025-01-04,CANCELLED,P3
S00833,2025-02-08,CANCELLED,P3
S01248,2025-01-26,ACTIVE,P1
S01977,2025-01-26,SUSPENDED,P3
S01954,2025-02-19,SUSPENDED,P1
S00960,2025-01-18,CANCELLED,P1
S01780,2025-02-28,CANCELLED,P2
S01702,2025-01-22,ACTIVE,P3
S01719,2025-01-07,SUSPENDED,P1
S00173,2025-01-13,CANCELLED,P4
S01043,2025-02-23,SUSPENDED,P4
S00123,2025-02-15,SUSPENDED,P2
S00156,2025-01-05,ACTIVE,P4
S01537,2025-02-07,ACTIVE,P3
S01240,2025-02-04,CANCELLED,P3
S00161,2025-01-26,ACTIVE,P3
S00868,2025-02-01,SUSPENDED,P4
S00290,2025-01-10,SUSPENDED,P1
S01308,2025-02-23,ACTIVE,P4
S01790,2025-01-11,SUSPENDED,P3
S00880,2025-01-20,SUSPENDED,P4
S01893,2025-02-11,SUSPENDED,P2
S00453,2025-02-02,CANCELLED,P1
S01393,2025-02-16,CANCELLED,P3
S01803,2025-02-15,ACTIVE,P1
S00405,2025-01-24,CANCELLED,P4
S00384,2025-02-17,SUSPENDED,P2
S00059,2025-01-03,CANCELLED,P3
S01629,2025-01-18,SUSPENDED,P3
S01359,2025-02-20,ACTIVE,P4
S00395,2025-02-05,CANCELLED,P3
S00443,2025-01-21,SUSPENDED,P1
S01738,2025-01-11,CANCELLED,P2
S01174,2025-02-24,SUSPENDED,P3
S01397,2025-01-27,CANCELLED,P1
S01437,2025-01-22,CANCELLED,P1
S00501,2025-02-13,ACTIVE,P3
S00347,2025-01-20,SUSPENDED,P2
S01032,2025-01-10,ACTIVE,P1
S00316,2025-01-12,CANCELLED,P3
S01422,2025-01-12,CANCELLED,P2
S01583,2025-01-19,ACTIVE,P1
S00193,2025-01-01,ACTIVE,P4
S00680,2025-02-19,ACTIVE,P1
S00314,2025-01-02,CANCELLED,P2
S01402,2025-02-16,SUSPENDED,P1
S01694,2025-02-02,CANCELLED,P2
S00261,2025-01-27,CANCELLED,P4
S01329,2025-01-03,CANCELLED,P1
S00548,2025-01-18,SUSPENDED,P4
S00618,2025-01-08,CANCELLED,P2
S01789,2025-02-06,ACTIVE,P1
S00254,2025-02-23,CANCELLED,P3
S01058,2025-02-09,ACTIVE,P1
S01018,2025-01-18,CANCELLED,P2
S00284,2025-01-13,SUSPENDED,P2
S01744,2025-02-19,SUSPENDED,P4
S01235,2025-01-27,CANCELLED,P3
S01218,2025-01-09,CANCELLED,P3
S00402,2025-02-06,ACTIVE,P1
S01779,2025-02-04,ACTIVE,P3
S00293,2025-01-28,CANCELLED,P2
S01704,2025-01-27,SUSPENDED,P4
S01216,2025-02-08,ACTIVE,P3
S00455,2025-01-10,ACTIVE,P2
S00955,2025-01-13,ACTIVE,P2
S00807,2025-02-19,SUSPENDED,P1
S00254,2025-02-15,CANCELLED,P3
S01374,2025-01-11,ACTIVE,P3
S00569,2025-02-10,CANCELLED,P1
S00043,2025-02-03,ACTIVE,P1
S00414,2025-01-17,CANCELLED,P4
S00199,2025-01-16,CANCELLED,P2
S01375,2025-02-01,CANCELLED,P4
S00543,2025-02-22,ACTIVE,P4
S01032,2025-01-08,SUSPENDED,P2
S01920,2025-02-27,ACTIVE,P1
S00750,2025-01-05,CANCELLED,P2
S00404,2025-02-08,ACTIVE,P3
S00862,2025-01-10,SUSPENDED,P3
S01993,2025-02-14,CANCELLED,P2
S00821,2025-02-08,ACTIVE,P3
S01624,2025-01-27,ACTIVE,P2
S00515,2025-01-16,ACTIVE,P4
S00487,2025-01-01,CANCELLED,P1
S00482,2025-01-24,SUSPENDED,P2
S01823,2025-01-25,CANCELLED,P2
S00609,2025-01-25,CANCELLED,P1
S01398,2025-02-05,CANCELLED,P4
S01385,2025-01-11,CANCELLED,P4
S00488,2025-02-14,SUSPENDED,P3
S01440,2025-01-08,CANCELLED,P4
S01351,2025-01-24,ACTIVE,P1
S00188,2025-01-03,SUSPENDED,P4
S01384,2025-01-12,SUSPENDED,P2
S00326,2025-01-02,CANCELLED,P1
S00106,2025-02-27,SUSPENDED,P2
S01113,2025-02-27,CANCELLED,P1
S00932,2025-01-27,SUSPENDED,P4
S01670,2025-01-18,ACTIVE,P3
S01400,2025-01-12,SUSPENDED,P3
S01874,2025-01-19,ACTIVE,P2
S00546,2025-02-23,SUSPENDED,P3
S01540,2025-01-04,SUSPENDED,P4
S01889,2025-01-07,ACTIVE,P1
S01361,2025-01-18,SUSPENDED,P4
S00891,2025-02-26,SUSPENDED,P1
S00791,2025-02-13,ACTIVE,P2
S01265,2025-02-12,SUSPENDED,P4
S01185,2025-02-17,SUSPENDED,P4
S00032,2025-02-01,CANCELLED,P1
S01081,2025-02-07,SUSPENDED,P4
S01765,2025-01-26,CANCELLED,P3
S00993,2025-02-07,CANCELLED,P4
S01805,2025-02-26,ACTIVE,P3
S01031,2025-02-22,SUSPENDED,P4
S00796,2025-02-05,ACTIVE,P3
S01862,2025-02-21,ACTIVE,P4
S00418,2025-02-17,ACTIVE,P4
S01506,2025-02-26,ACTIVE,P4
S00415,2025-02-27,CANCELLED,P3
S01939,2025-02-18,SUSPENDED,P2
S00862,2025-02-13,CANCELLED,P3
S00691,2025-01-17,CANCELLED,P2
S01029,2025-02-21,ACTIVE,P3
S00501,2025-01-20,CANCELLED,P3
S00442,2025-01-03,SUSPENDED,P4
S00305,2025-01-06,CANCELLED,P4
S00203,2025-01-09,SUSPENDED,P3
S00764,2025-02-27,SUSPENDED,P2
S01597,2025-02-20,SUSPENDED,P1
S01419,2025-02-05,CANCELLED,P1
S01857,2025-01-09,CANCELLED,P4
S01714,2025-02-09,SUSPENDED,P3
S00748,2025-02-02,CANCELLED,P2
S01218,2025-01-09,CANCELLED,P3
S01784,2025-02-10,CANCELLED,P4
S00141,2025-01-11,CANCELLED,P3
S00573,2025-02-05,CANCELLED,P1
S01689,2025-01-28,ACTIVE,P2
S00253,2025-01-22,SUSPENDED,P3
S00330,2025-01-28,CANCELLED,P1
S01548,2025-01-09,CANCELLED,P3
S01657,2025-02-08,SUSPENDED,P4
S00175,2025-02-14,SUSPENDED,P2
S00515,2025-02-23,CANCELLED,P4
S00841,2025-02-19,CANCELLED,P1
S00438,2025-02-03,ACTIVE,P4
S01708,2025-02-15,ACTIVE,P2
S01802,2025-02-03,CANCELLED,P1
S00175,2025-02-10,SUSPENDED,P4
S00824,2025-02-04,CANCELLED,P1
S01295,2025-02-13,CANCELLED,P1
S01740,2025-02-19,ACTIVE,P2
S00601,2025-02-22,SUSPENDED,P2
S00897,2025-01-13,CANCELLED,P3
S00562,2025-01-16,CANCELLED,P4
S01978,2025-02-28,ACTIVE,P1
S00520,2025-01-24,CANCELLED,P3
S01584,2025-01-21,CANCELLED,P1
S01066,2025-01-24,ACTIVE,P4
S00444,2025-01-23,SUSPENDED,P3
S01060,2025-02-27,CANCELLED,P3
S01948,2025-01-12,ACTIVE,P3
S00787,2025-01-23,CANCELLED,P2
S00022,2025-01-13,CANCELLED,P3
S01332,2025-02-23,ACTIVE,P1
S00090,2025-01-05,CANCELLED,P1
S00068,2025-01-19,ACTIVE,P2
S00048,2025-01-18,CANCELLED,P4
S01891,2025-01-02,CANCELLED,P2
S01040,2025-01-14,CANCELLED,P1
S01742,2025-01-23,CANCELLED,P4
S01333,2025-01-02,ACTIVE,P2
S01764,2025-01-10,ACTIVE,P3
S01520,2025-01-17,ACTIVE,P4
S00568,2025-01-08,CANCELLED,P4
S00750,2025-02-21,CANCELLED,P1
S00061,2025-02-20,SUSPENDED,P2
S00511,2025-01-13,ACTIVE,P2
S01777,2025-02-20,ACTIVE,P2
S00698,2025-02-06,SUSPENDED,P1
S01343,2025-02-14,ACTIVE,P4
S00090,2025-02-27,ACTIVE,P2
S00225,2025-01-18,SUSPENDED,P1
S01102,2025-02-20,SUSPENDED,P3
S00751,2025-02-21,CANCELLED,P4
S00265,2025-01-26,CANCELLED,P1
S00106,2025-02-08,ACTIVE,P3
S00633,2025-01-05,CANCELLED,P2
S00483,2025-01-04,CANCELLED,P2
S00444,2025-02-26,SUSPENDED,P3
S00878,2025-02-02,CANCELLED,P2
S01423,2025-02-07,ACTIVE,P4
S00081,2025-02-20,SUSPENDED,P2
S00758,2025-01-04,SUSPENDED,P4
S01469,2025-01-18,SUSPENDED,P4
S01311,2025-02-06,SUSPENDED,P4
S01451,2025-02-17,CANCELLED,P4
S00192,2025-02-02,SUSPENDED,P3
S00064,2025-02-19,SUSPENDED,P3
S00290,2025-01-12,CANCELLED,P1
S00299,2025-01-27,CANCELLED,P4
S00856,2025-02-15,CANCELLED,P1
S01861,2025-02-28,CANCELLED,P4
S01305,2025-01-06,SUSPENDED,P3
S01221,2025-02-26,ACTIVE,P4
S01617,2025-01-05,ACTIVE,P2
S01089,2025-02-27,ACTIVE,P2
S01888,2025-01-16,SUSPENDED,P3
S00645,2025-02-23,SUSPENDED,P1
S01534,2025-01-22,SUSPENDED,P3
S00004,2025-01-02,CANCELLED,P1
S00227,2025-01-05,CANCELLED,P2
S00890,2025-01-05,ACTIVE,P2
S01496,2025-01-10,SUSPENDED,P2
S01818,2025-01-19,CANCELLED,P4
S01557,2025-01-19,ACTIVE,P1
S01049,2025-02-07,SUSPENDED,P1
S01528,2025-02-27,ACTIVE,P3
S01865,2025-02-28,SUSPENDED,P3
S01241,2025-02-02,SUSPENDED,P2
S00555,2025-01-10,CANCELLED,P3
S00019,2025-02-17,ACTIVE,P2
S00200,2025-02-10,ACTIVE,P3
S01100,2025-02-22,SUSPENDED,P1
S00853,2025-01-05,ACTIVE,P4
S00868,2025-01-17,ACTIVE,P4
S01918,2025-01-16,ACTIVE,P4
S01710,2025-01-12,SUSPENDED,P3
S01949,2025-01-24,SUSPENDED,P1
S00683,2025-02-24,SUSPENDED,P2
S01521,2025-02-26,SUSPENDED,P3
S00722,2025-01-28,SUSPENDED,P1
S00173,2025-02-27,CANCELLED,P1
S01452,2025-02-17,CANCELLED,P1
S00237,2025-01-04,CANCELLED,P2
S01232,2025-02-06,CANCELLED,P3
S00436,2025-02-13,ACTIVE,P2
S00581,2025-02-26,SUSPENDED,P3
S01928,2025-02-04,ACTIVE,P3
S00164,2025-01-25,ACTIVE,P1
S01900,2025-01-20,SUSPENDED,P2
S00576,2025-02-21,ACTIVE,P3
S01632,2025-01-27,ACTIVE,P1
S01515,2025-02-25,CANCELLED,P2
S00020,2025-02-12,CANCELLED,P1
S01335,2025-01-28,ACTIVE,P2
S01501,2025-01-05,ACTIVE,P2
S01535,2025-02-21,SUSPENDED,P4
S01924,2025-02-12,CANCELLED,P3
S00159,2025-02-15,ACTIVE,P4
S00204,2025-01-14,SUSPENDED,P2
S00367,2025-01-08,SUSPENDED,P1
S00448,2025-02-20,ACTIVE,P3
S01859,2025-02-28,CANCELLED,P4
S00135,2025-02-21,CANCELLED,P2
S00370,2025-01-04,CANCELLED,P4
S01269,2025-02-18,CANCELLED,P3
S01604,2025-01-09,SUSPENDED,P4
S01443,2025-01-14,SUSPENDED,P4
S00406,2025-01-07,ACTIVE,P3
S00528,2025-01-02,SUSPENDED,P1
S01952,2025-02-20,CANCELLED,P4
S00670,2025-01-11,CANCELLED,P4
S00535,2025-02-05,ACTIVE,P4
S01097,2025-01-02,SUSPENDED,P2
S00635,2025-01-06,SUSPENDED,P3
S00261,2025-02-23,CANCELLED,P4
S01401,2025-01-18,CANCELLED,P1
S01450,2025-02-17,CANCELLED,P2
S01627,2025-02-18,SUSPENDED,P3
S01227,2025-02-22,CANCELLED,P4
S00602,2025-01-28,SUSPENDED,P4
S01680,2025-01-06,ACTIVE,P4
S01534,2025-02-13,ACTIVE,P4
S01947,2025-02-16,CANCELLED,P1
S01889,2025-02-14,SUSPENDED,P3
S00339,2025-01-10,SUSPENDED,P3
S00083,2025-01-10,SUSPENDED,P3
S01771,2025-02-19,SUSPENDED,P2
S01780,2025-01-22,CANCELLED,P1
S00402,2025-01-25,SUSPENDED,P1
S01332,2025-02-26,SUSPENDED,P4
S01878,2025-01-10,CANCELLED,P3
S01358,2025-01-14,CANCELLED,P4
S01436,2025-01-11,ACTIVE,P3
S00785,2025-02-14,SUSPENDED,P1
S01376,2025-02-04,ACTIVE,P2
S01668,2025-02-14,SUSPENDED,P3
S00140,2025-01-07,CANCELLED,P3
S00029,2025-02-17,ACTIVE,P3
S01408,2025-01-26,ACTIVE,P4
S01963,2025-01-13,CANCELLED,P1
S01462,2025-01-15,ACTIVE,P3
S00243,2025-01-15,ACTIVE,P4
S01542,2025-02-26,CANCELLED,P2
S01909,2025-02-06,ACTIVE,P2
S00430,2025-01-04,ACTIVE,P3
S01222,2025-02-24,SUSPENDED,P3
S01521,2025-02-10,CANCELLED,P2
S00031,2025-01-02,SUSPENDED,P4
S01773,2025-02-24,ACTIVE,P4
S00377,2025-01-22,CANCELLED,P4
S00600,2025-01-17,CANCELLED,P2
S01606,2025-01-11,CANCELLED,P4
S00178,2025-01-10,ACTIVE,P3
S01558,2025-02-16,SUSPENDED,P2
S00431,2025-02-15,ACTIVE,P4
S00473,2025-02-07,ACTIVE,P4
S01984,2025-01-09,CANCELLED,P3
S00680,2025-02-11,SUSPENDED,P4
S00322,2025-01-05,SUSPENDED,P2
S01749,2025-02-28,CANCELLED,P4
S01465,2025-01-19,ACTIVE,P1
S00912,2025-01-14,CANCELLED,P4
S01520,2025-02-21,SUSPENDED,P2
S01633,2025-02-21,ACTIVE,P1
S00775,2025-01-22,SUSPENDED,P1
S01793,2025-02-06,ACTIVE,P4
S01762,2025-02-28,CANCELLED,P4
S00109,2025-01-13,ACTIVE,P4
S01639,2025-01-21,ACTIVE,P2
S01263,2025-02-17,ACTIVE,P2
S01798,2025-02-12,ACTIVE,P3
S00269,2025-02-21,CANCELLED,P3
S00269,2025-02-16,SUSPENDED,P3
S00837,2025-01-17,SUSPENDED,P4
S01655,2025-02-07,SUSPENDED,P2
S01821,2025-01-25,SUSPENDED,P4
S00868,2025-01-21,ACTIVE,P4
S01191,2025-01-18,CANCELLED,P2
S01867,2025-02-02,ACTIVE,P4
S01373,2025-02-27,SUSPENDED,P4
S01799,2025-02-16,ACTIVE,P4
S00711,2025-01-22,CANCELLED,P2
S00814,2025-02-06,ACTIVE,P4
S00414,2025-01-26,SUSPENDED,P2
S00614,2025-02-09,SUSPENDED,P4
S01049,2025-02-25,CANCELLED,P1
S00173,2025-02-08,CANCELLED,P4
S00059,2025-01-10,CANCELLED,P2
S01375,2025-01-05,SUSPENDED,P4
S00589,2025-02-16,CANCELLED,P4
S01053,2025-02-14,CANCELLED,P2
S01399,2025-02-24,CANCELLED,P4
S00982,2025-01-01,SUSPENDED,P4
S01106,2025-02-01,ACTIVE,P2
S00056,2025-01-13,ACTIVE,P3
S01872,2025-02-19,CANCELLED,P3
S00839,2025-01-04,ACTIVE,P2
S00166,2025-01-03,ACTIVE,P2
S00846,2025-02-28,SUSPENDED,P3
S01247,2025-02-19,ACTIVE,P2
S01884,2025-01-13,CANCELLED,P1
S00996,2025-01-07,SUSPENDED,P2
S01784,2025-02-22,SUSPENDED,P1
S01179,2025-01-14,ACTIVE,P4
S00664,2025-02-02,ACTIVE,P1
S00062,2025-02-12,CANCELLED,P3
S01490,2025-01-22,SUSPENDED,P1
S00375,2025-02-04,CANCELLED,P1
S01686,2025-01-15,SUSPENDED,P3
S00133,2025-02-05,SUSPENDED,P1
S00932,2025-02-28,CANCELLED,P4
S01693,2025-02-22,CANCELLED,P1
S01598,2025-01-17,ACTIVE,P4
S01978,2025-02-28,SUSPENDED,P1
S01362,2025-02-15,SUSPENDED,P3
S00012,2025-01-06,CANCELLED,P1
S00760,2025-01-17,CANCELLED,P4
S01190,2025-01-07,ACTIVE,P3
S00043,2025-02-26,SUSPENDED,P2
S00287,2025-01-12,CANCELLED,P3
S00474,2025-02-28,CANCELLED,P1
S00726,2025-02-09,SUSPENDED,P3
S01984,2025-01-16,CANCELLED,P1
S00661,2025-02-12,CANCELLED,P2
S01245,2025-01-27,CANCELLED,P1
S01134,2025-02-22,CANCELLED,P1
S01883,2025-01-26,SUSPENDED,P3
S01413,2025-01-24,ACTIVE,P2
S01471,2025-02-03,CANCELLED,P3
S00629,2025-02-24,ACTIVE,P2
S00790,2025-01-24,ACTIVE,P3
S00105,2025-01-16,SUSPENDED,P2
S01828,2025-02-14,CANCELLED,P2
S01903,2025-02-17,ACTIVE,P2
S00348,2025-02-02,ACTIVE,P4
S00894,2025-01-26,CANCELLED,P3
S01286,2025-01-25,CANCELLED,P2
S00501,2025-01-14,SUSPENDED,P3
S00181,2025-01-07,SUSPENDED,P3
S01950,2025-01-16,SUSPENDED,P1
S00705,2025-02-07,SUSPENDED,P4
S00159,2025-02-16,ACTIVE,P3
S00875,2025-02-02,ACTIVE,P3
S01239,2025-02-14,SUSPENDED,P3
S00745,2025-02-15,SUSPENDED,P2
S01328,2025-02-03,CANCELLED,P1
S00158,2025-01-26,CANCELLED,P3
S01029,2025-02-20,CANCELLED,P3
S01088,2025-01-25,CANCELLED,P4
S00404,2025-02-04,SUSPENDED,P2
S00004,2025-01-10,ACTIVE,P3
S00816,2025-01-20,ACTIVE,P3
S00838,2025-02-27,ACTIVE,P3
S00279,2025-02-22,SUSPENDED,P1
S00796,2025-01-05,CANCELLED,P1
S01842,2025-02-11,CANCELLED,P3
S00749,2025-02-15,SUSPENDED,P3
S00164,2025-01-15,CANCELLED,P4
S00770,2025-01-10,ACTIVE,P3
S01323,2025-01-11,SUSPENDED,P2
S01324,2025-01-15,CANCELLED,P2
S00495,2025-02-09,SUSPENDED,P4
S01947,2025-01-14,SUSPENDED,P4
S01678,2025-01-04,CANCELLED,P2
S00394,2025-02-21,SUSPENDED,P3
S01440,2025-02-05,CANCELLED,P2
S01461,2025-02-09,ACTIVE,P1
S00758,2025-02-26,SUSPENDED,P3
S00377,2025-02-19,SUSPENDED,P1
S00101,2025-02-16,ACTIVE,P3
S00749,2025-02-21,ACTIVE,P4
S01120,2025-01-04,ACTIVE,P2
S01940,2025-01-23,ACTIVE,P4
S01250,2025-01-11,CANCELLED,P3
S00613,2025-01-20,ACTIVE,P4
S00054,2025-02-22,ACTIVE,P4
S00201,2025-02-12,ACTIVE,P2
S01598,2025-02-23,SUSPENDED,P2
S01413,2025-02-01,CANCELLED,P1
S00622,2025-01-26,CANCELLED,P1
S01483,2025-01-13,ACTIVE,P2
S00998,2025-02-21,ACTIVE,P2
S00907,2025-01-19,ACTIVE,P2
S01089,2025-02-24,SUSPENDED,P3
S00253,2025-02-10,SUSPENDED,P1
S00210,2025-01-13,CANCELLED,P4
S00541,2025-01-09,ACTIVE,P2
S01197,2025-01-04,SUSPENDED,P4
S01755,2025-02-28,SUSPENDED,P2
S01519,2025-02-04,CANCELLED,P1
S00332,2025-02-21,ACTIVE,P1
S01162,2025-02-09,ACTIVE,P4
S00709,2025-01-16,CANCELLED,P3
S01242,2025-01-01,CANCELLED,P3
S01814,2025-02-21,SUSPENDED,P2
S00382,2025-01-18,CANCELLED,P3
S00165,2025-01-02,SUSPENDED,P4
S01758,2025-02-17,CANCELLED,P1
S01471,2025-01-27,CANCELLED,P4
S01593,2025-02-14,CANCELLED,P4
S00599,2025-01-01,ACTIVE,P2
S01441,2025-01-24,CANCELLED,P3
S01070,2025-01-13,ACTIVE,P4
S01141,2025-02-18,SUSPENDED,P3
S00804,2025-02-24,CANCELLED,P4
S00307,2025-01-19,CANCELLED,P1
S01144,2025-02-26,SUSPENDED,P2
S00015,2025-01-19,ACTIVE,P4
S01166,2025-01-25,SUSPENDED,P3
S01217,2025-01-21,CANCELLED,P2
S01475,2025-01-01,CANCELLED,P2
S01396,2025-01-02,CANCELLED,P3
S00363,2025-01-16,SUSPENDED,P2
S00900,2025-02-09,SUSPENDED,P3
S01893,2025-02-07,ACTIVE,P4
S00461,2025-02-04,SUSPENDED,P4
S00373,2025-02-22,SUSPENDED,P4
S01010,2025-02-04,SUSPENDED,P3
S00738,2025-02-24,CANCELLED,P2
S00978,2025-01-26,CANCELLED,P1
S01813,2025-01-17,SUSPENDED,P1
S02000,2025-02-15,SUSPENDED,P4
S01180,2025-02-14,SUSPENDED,P1
S00682,2025-02-13,ACTIVE,P1
S01944,2025-02-24,SUSPENDED,P2
S01450,2025-01-11,SUSPENDED,P2
S00689,2025-02-06,ACTIVE,P1
S00145,2025-02-17,ACTIVE,P4
S00650,2025-02-02,SUSPENDED,P1
S01988,2025-02-18,SUSPENDED,P1
S00383,2025-01-23,SUSPENDED,P4
S00529,2025-02-17,ACTIVE,P4
S00622,2025-02-11,CANCELLED,P2
S01016,2025-01-02,ACTIVE,P1
S00922,2025-02-07,SUSPENDED,P4
S01510,2025-01-22,CANCELLED,P3
S01692,2025-02-04,ACTIVE,P4
S01418,2025-02-20,CANCELLED,P3
S00106,2025-02-26,CANCELLED,P2
S01827,2025-01-23,CANCELLED,P2
S01552,2025-01-21,CANCELLED,P1
S00671,2025-02-24,CANCELLED,P1
S01064,2025-01-19,CANCELLED,P4
S00336,2025-01-12,SUSPENDED,P4
S00599,2025-01-04,SUSPENDED,P4
S01815,2025-01-16,SUSPENDED,P1
S00870,2025-01-18,SUSPENDED,P2
S00957,2025-01-13,ACTIVE,P4
S00053,2025-02-05,ACTIVE,P4
S00408,2025-01-12,SUSPENDED,P4
S00250,2025-02-03,ACTIVE,P3
S00751,2025-01-04,SUSPENDED,P1
S00934,2025-01-13,ACTIVE,P3
S01214,2025-02-24,CANCELLED,P1
S01694,2025-02-11,ACTIVE,P4
S00744,2025-02-25,CANCELLED,P1
S00345,2025-02-09,CANCELLED,P3
S00763,2025-02-15,CANCELLED,P2
S00421,2025-02-23,ACTIVE,P2
S00567,2025-01-05,CANCELLED,P1
S01281,2025-02-14,SUSPENDED,P4
S00989,2025-01-28,CANCELLED,P3
S00094,2025-02-19,SUSPENDED,P4
S01130,2025-01-27,ACTIVE,P3
S01370,2025-02-05,ACTIVE,P4
S00310,2025-01-24,SUSPENDED,P4
S01489,2025-02-20,SUSPENDED,P2
S00026,2025-02-19,CANCELLED,P1
S00791,2025-02-05,SUSPENDED,P3
S01652,2025-02-09,SUSPENDED,P4
S00965,2025-01-02,ACTIVE,P3
S01121,2025-01-08,SUSPENDED,P3
S01798,2025-02-20,CANCELLED,P1
S00910,2025-01-04,SUSPENDED,P2
S01835,2025-02-23,CANCELLED,P3
S00014,2025-02-07,ACTIVE,P2
S01561,2025-02-19,CANCELLED,P3
S00402,2025-01-16,SUSPENDED,P2
S00680,2025-01-14,ACTIVE,P3
S01343,2025-02-20,ACTIVE,P2
S00257,2025-02-21,SUSPENDED,P3
S00659,2025-01-27,ACTIVE,P1
S00650,2025-01-02,CANCELLED,P4
S00512,2025-02-27,SUSPENDED,P4
S01716,2025-01-15,CANCELLED,P2
S00906,2025-01-27,ACTIVE,P3
S00689,2025-02-05,SUSPENDED,P2
S01656,2025-01-25,CANCELLED,P2
S01556,2025-02-27,CANCELLED,P2
S01609,2025-02-20,SUSPENDED,P4
S01809,2025-02-17,SUSPENDED,P1
S01048,2025-01-03,CANCELLED,P4
S00317,2025-02-21,SUSPENDED,P3
S00314,2025-02-15,CANCELLED,P3
S01646,2025-02-20,ACTIVE,P3
S01300,2025-02-13,ACTIVE,P2
S01718,2025-01-05,SUSPENDED,P4
S00765,2025-02-02,CANCELLED,P1
S01458,2025-01-08,CANCELLED,P3
S01484,2025-02-08,ACTIVE,P3
S00533,2025-01-17,ACTIVE,P1
S01496,2025-01-10,SUSPENDED,P4
S01343,2025-02-23,CANCELLED,P3
S00315,2025-01-16,ACTIVE,P2
S01763,2025-01-10,CANCELLED,P2
S00566,2025-01-22,ACTIVE,P3
S01225,2025-01-28,ACTIVE,P3
S00256,2025-02-04,CANCELLED,P3
S00721,2025-01-12,CANCELLED,P4
S01777,2025-02-17,CANCELLED,P2
S00935,2025-01-18,CANCELLED,P3
S01703,2025-01-13,SUSPENDED,P4
S00976,2025-02-12,ACTIVE,P2
S00567,2025-02-06,CANCELLED,P2
S00800,2025-02-03,ACTIVE,P1
S01857,2025-01-03,ACTIVE,P2
S01711,2025-02-16,ACTIVE,P1
S01007,2025-02-16,CANCELLED,P4
S00560,2025-01-06,SUSPENDED,P3
S00325,2025-01-14,CANCELLED,P2
S01063,2025-01-17,SUSPENDED,P2
S00829,2025-02-24,SUSPENDED,P4
S01248,2025-01-05,ACTIVE,P1
S01382,2025-02-09,CANCELLED,P1
S01910,2025-02-10,ACTIVE,P1
S01821,2025-01-11,CANCELLED,P4
S00776,2025-01-04,SUSPENDED,P1
S00954,2025-01-06,ACTIVE,P1
S01001,2025-01-02,CANCELLED,P2
S01816,2025-01-17,SUSPENDED,P4
S00368,2025-01-12,ACTIVE,P2
S00386,2025-01-27,CANCELLED,P3
S01716,2025-01-27,CANCELLED,P1
S00800,2025-02-26,ACTIVE,P3
S01109,2025-02-24,CANCELLED,P3
S01521,2025-02-16,ACTIVE,P1
S00634,2025-01-13,SUSPENDED,P1
S01182,2025-01-14,CANCELLED,P3
S01181,2025-01-10,ACTIVE,P4
S01171,2025-02-24,SUSPENDED,P2
S00219,2025-01-19,ACTIVE,P1
S01945,2025-01-08,SUSPENDED,P2
S00362,2025-02-03,SUSPENDED,P2
S01115,2025-01-28,CANCELLED,P2
S01217,2025-01-16,CANCELLED,P4
S00539,2025-02-14,CANCELLED,P3
S01836,2025-02-14,CANCELLED,P2
S00965,2025-02-10,SUSPENDED,P3
S01838,2025-02-02,CANCELLED,P4
S01398,2025-01-26,ACTIVE,P1
S00451,2025-01-13,SUSPENDED,P1
S00203,2025-01-26,CANCELLED,P3
S01280,2025-01-09,CANCELLED,P3
S01712,2025-01-06,ACTIVE,P3
S00084,2025-02-20,ACTIVE,P4
S00138,2025-01-08,ACTIVE,P3
S01534,2025-01-11,ACTIVE,P1
S01156,2025-01-26,ACTIVE,P2
S01250,2025-01-13,ACTIVE,P4
S01952,2025-01-25,SUSPENDED,P1
S01266,2025-01-23,CANCELLED,P1
S00273,2025-02-07,SUSPENDED,P1
S00939,2025-02-28,SUSPENDED,P3
S01818,2025-01-08,CANCELLED,P4
S01379,2025-01-12,SUSPENDED,P3
S00524,2025-02-21,CANCELLED,P2
S00787,2025-02-03,ACTIVE,P4
S01191,2025-01-10,SUSPENDED,P3
S01091,2025-01-04,CANCELLED,P2
S00404,2025-01-15,ACTIVE,P2
S00273,2025-02-10,CANCELLED,P2
S00053,2025-02-10,CANCELLED,P1
S00034,2025-02-26,ACTIVE,P2
S01078,2025-01-28,SUSPENDED,P4
S01111,2025-01-03,ACTIVE,P4
S00944,2025-01-04,CANCELLED,P4
S00472,2025-02-18,ACTIVE,P4
S00965,2025-01-12,SUSPENDED,P3
S01827,2025-01-11,CANCELLED,P1
