subscription_id,cycle,data_mb_total,voice_min_total
S00139,2025-02,31008.9,3235
S00139,2025-03,2739.2,2175
S00214,2025-02,15365.7,121
S00214,2025-03,1217.2,844
S00516,2025-02,3350.6,331
S00516,2025-03,1633.6,1840
S01928,2025-02,30203.6,2777
S01928,2025-03,23998.2,1240
S01649,2025-02,15293.5,2129
S01649,2025-03,13600.1,824
S00146,2025-02,26683.8,67
S00146,2025-03,5394.3,2579
S01912,2025-02,33212.8,287
S01912,2025-03,26080.1,3092
S00894,2025-02,28753.4,1590
S00894,2025-03,20210.8,1914
S01437,2025-02,7610.6,3302
S01437,2025-03,16324.8,3576
S00545,2025-02,34972.1,3186
S00545,2025-03,13363.9,2970
S01478,2025-02,11049.2,3467
S01478,2025-03,18361.0,1053
S01907,2025-02,8063.2,1621
S01907,2025-03,1238.2,3288
S00976,2025-02,21776.1,1956
S00976,2025-03,12206.9,3878
S01952,2025-02,33549.5,1521
S01952,2025-03,16928.6,3746
S01507,2025-02,25527.2,2381
S01507,2025-03,21801.4,3827
S00195,2025-02,37067.8,3250
S00195,2025-03,17474.7,2154
S01290,2025-02,17362.1,3891
S01290,2025-03,11862.7,2757
S01782,2025-02,20592.1,1994
S01782,2025-03,28738.0,2719
S00767,2025-02,25359.8,2013
S00767,2025-03,3817.4,2390
S01566,2025-02,5653.7,2700
S01566,2025-03,23518.7,3090
S00452,2025-02,19134.8,2016
S00452,2025-03,36156.0,1574
S01394,2025-02,12587.8,2968
S01394,2025-03,15251.2,1823
S00780,2025-02,17385.4,2205
S00780,2025-03,2810.6,1102
S00619,2025-02,16865.2,1938
S00619,2025-03,27355.1,1589
S00374,2025-02,11734.7,2415
S00374,2025-03,1104.8,3623
S00275,2025-02,24738.3,902
S00275,2025-03,20288.9,3331
S01305,2025-02,23930.6,3130
S01305,2025-03,29071.5,3117
S00256,2025-02,2177.8,1958
S00256,2025-03,5587.4,3157
S01293,2025-02,36335.2,3610
S01293,2025-03,580.3,1982
S01814,2025-02,7704.5,2369
S01814,2025-03,1910.3,3733
S01684,2025-02,1005.7,1509
S01684,2025-03,23439.0,690
S00154,2025-02,32549.0,1126
S00154,2025-03,32823.6,3028
S01991,2025-02,38250.1,2986
S01991,2025-03,37991.9,3493
S00298,2025-02,34398.9,1392
S00298,2025-03,20000.1,2605
S01865,2025-02,33925.1,667
S01865,2025-03,37165.7,3429
S01324,2025-02,37482.9,3890
S01324,2025-03,26225.3,2867
S00522,2025-02,22864.4,170
S00522,2025-03,11227.5,1568
S00504,2025-02,24482.5,1676
S00504,2025-03,27628.9,3316
S01350,2025-02,20337.3,2230
S01350,2025-03,23025.6,3883
S00204,2025-02,38291.3,1653
S00204,2025-03,10751.7,274
S00966,2025-02,28131.3,1120
S00966,2025-03,8514.0,2968
S00610,2025-02,4567.5,2882
S00610,2025-03,31208.5,954
S01357,2025-02,31794.5,530
S01357,2025-03,5256.9,717
S01091,2025-02,9196.1,3998
S01091,2025-03,18453.0,1945
S01707,2025-02,30455.9,976
S01707,2025-03,2990.7,283
S00902,2025-02,36963.3,519
S00902,2025-03,8264.9,3911
S01216,2025-02,34837.6,3911
S01216,2025-03,29139.2,773
S00613,2025-02,14489.8,904
S00613,2025-03,39921.3,2739
S01726,2025-02,33402.6,3972
S01726,2025-03,37569.4,2880
S01377,2025-02,21945.9,2480
S01377,2025-03,12752.1,609
S01329,2025-02,33471.5,3913
S01329,2025-03,30745.8,2232
S01795,2025-02,13700.2,1465
S01795,2025-03,2052.8,627
S01913,2025-02,24633.0,3770
S01913,2025-03,6171.4,544
S01367,2025-02,13322.6,2894
S01367,2025-03,29743.9,2847
S00396,2025-02,27995.9,337
S00396,2025-03,15689.9,2867
S01686,2025-02,29501.0,1035
S01686,2025-03,11329.6,2632
S00193,2025-02,4051.5,1111
S00193,2025-03,32341.0,552
S01146,2025-02,25475.1,1615
S01146,2025-03,39145.0,211
S00399,2025-02,25945.0,1434
S00399,2025-03,7605.4,94
S01896,2025-02,25643.3,708
S01896,2025-03,12643.6,1898
S00835,2025-02,23615.6,3103
S00835,2025-03,6954.7,2084
S01221,2025-02,36534.8,2277
S01221,2025-03,7982.4,3296
S01241,2025-02,26375.4,2770
S01241,2025-03,908.9,2241
S01644,2025-02,563.3,2071
S01644,2025-03,39349.3,3011
S00324,2025-02,11537.1,3416
S00324,2025-03,32057.3,1141
S00068,2025-02,33760.3,101
S00068,2025-03,7333.0,868
S00820,2025-02,25479.3,1371
S00820,2025-03,32897.7,3757
S01748,2025-02,30012.2,682
S01748,2025-03,29002.7,1993
S00874,2025-02,4742.4,1290
S00874,2025-03,36470.4,996
S01431,2025-02,19604.8,2276
S01431,2025-03,14052.8,507
S01366,2025-02,2796.7,3078
S01366,2025-03,19527.6,1406
S00651,2025-02,4588.2,2007
S00651,2025-03,29778.1,2975
S00467,2025-02,1305.6,1177
S00467,2025-03,9522.3,597
S00568,2025-02,22104.8,377
S00568,2025-03,12996.9,2056
S01168,2025-02,10437.8,3946
S01168,2025-03,3057.1,1279
S01206,2025-02,1424.4,3306
S01206,2025-03,34272.0,2466
S01439,2025-02,15844.2,1010
S01439,2025-03,27061.6,2650
S01579,2025-02,15821.4,3676
S01579,2025-03,3320.5,3729
S01191,2025-02,31794.8,2797
S01191,2025-03,7433.0,3574
S00385,2025-02,22007.2,2433
S00385,2025-03,9067.2,100
S00054,2025-02,4798.6,2392
S00054,2025-03,39780.2,1963
S00567,2025-02,29376.5,3383
S00567,2025-03,15727.1,2821
S01076,2025-02,31484.0,2307
S01076,2025-03,39758.7,3840
S00622,2025-02,15777.8,3024
S00622,2025-03,32661.6,222
S01356,2025-02,30616.2,475
S01356,2025-03,4490.9,1117
S01665,2025-02,5147.1,1187
S01665,2025-03,38941.4,3770
S01454,2025-02,14328.3,280
S01454,2025-03,19145.1,1602
S00740,2025-02,28941.7,3873
S00740,2025-03,18471.5,658
S01800,2025-02,35263.7,2012
S01800,2025-03,10946.9,3532
S00163,2025-02,6811.7,2050
S00163,2025-03,21880.2,783
S00372,2025-02,11706.0,115
S00372,2025-03,11977.7,3124
S01335,2025-02,37544.1,3354
S01335,2025-03,33629.0,2651
S00804,2025-02,17574.6,139
S00804,2025-03,20076.2,3066
S01213,2025-02,15574.5,2370
S01213,2025-03,15836.3,2749
S00258,2025-02,19784.9,1617
S00258,2025-03,15070.1,3890
S00353,2025-02,19440.3,3028
S00353,2025-03,3679.1,2023
S00285,2025-02,21874.9,72
S00285,2025-03,8509.9,3692
S00627,2025-02,32636.8,892
S00627,2025-03,37421.6,2934
S00791,2025-02,13186.8,2221
S00791,2025-03,25986.7,2306
S00963,2025-02,18684.9,1342
S00963,2025-03,2787.4,1331
S00769,2025-02,38179.2,3230
S00769,2025-03,25395.9,1688
S01970,2025-02,17330.6,3739
S01970,2025-03,37700.6,3963
S01933,2025-02,16955.7,1080
S01933,2025-03,39149.7,1594
S01193,2025-02,27601.9,2391
S01193,2025-03,5736.6,1295
S01843,2025-02,15754.9,2590
S01843,2025-03,11799.9,2932
S01451,2025-02,37140.1,2741
S01451,2025-03,6994.4,2526
S01959,2025-02,39777.7,998
S01959,2025-03,3519.4,222
S00370,2025-02,18548.5,590
S00370,2025-03,10989.6,428
S01349,2025-02,2909.4,2508
S01349,2025-03,8970.9,1060
S01079,2025-02,27759.8,3645
S01079,2025-03,26048.1,1378
S01238,2025-02,8739.6,2255
S01238,2025-03,25298.1,298
S01678,2025-02,19880.7,3233
S01678,2025-03,32106.1,1943
S00458,2025-02,22757.2,3283
S00458,2025-03,24896.4,2208
S01498,2025-02,5211.9,3226
S01498,2025-03,39505.3,3700
S01020,2025-02,14435.5,3900
S01020,2025-03,31311.0,2633
S01746,2025-02,10369.0,3391
S01746,2025-03,29653.4,3805
S01832,2025-02,27820.1,388
S01832,2025-03,2054.7,3718
S01014,2025-02,8665.1,2578
S01014,2025-03,16833.6,438
S00945,2025-02,1318.8,2256
S00945,2025-03,9457.6,3318
S01225,2025-02,12218.9,2137
S01225,2025-03,17889.2,2611
S00069,2025-02,4309.2,1323
S00069,2025-03,10833.0,378
S00861,2025-02,15500.7,3150
S00861,2025-03,3051.3,1534
S00485,2025-02,24287.1,2931
S00485,2025-03,8836.2,1815
S00207,2025-02,15257.4,3508
S00207,2025-03,647.4,3758
S00117,2025-02,32111.3,3947
S00117,2025-03,17787.6,1086
S01001,2025-02,20019.8,2523
S01001,2025-03,19257.1,2010
S00824,2025-02,1538.2,2367
S00824,2025-03,39491.7,2700
S01847,2025-02,14833.5,2886
S01847,2025-03,32126.7,1162
S00735,2025-02,4659.2,1487
S00735,2025-03,2576.0,2600
S00590,2025-02,12133.2,602
S00590,2025-03,16830.0,653
S00547,2025-02,14118.9,1382
S00547,2025-03,39042.0,2781
S01884,2025-02,23777.8,2204
S01884,2025-03,23551.0,228
S01813,2025-02,875.3,1064
S01813,2025-03,29673.6,1294
S00294,2025-02,8000.2,879
S00294,2025-03,8068.9,404
S00456,2025-02,36798.5,2000
S00456,2025-03,35178.7,2407
S01298,2025-02,37160.1,1127
S01298,2025-03,4620.8,452
S00008,2025-02,39918.1,612
S00008,2025-03,18523.4,1422
S01807,2025-02,13646.9,3655
S01807,2025-03,35171.1,3926
S00958,2025-02,1803.1,3240
S00958,2025-03,14356.3,3064
S01132,2025-02,3032.9,576
S01132,2025-03,8174.5,1340
S00915,2025-02,11888.2,2844
S00915,2025-03,9227.1,1742
S00302,2025-02,36437.3,1556
S00302,2025-03,6313.0,1639
S00151,2025-02,23151.0,1542
S00151,2025-03,36617.2,3648
S01342,2025-02,22540.8,1825
S01342,2025-03,13671.1,2011
S00689,2025-02,22669.2,2468
S00689,2025-03,33097.4,3599
S00569,2025-02,28581.2,633
S00569,2025-03,18490.6,193
S01623,2025-02,28249.5,628
S01623,2025-03,27464.5,3065
S01955,2025-02,18394.9,825
S01955,2025-03,18395.7,3696
S01634,2025-02,18818.0,2921
S01634,2025-03,19953.2,320
S00326,2025-02,22203.2,2324
S00326,2025-03,16698.1,3610
S01410,2025-02,13929.5,659
S01410,2025-03,8135.3,2091
S01318,2025-02,20400.1,931
S01318,2025-03,13843.1,2475
S01645,2025-02,23222.5,1460
S01645,2025-03,38204.4,2350
S01609,2025-02,5407.1,1734
S01609,2025-03,12093.3,3961
S01184,2025-02,36704.1,3666
S01184,2025-03,18329.3,406
S01462,2025-02,33604.7,1107
S01462,2025-03,6125.5,2788
S01405,2025-02,23799.6,1989
S01405,2025-03,14164.1,768
S00497,2025-02,2793.9,3213
S00497,2025-03,6223.1,3597
S00939,2025-02,31091.4,111
S00939,2025-03,30967.8,2906
S00121,2025-02,35221.9,2026
S00121,2025-03,18731.0,281
S01317,2025-02,4402.7,578
S01317,2025-03,8631.0,1260
S00097,2025-02,28471.7,868
S00097,2025-03,15441.8,3428
S00243,2025-02,1148.0,646
S00243,2025-03,16702.7,3496
S00494,2025-02,26541.6,349
S00494,2025-03,2575.4,3064
S01971,2025-02,2756.6,556
S01971,2025-03,19797.1,1729
S01519,2025-02,781.6,3269
S01519,2025-03,31179.9,854
S01835,2025-02,28416.1,3281
S01835,2025-03,15387.3,3532
S01229,2025-02,16584.6,1971
S01229,2025-03,23706.6,3525
S01382,2025-02,12373.3,2637
S01382,2025-03,9527.9,855
S00244,2025-02,733.4,2614
S00244,2025-03,36112.0,2226
S00170,2025-02,24298.2,3250
S00170,2025-03,5137.6,2713
S00798,2025-02,23069.4,2562
S00798,2025-03,30292.8,171
S01433,2025-02,35180.0,3525
S01433,2025-03,19837.7,1635
S01143,2025-02,30516.5,1380
S01143,2025-03,9115.5,2186
S00727,2025-02,7896.0,2503
S00727,2025-03,36294.8,1077
S01702,2025-02,18611.1,2245
S01702,2025-03,12503.7,897
S00281,2025-02,7183.6,3959
S00281,2025-03,31166.6,1469
S00332,2025-02,2710.7,2134
S00332,2025-03,36591.1,3227
S01268,2025-02,4319.9,2357
S01268,2025-03,36904.4,2054
S00034,2025-02,18711.0,2011
S00034,2025-03,21096.6,719
S00104,2025-02,6851.5,1491
S00104,2025-03,32787.7,3800
S00300,2025-02,32427.6,3692
S00300,2025-03,25589.5,3818
S00457,2025-02,14012.0,1665
S00457,2025-03,22778.5,3146
S00186,2025-02,6286.9,3793
S00186,2025-03,33815.6,3843
S01315,2025-02,22065.1,1172
S01315,2025-03,29691.3,1893
S01282,2025-02,27592.8,1524
S01282,2025-03,16299.6,1233
S01820,2025-02,847.8,2659
S01820,2025-03,4554.0,769
S00921,2025-02,19194.4,3772
S00921,2025-03,1108.5,361
S00700,2025-02,1499.6,2279
S00700,2025-03,19478.7,2727
S00442,2025-02,16465.6,3678
S00442,2025-03,19603.2,141
S01174,2025-02,35055.0,2009
S01174,2025-03,7401.1,284
S01491,2025-02,15556.1,81
S01491,2025-03,19910.3,2856
S01544,2025-02,15392.3,1279
S01544,2025-03,39862.0,3023
S01605,2025-02,37176.0,2922
S01605,2025-03,14503.0,3890
S01882,2025-02,10404.8,2072
S01882,2025-03,8937.9,979
S01765,2025-02,5378.6,3323
S01765,2025-03,21353.7,2308
S01250,2025-02,18152.0,1579
S01250,2025-03,13327.1,3785
S00827,2025-02,37314.2,652
S00827,2025-03,7532.1,1580
S00145,2025-02,22531.7,3691
S00145,2025-03,13422.9,3330
S00519,2025-02,1004.9,1585
S00519,2025-03,22480.2,1167
S01108,2025-02,25565.6,905
S01108,2025-03,29092.5,2839
S01625,2025-02,18290.0,3422
S01625,2025-03,16265.3,1040
S01704,2025-02,33109.9,392
S01704,2025-03,13749.8,2382
S01228,2025-02,1937.4,2705
S01228,2025-03,4382.8,1725
S01021,2025-02,20663.1,730
S01021,2025-03,1324.8,3594
S00083,2025-02,4643.3,129
S00083,2025-03,2037.0,3634
S01668,2025-02,33612.8,2055
S01668,2025-03,32214.4,2762
S00649,2025-02,23987.0,3601
S00649,2025-03,34625.8,1204
S01057,2025-02,35061.7,1968
S01057,2025-03,2476.0,2940
S00890,2025-02,19659.7,252
S00890,2025-03,1790.1,1677
S01460,2025-02,17872.5,1115
S01460,2025-03,30863.0,222
S01486,2025-02,36671.3,133
S01486,2025-03,21509.7,3332
S01867,2025-02,4639.4,620
S01867,2025-03,11085.5,3433
S00344,2025-02,13963.0,2283
S00344,2025-03,30985.5,3498
S01352,2025-02,7573.9,107
S01352,2025-03,824.2,141
S00203,2025-02,27188.5,2321
S00203,2025-03,13319.6,1841
S00844,2025-02,21154.6,3217
S00844,2025-03,19793.6,2606
S01783,2025-02,20924.0,3892
S01783,2025-03,31674.9,310
S01015,2025-02,18948.8,2966
S01015,2025-03,10030.6,3841
S00919,2025-02,35658.3,3373
S00919,2025-03,6420.4,2856
S01632,2025-02,23567.1,394
S01632,2025-03,29328.8,1211
S01923,2025-02,802.3,203
S01923,2025-03,19132.0,1787
S00361,2025-02,6203.3,1034
S00361,2025-03,22645.8,1547
S00682,2025-02,12068.7,2566
S00682,2025-03,10882.3,2346
S01230,2025-02,38498.4,2202
S01230,2025-03,26744.3,1989
S01038,2025-02,856.9,2007
S01038,2025-03,16608.1,2591
S01465,2025-02,37025.3,1662
S01465,2025-03,13287.2,1722
S00098,2025-02,13710.3,2578
S00098,2025-03,14648.9,696
S01864,2025-02,4334.2,2272
S01864,2025-03,27674.3,2624
S01679,2025-02,4722.1,1440
S01679,2025-03,28367.1,1972
S00172,2025-02,37541.0,841
S00172,2025-03,2335.3,2724
S00355,2025-02,33517.2,3768
S00355,2025-03,3104.2,3406
S01389,2025-02,11801.1,3525
S01389,2025-03,10700.7,2704
S01752,2025-02,7392.1,2137
S01752,2025-03,31426.3,1289
S00559,2025-02,25076.9,1771
S00559,2025-03,37472.2,271
S01030,2025-02,6838.3,3615
S01030,2025-03,34642.6,2193
S01817,2025-02,4447.7,2553
S01817,2025-03,36670.1,2314
S01197,2025-02,2839.3,3191
S01197,2025-03,7338.8,359
S00905,2025-02,10622.7,1105
S00905,2025-03,36641.4,1158
S00492,2025-02,36341.8,3806
S00492,2025-03,2069.2,1387
S01604,2025-02,34089.2,1808
S01604,2025-03,13849.4,3292
S00587,2025-02,15022.7,643
S00587,2025-03,22866.4,2301
S00952,2025-02,11120.5,903
S00952,2025-03,21811.6,1489
S00797,2025-02,13313.7,2356
S00797,2025-03,38071.6,1132
S01675,2025-02,37521.0,1288
S01675,2025-03,25774.9,603
S01074,2025-02,12569.5,2542
S01074,2025-03,39416.3,2533
S01028,2025-02,3732.9,2119
S01028,2025-03,28853.0,3691
S01758,2025-02,26918.0,3610
S01758,2025-03,4177.1,2029
S01073,2025-02,32707.7,2941
S01073,2025-03,22036.8,1160
S00109,2025-02,23673.5,3970
S00109,2025-03,25844.5,2646
S01839,2025-02,31142.0,1206
S01839,2025-03,925.5,3632
S01286,2025-02,30310.4,3771
S01286,2025-03,12412.1,1125
S01326,2025-02,14941.1,2832
S01326,2025-03,23590.9,661
S01742,2025-02,37078.1,3879
S01742,2025-03,32597.1,2076
S01922,2025-02,21158.5,1475
S01922,2025-03,24046.8,2885
S00013,2025-02,22399.4,1812
S00013,2025-03,35473.1,542
S00526,2025-02,1915.9,3129
S00526,2025-03,35238.4,963
S01513,2025-02,19991.6,2930
S01513,2025-03,28683.1,215
S00802,2025-02,2062.4,2479
S00802,2025-03,4204.6,3486
S01851,2025-02,8520.2,1460
S01851,2025-03,16441.8,1070
S01935,2025-02,39710.8,2628
S01935,2025-03,3159.8,3154
S00515,2025-02,20311.5,1334
S00515,2025-03,28952.5,981
S01077,2025-02,7897.2,3825
S01077,2025-03,25450.1,1408
S01129,2025-02,18548.3,3035
S01129,2025-03,1676.2,1180
S01714,2025-02,6503.3,1880
S01714,2025-03,10920.4,2041
S00162,2025-02,36664.9,1007
S00162,2025-03,2951.2,2099
S01997,2025-02,22571.0,3027
S01997,2025-03,32261.6,3292
S01061,2025-02,29931.6,3740
S01061,2025-03,18211.4,2101
S01106,2025-02,26740.3,605
S01106,2025-03,5326.0,1683
S00718,2025-02,9503.4,1386
S00718,2025-03,6581.1,3049
S01434,2025-02,14796.8,1908
S01434,2025-03,36786.3,3680
S00739,2025-02,38698.0,2352
S00739,2025-03,31540.3,1036
S01929,2025-02,39525.3,2488
S01929,2025-03,5665.1,2670
S01296,2025-02,21635.1,161
S01296,2025-03,2150.4,1244
S00412,2025-02,12332.8,3710
S00412,2025-03,1634.7,975
S01846,2025-02,5161.6,2540
S01846,2025-03,27114.7,2719
S00599,2025-02,13381.7,3059
S00599,2025-03,34877.1,3554
S00175,2025-02,28541.6,3587
S00175,2025-03,16910.2,3998
S00528,2025-02,6967.3,1265
S00528,2025-03,19570.3,2931
S00282,2025-02,24961.0,746
S00282,2025-03,17323.3,1007
S01868,2025-02,13516.0,2753
S01868,2025-03,6443.2,843
S01831,2025-02,23739.1,906
S01831,2025-03,21162.3,1695
S00426,2025-02,38907.5,1828
S00426,2025-03,29692.2,283
S00605,2025-02,32760.7,1171
S00605,2025-03,31441.1,172
S00409,2025-02,36626.4,1956
S00409,2025-03,5578.6,2801
S00794,2025-02,812.6,175
S00794,2025-03,21533.9,2694
S00716,2025-02,36843.1,252
S00716,2025-03,32473.0,2512
S01309,2025-02,37433.8,3181
S01309,2025-03,18658.2,190
S01586,2025-02,7588.0,390
S01586,2025-03,15333.1,1467
S00985,2025-02,35356.4,1427
S00985,2025-03,866.6,2613
S00414,2025-02,15654.0,3649
S00414,2025-03,18032.5,3384
S00321,2025-02,15908.2,3178
S00321,2025-03,19165.5,3632
S00280,2025-02,27700.3,3139
S00280,2025-03,2235.3,3511
S01306,2025-02,15532.6,3210
S01306,2025-03,29180.0,1880
S00200,2025-02,11686.7,273
S00200,2025-03,25655.3,985
S01304,2025-02,10986.8,2836
S01304,2025-03,21079.1,689
S00947,2025-02,35656.1,1517
S00947,2025-03,39138.4,1189
S01711,2025-02,25276.7,1764
S01711,2025-03,38888.8,2172
S00131,2025-02,39677.1,3001
S00131,2025-03,2070.2,2387
S00434,2025-02,11894.6,2701
S00434,2025-03,4372.4,2701
S00333,2025-02,11046.4,1359
S00333,2025-03,26764.1,2261
S01295,2025-02,22156.2,892
S01295,2025-03,23714.2,2444
S01777,2025-02,9643.0,1652
S01777,2025-03,27300.1,3320
S01700,2025-02,10216.1,1047
S01700,2025-03,37404.1,2579
S00686,2025-02,31579.8,851
S00686,2025-03,19979.0,1822
S01138,2025-02,16929.3,2324
S01138,2025-03,19398.0,815
S01543,2025-02,24498.9,916
S01543,2025-03,20916.1,2612
S00327,2025-02,37947.2,3058
S00327,2025-03,35587.3,776
S01712,2025-02,23774.4,1207
S01712,2025-03,6923.2,3931
S00334,2025-02,36913.1,3743
S00334,2025-03,5361.4,2175
S00719,2025-02,37291.2,2732
S00719,2025-03,20132.9,484
S01263,2025-02,20371.1,3737
S01263,2025-03,17063.3,3549
S01092,2025-02,11825.3,2536
S01092,2025-03,29163.6,2488
S00490,2025-02,3213.2,3751
S00490,2025-03,27941.7,541
S00382,2025-02,8686.9,376
S00382,2025-03,13344.6,3281
S00283,2025-02,3451.0,3965
S00283,2025-03,33024.4,795
S00940,2025-02,28212.1,1790
S00940,2025-03,30207.1,108
S01417,2025-02,7134.3,884
S01417,2025-03,14807.4,3847
S01797,2025-02,21182.3,1398
S01797,2025-03,6528.7,2597
S01898,2025-02,6086.4,1952
S01898,2025-03,24399.4,2088
S01301,2025-02,35659.0,3244
S01301,2025-03,17724.0,3300
S01441,2025-02,28246.5,2642
S01441,2025-03,38535.8,2521
S00709,2025-02,6944.2,1910
S00709,2025-03,36111.7,2398
S00566,2025-02,17195.4,2618
S00566,2025-03,39641.1,2011
S01214,2025-02,37952.8,3236
S01214,2025-03,15812.2,2551
S00165,2025-02,1569.6,57
S00165,2025-03,17840.0,3766
S00593,2025-02,26362.7,3123
S00593,2025-03,27058.3,1947
S01502,2025-02,10203.9,2555
S01502,2025-03,9301.3,2392
S00287,2025-02,1404.7,2433
S00287,2025-03,9502.8,3625
S00128,2025-02,7048.0,3986
S00128,2025-03,607.8,1461
S00541,2025-02,37244.5,3726
S00541,2025-03,18275.4,428
S00784,2025-02,14457.2,1960
S00784,2025-03,28726.9,1468
S00981,2025-02,5391.1,3362
S00981,2025-03,39122.2,379
S00760,2025-02,27772.7,2524
S00760,2025-03,1905.7,2520
S00863,2025-02,9091.7,2297
S00863,2025-03,27486.0,2764
S00751,2025-02,30609.9,395
S00751,2025-03,11552.4,1859
S01096,2025-02,3262.4,3710
S01096,2025-03,24091.4,3320
S00551,2025-02,22464.3,247
S00551,2025-03,22952.3,2186
S01192,2025-02,14717.6,3062
S01192,2025-03,2536.3,3030
S01894,2025-02,9175.0,1412
S01894,2025-03,29174.9,3912
S00271,2025-02,27295.1,1895
S00271,2025-03,7621.7,3396
S01743,2025-02,26300.9,1467
S01743,2025-03,26371.8,2612
S01056,2025-02,17903.0,3372
S01056,2025-03,18381.1,2780
S00644,2025-02,24514.3,736
S00644,2025-03,6862.3,3372
S00603,2025-02,28904.9,569
S00603,2025-03,24317.2,2338
S00474,2025-02,27355.9,1350
S00474,2025-03,21925.1,1361
S01127,2025-02,3036.8,788
S01127,2025-03,25158.8,2946
S01151,2025-02,12432.8,2439
S01151,2025-03,19322.5,1151
S01262,2025-02,23018.8,407
S01262,2025-03,7098.9,2005
S01185,2025-02,23286.5,2148
S01185,2025-03,27383.3,1971
S00262,2025-02,25096.7,2908
S00262,2025-03,2251.2,2217
S00184,2025-02,2439.5,1678
S00184,2025-03,11782.8,2135
S01111,2025-02,32456.2,248
S01111,2025-03,37511.7,1522
S01764,2025-02,36481.1,2966
S01764,2025-03,20440.5,2181
S00927,2025-02,31343.8,1677
S00927,2025-03,30642.7,602
S00604,2025-02,20982.9,3196
S00604,2025-03,33937.8,1860
S00134,2025-02,17630.9,1232
S00134,2025-03,11665.0,2927
S00329,2025-02,23193.0,508
S00329,2025-03,31602.8,1621
S01530,2025-02,33693.9,2999
S01530,2025-03,8139.1,2838
S01119,2025-02,37098.3,307
S01119,2025-03,6162.6,2596
S00683,2025-02,32202.0,3868
S00683,2025-03,26556.7,3142
S01403,2025-02,551.5,1334
S01403,2025-03,28557.2,265
S01718,2025-02,7708.9,2289
S01718,2025-03,30719.4,1403
S00405,2025-02,37686.8,1630
S00405,2025-03,26744.9,1069
S00341,2025-02,34423.5,480
S00341,2025-03,29528.6,3352
S01113,2025-02,11817.3,3193
S01113,2025-03,27400.0,229
S01732,2025-02,33855.5,3102
S01732,2025-03,16118.2,3686
S00765,2025-02,14238.7,2802
S00765,2025-03,6200.1,850
S00695,2025-02,21678.5,3696
S00695,2025-03,36055.8,3957
S01715,2025-02,4271.5,3104
S01715,2025-03,32032.8,562
S01568,2025-02,19084.8,2206
S01568,2025-03,20941.4,2038
S00219,2025-02,12204.0,62
S00219,2025-03,27999.5,562
S00147,2025-02,37760.0,1140
S00147,2025-03,28141.1,927
S00245,2025-02,25202.7,2214
S00245,2025-03,2654.9,3851
S01011,2025-02,20672.9,1913
S01011,2025-03,9514.8,586
S00692,2025-02,4979.0,2289
S00692,2025-03,23068.7,1681
S01967,2025-02,5951.6,3669
S01967,2025-03,7700.2,1247
S01888,2025-02,35504.4,1989
S01888,2025-03,6822.7,263
S01488,2025-02,31754.0,3508
S01488,2025-03,31115.7,1401
S01490,2025-02,36671.3,2642
S01490,2025-03,30501.1,1954
S01509,2025-02,13461.2,3204
S01509,2025-03,9214.5,3823
S01297,2025-02,595.2,2906
S01297,2025-03,18571.9,3741
S00052,2025-02,4672.5,312
S00052,2025-03,26860.3,1322
S01328,2025-02,34970.6,3078
S01328,2025-03,21420.6,3749
S00837,2025-02,37371.3,1090
S00837,2025-03,20809.1,1331
S01034,2025-02,21472.7,1329
S01034,2025-03,17915.0,2377
S01841,2025-02,17263.7,3260
S01841,2025-03,9562.6,3803
S00711,2025-02,6805.9,1113
S00711,2025-03,22403.2,566
S00190,2025-02,39112.5,3510
S00190,2025-03,33902.4,1962
S00440,2025-02,10962.4,3129
S00440,2025-03,36723.1,1386
S01140,2025-02,19038.0,1033
S01140,2025-03,23578.7,3317
S00505,2025-02,23938.2,652
S00505,2025-03,23559.6,1556
S01255,2025-02,34670.6,562
S01255,2025-03,11121.3,2616
S00276,2025-02,761.8,2844
S00276,2025-03,31147.8,483
S00446,2025-02,15137.8,3939
S00446,2025-03,12794.4,2947
S01090,2025-02,12011.7,1546
S01090,2025-03,35402.0,3504
S00173,2025-02,2152.4,3306
S00173,2025-03,21182.7,1120
S00473,2025-02,6253.2,1220
S00473,2025-03,3558.9,1947
S01690,2025-02,8875.5,1243
S01690,2025-03,3531.8,970
S01681,2025-02,32145.0,2840
S01681,2025-03,36474.0,300
S01767,2025-02,27032.6,3024
S01767,2025-03,11844.5,2168
S00573,2025-02,23287.0,209
S00573,2025-03,21374.6,1377
S01453,2025-02,4786.7,825
S01453,2025-03,16496.8,1665
S00557,2025-02,15199.3,1539
S00557,2025-03,2641.1,527
S00501,2025-02,30534.8,658
S00501,2025-03,16833.0,1155
S01075,2025-02,8313.3,2828
S01075,2025-03,38325.7,1754
S00965,2025-02,17580.8,697
S00965,2025-03,10176.4,2016
S00679,2025-02,26946.4,248
S00679,2025-03,3346.7,1231
S00141,2025-02,21008.9,468
S00141,2025-03,20580.3,2728
S00448,2025-02,30336.8,3338
S00448,2025-03,18496.5,3835
S01729,2025-02,16407.8,79
S01729,2025-03,28139.1,1670
S01022,2025-02,11208.4,2569
S01022,2025-03,596.7,1415
S01940,2025-02,1069.1,199
S01940,2025-03,33426.1,1615
S00182,2025-02,9476.8,3969
S00182,2025-03,24573.7,3390
S01458,2025-02,35498.9,3019
S01458,2025-03,2826.4,3934
S00592,2025-02,24292.4,1128
S00592,2025-03,38015.8,1501
S01697,2025-02,20383.7,2955
S01697,2025-03,8218.0,1704
S01483,2025-02,3720.0,1039
S01483,2025-03,2777.3,3965
S00051,2025-02,32898.9,3097
S00051,2025-03,37857.6,2359
S00486,2025-02,7904.2,2371
S00486,2025-03,12687.0,1169
S01639,2025-02,29820.7,2123
S01639,2025-03,19007.2,3239
S00916,2025-02,25673.3,75
S00916,2025-03,20671.1,2252
S00810,2025-02,14325.2,2947
S00810,2025-03,14483.9,291
S01542,2025-02,21177.5,94
S01542,2025-03,3406.5,710
S01209,2025-02,14050.2,1316
S01209,2025-03,29624.4,3405
S00118,2025-02,21758.3,3778
S00118,2025-03,13689.1,187
S00040,2025-02,29646.3,2073
S00040,2025-03,36047.4,1386
S00717,2025-02,31375.2,2796
S00717,2025-03,30177.9,2063
S00583,2025-02,16614.5,3426
S00583,2025-03,29293.6,2088
S01838,2025-02,19435.1,893
S01838,2025-03,11628.0,2260
S01418,2025-02,29582.0,3640
S01418,2025-03,8193.9,2143
S00611,2025-02,33128.7,2279
S00611,2025-03,13822.0,2780
S00156,2025-02,26301.6,1522
S00156,2025-03,31561.8,1589
S00362,2025-02,23308.2,1162
S00362,2025-03,5383.7,2283
S01202,2025-02,2940.3,3133
S01202,2025-03,9483.6,558
S00489,2025-02,31360.6,813
S00489,2025-03,34822.6,1308
S01770,2025-02,12149.7,3151
S01770,2025-03,5665.0,598
S01332,2025-02,5620.3,3084
S01332,2025-03,9782.6,2832
S00424,2025-02,34395.5,1310
S00424,2025-03,4377.3,3710
S00914,2025-02,14693.5,2472
S00914,2025-03,29998.6,2274
S00443,2025-02,15646.3,189
S00443,2025-03,8535.6,3429
S01982,2025-02,5115.3,1164
S01982,2025-03,9042.8,3813
S01308,2025-02,27620.9,3385
S01308,2025-03,25675.8,3870
S00638,2025-02,37369.7,3711
S00638,2025-03,39652.1,2348
S00313,2025-02,34742.5,3066
S00313,2025-03,38154.9,2047
S00734,2025-02,35645.4,555
S00734,2025-03,29578.6,2881
S00677,2025-02,38025.2,1669
S00677,2025-03,14060.4,3425
S01710,2025-02,16019.8,523
S01710,2025-03,26381.2,3811
S00671,2025-02,20904.8,2311
S00671,2025-03,3169.3,404
S00944,2025-02,27188.8,1374
S00944,2025-03,7760.3,435
S00800,2025-02,17010.2,2177
S00800,2025-03,18440.4,56
S01390,2025-02,29703.4,1707
S01390,2025-03,35425.1,3679
S01696,2025-02,37323.5,3560
S01696,2025-03,13054.9,1291
S00563,2025-02,14630.8,805
S00563,2025-03,15628.8,1105
S00705,2025-02,23260.2,2980
S00705,2025-03,24438.1,2940
S00562,2025-02,24277.7,2132
S00562,2025-03,11016.3,1970
S01427,2025-02,33152.6,669
S01427,2025-03,29232.3,464
S00123,2025-02,26523.3,526
S00123,2025-03,1253.0,622
S00342,2025-02,33818.9,3881
S00342,2025-03,30393.3,3653
S00977,2025-02,17943.0,506
S00977,2025-03,5889.2,3235
S01259,2025-02,14383.6,3041
S01259,2025-03,32820.0,913
S01600,2025-02,6083.0,878
S01600,2025-03,30762.7,1969
S01549,2025-02,2710.0,3681
S01549,2025-03,10686.6,2493
S00303,2025-02,11204.8,3899
S00303,2025-03,30166.4,2835
S00626,2025-02,39079.2,1915
S00626,2025-03,4483.3,3963
S00987,2025-02,24566.5,3899
S00987,2025-03,31663.8,2052
S00174,2025-02,20855.6,87
S00174,2025-03,13419.2,3382
S00249,2025-02,16247.2,3785
S00249,2025-03,26202.2,2200
S01267,2025-02,19275.2,3170
S01267,2025-03,5874.0,3440
S00107,2025-02,25750.2,3808
S00107,2025-03,19006.9,688
S01956,2025-02,34546.5,202
S01956,2025-03,29954.9,2378
S01761,2025-02,32493.6,1062
S01761,2025-03,39742.6,131
S00781,2025-02,23414.0,1801
S00781,2025-03,22429.5,3482
S00625,2025-02,4947.9,3870
S00625,2025-03,3280.7,3873
S00225,2025-02,630.1,860
S00225,2025-03,16107.7,1190
S00315,2025-02,12529.6,2426
S00315,2025-03,18589.0,3359
S00688,2025-02,12512.1,2755
S00688,2025-03,2482.7,486
S01964,2025-02,20283.4,169
S01964,2025-03,21383.8,2333
S01806,2025-02,39422.8,1632
S01806,2025-03,9715.7,1903
S00620,2025-02,36876.0,1533
S00620,2025-03,12232.2,3530
S00853,2025-02,21596.7,2495
S00853,2025-03,37139.3,1858
S01942,2025-02,27981.0,1858
S01942,2025-03,32040.0,272
S01799,2025-02,12089.8,1530
S01799,2025-03,1563.5,2324
S00218,2025-02,7641.9,2797
S00218,2025-03,22904.2,797
S00906,2025-02,14858.7,1837
S00906,2025-03,18794.1,1091
S00316,2025-02,6223.3,3259
S00316,2025-03,37097.4,1848
S01741,2025-02,19224.3,3968
S01741,2025-03,15132.8,1615
S01046,2025-02,21650.9,2978
S01046,2025-03,14092.1,108
S00928,2025-02,32341.9,1666
S00928,2025-03,37923.5,3278
S01319,2025-02,26244.4,2722
S01319,2025-03,26200.3,3327
S01926,2025-02,28191.7,156
S01926,2025-03,3262.1,2865
S01414,2025-02,16598.6,1878
S01414,2025-03,5555.6,2841
S00503,2025-02,36101.8,387
S00503,2025-03,13823.8,1793
S01353,2025-02,29305.5,3245
S01353,2025-03,10398.4,2968
S00323,2025-02,13436.0,1949
S00323,2025-03,26408.6,144
S01695,2025-02,9243.1,1699
S01695,2025-03,14480.3,1273
S00964,2025-02,5655.6,1532
S00964,2025-03,17394.6,1707
S00793,2025-02,4580.2,2632
S00793,2025-03,20151.3,3243
S01512,2025-02,5881.8,2162
S01512,2025-03,32971.0,2238
S00196,2025-02,1119.4,3418
S00196,2025-03,3796.0,387
S01583,2025-02,1917.7,1188
S01583,2025-03,9552.3,816
S01029,2025-02,7428.8,1259
S01029,2025-03,22830.7,2479
S00253,2025-02,26375.5,2749
S00253,2025-03,36875.0,466
S01500,2025-02,24364.1,514
S01500,2025-03,8519.4,3997
S01166,2025-02,32978.1,2365
S01166,2025-03,8998.0,2409
S01553,2025-02,16036.3,3412
S01553,2025-03,21518.0,2752
S00328,2025-02,32470.4,1236
S00328,2025-03,30299.4,3782
S00103,2025-02,2416.3,2597
S00103,2025-03,16653.0,2281
S00088,2025-02,2843.6,987
S00088,2025-03,9020.0,636
S00925,2025-02,34509.3,321
S00925,2025-03,3083.1,362
S00171,2025-02,22632.3,666
S00171,2025-03,28327.7,3333
S01792,2025-02,39304.3,3260
S01792,2025-03,35925.3,601
S01341,2025-02,17064.4,2515
S01341,2025-03,38652.1,1013
S01745,2025-02,7461.6,901
S01745,2025-03,27567.9,1362
S00642,2025-02,26265.0,2205
S00642,2025-03,38281.4,887
S01911,2025-02,32978.6,3347
S01911,2025-03,28152.2,676
S00338,2025-02,1683.5,1885
S00338,2025-03,22094.6,882
S00142,2025-02,685.2,587
S00142,2025-03,32663.1,700
S01985,2025-02,18456.6,3325
S01985,2025-03,24653.9,208
S01406,2025-02,9616.7,2820
S01406,2025-03,14686.4,3333
S01731,2025-02,9331.1,3763
S01731,2025-03,8030.0,2455
S00876,2025-02,34750.5,796
S00876,2025-03,21982.6,1053
S01624,2025-02,10237.0,2582
S01624,2025-03,17431.4,3683
S00667,2025-02,23640.9,2014
S00667,2025-03,22141.0,2101
S01369,2025-02,35861.5,1148
S01369,2025-03,10420.8,3964
S00877,2025-02,11139.2,2440
S00877,2025-03,14382.0,3718
S01287,2025-02,2292.3,2168
S01287,2025-03,22587.2,2486
S01733,2025-02,34092.0,3814
S01733,2025-03,13998.7,2523
S00609,2025-02,36288.8,1180
S00609,2025-03,7419.0,2842
S01614,2025-02,13488.0,2319
S01614,2025-03,23255.3,2061
S00732,2025-02,23649.8,832
S00732,2025-03,34841.7,3668
S00421,2025-02,20022.9,3815
S00421,2025-03,36557.6,1276
S00991,2025-02,36747.0,2407
S00991,2025-03,3034.7,1979
S01673,2025-02,39320.6,2102
S01673,2025-03,6687.7,2079
S01593,2025-02,1323.4,3853
S01593,2025-03,16823.8,810
S01972,2025-02,1098.4,3526
S01972,2025-03,18828.6,2398
S00733,2025-02,2119.7,3170
S00733,2025-03,20186.1,3199
S01643,2025-02,13076.3,2186
S01643,2025-03,27879.4,1760
S01215,2025-02,9980.9,1948
S01215,2025-03,6426.4,862
S00887,2025-02,13393.5,1932
S00887,2025-03,8605.2,3310
S00295,2025-02,882.8,136
S00295,2025-03,8732.9,1445
S00012,2025-02,23567.3,168
S00012,2025-03,16888.9,1042
S00309,2025-02,12659.0,2711
S00309,2025-03,24780.9,3410
S01024,2025-02,10305.1,1794
S01024,2025-03,30452.7,1061
S00099,2025-02,9830.8,2792
S00099,2025-03,30788.8,1540
S01915,2025-02,34149.8,2477
S01915,2025-03,27475.3,3248
S01666,2025-02,23338.4,1508
S01666,2025-03,37420.3,3253
S00247,2025-02,25994.3,1023
S00247,2025-03,7079.1,2623
S01023,2025-02,15597.3,662
S01023,2025-03,12400.9,3728
S01517,2025-02,28962.0,1150
S01517,2025-03,28225.8,2998
S01930,2025-02,30659.5,557
S01930,2025-03,30232.0,535
S00912,2025-02,1312.6,3684
S00912,2025-03,28883.8,2519
S00028,2025-02,4093.9,3376
S00028,2025-03,7121.1,3814
S01646,2025-02,20977.2,858
S01646,2025-03,7399.6,3345
S01849,2025-02,19271.1,963
S01849,2025-03,13854.4,1273
S00422,2025-02,11787.0,506
S00422,2025-03,23044.4,2887
S00229,2025-02,2069.9,3253
S00229,2025-03,30729.0,3568
S00090,2025-02,19039.9,932
S00090,2025-03,34385.9,2672
S00257,2025-02,26378.9,1000
S00257,2025-03,13413.7,192
S01751,2025-02,26156.1,2665
S01751,2025-03,23076.2,535
S00540,2025-02,4842.0,3862
S00540,2025-03,27487.7,346
S00602,2025-02,1415.6,1181
S00602,2025-03,13591.6,1639
S00855,2025-02,22781.2,337
S00855,2025-03,2671.3,2813
S00650,2025-02,36987.0,1920
S00650,2025-03,26754.8,3741
S01762,2025-02,21848.3,2313
S01762,2025-03,27697.4,1234
S00782,2025-02,24858.2,935
S00782,2025-03,13146.5,3709
S01823,2025-02,10938.3,1736
S01823,2025-03,29978.5,828
S00521,2025-02,28840.1,3934
S00521,2025-03,6929.1,784
S01560,2025-02,26093.0,2625
S01560,2025-03,18521.8,181
S00220,2025-02,39034.1,353
S00220,2025-03,23647.2,1605
S00937,2025-02,35483.6,2336
S00937,2025-03,39447.0,1145
S01511,2025-02,21082.9,3718
S01511,2025-03,2382.0,2116
S00471,2025-02,25984.5,247
S00471,2025-03,38204.5,3478
S01601,2025-02,17287.9,2355
S01601,2025-03,14549.7,3664
S00959,2025-02,35227.2,2695
S00959,2025-03,23800.4,1447
S01749,2025-02,24404.1,2912
S01749,2025-03,35638.5,846
S00694,2025-02,5383.4,3677
S00694,2025-03,39086.7,3181
S00708,2025-02,34758.3,2376
S00708,2025-03,33804.9,2943
S00880,2025-02,2180.1,2501
S00880,2025-03,36338.4,771
S00410,2025-02,8954.2,2475
S00410,2025-03,34468.5,3949
S00004,2025-02,11399.6,261
S00004,2025-03,34373.4,489
S01651,2025-02,3511.3,295
S01651,2025-03,15928.0,952
S01876,2025-02,26092.6,3053
S01876,2025-03,9629.1,2989
S00277,2025-02,6199.8,3044
S00277,2025-03,25887.8,3751
S00179,2025-02,24397.8,1859
S00179,2025-03,13777.0,716
S01689,2025-02,29235.5,1006
S01689,2025-03,38919.7,2430
S01674,2025-02,33134.5,2525
S01674,2025-03,10060.5,634
S00792,2025-02,26749.0,901
S00792,2025-03,30282.6,1421
S00215,2025-02,26641.1,132
S00215,2025-03,27243.6,2492
S00089,2025-02,15075.9,3666
S00089,2025-03,24321.2,2614
S00601,2025-02,33624.0,85
S00601,2025-03,31526.6,3346
S00081,2025-02,23294.1,775
S00081,2025-03,4271.2,3150
S01736,2025-02,31704.9,59
S01736,2025-03,29240.3,842
S00238,2025-02,34584.1,1329
S00238,2025-03,3438.2,3382
S01506,2025-02,15970.2,970
S01506,2025-03,29940.2,2151
S01381,2025-02,34510.7,1924
S01381,2025-03,17039.2,1289
S01641,2025-02,20716.4,1480
S01641,2025-03,16836.2,3254
S01842,2025-02,7419.7,268
S01842,2025-03,5636.6,2957
S00232,2025-02,13837.5,1765
S00232,2025-03,29741.9,838
S00044,2025-02,37065.4,1177
S00044,2025-03,34346.8,1818
S01787,2025-02,10620.6,3564
S01787,2025-03,11338.4,1085
S01508,2025-02,10658.2,795
S01508,2025-03,9244.6,3212
S00020,2025-02,34687.9,927
S00020,2025-03,37345.1,2014
S01446,2025-02,20685.0,1321
S01446,2025-03,39952.3,1889
S01796,2025-02,20420.1,2392
S01796,2025-03,25662.2,2203
S01720,2025-02,27865.2,3039
S01720,2025-03,14753.8,1069
S00582,2025-02,7483.2,3790
S00582,2025-03,20654.1,3281
S01563,2025-02,22127.9,2411
S01563,2025-03,10194.2,1564
S00614,2025-02,14288.7,3083
S00614,2025-03,14052.7,1217
S00026,2025-02,25460.3,1053
S00026,2025-03,30742.2,2418
S01235,2025-02,8878.7,185
S01235,2025-03,31083.0,2694
S00045,2025-02,27578.1,123
S00045,2025-03,4415.4,1310
S01520,2025-02,38218.9,2158
S01520,2025-03,1338.4,722
S00093,2025-02,1635.2,1389
S00093,2025-03,24352.7,3402
S00795,2025-02,16687.7,2451
S00795,2025-03,12222.4,1553
S01246,2025-02,35958.3,3435
S01246,2025-03,1856.6,961
S00907,2025-02,1997.8,2006
S00907,2025-03,26156.6,98
S00307,2025-02,21275.3,2132
S00307,2025-03,5941.6,300
S00712,2025-02,9880.0,1023
S00712,2025-03,25969.8,2558
S01283,2025-02,9488.2,2010
S01283,2025-03,35171.0,2878
S00934,2025-02,15375.2,415
S00934,2025-03,25804.3,1328
S01719,2025-02,23156.6,3209
S01719,2025-03,23116.3,1688
S00148,2025-02,4918.4,834
S00148,2025-03,31986.5,3444
S01121,2025-02,29889.5,272
S01121,2025-03,38833.2,3103
S00669,2025-02,2512.6,548
S00669,2025-03,39977.6,2416
S01611,2025-02,14084.9,3989
S01611,2025-03,32473.4,1501
S01189,2025-02,30923.3,1125
S01189,2025-03,36397.1,1673
S00049,2025-02,36451.1,699
S00049,2025-03,8899.1,1316
S00129,2025-02,6221.9,3924
S00129,2025-03,28009.1,2059
S00181,2025-02,4638.7,3071
S00181,2025-03,34183.2,1841
S01608,2025-02,31037.5,2830
S01608,2025-03,22986.7,3605
S00010,2025-02,29424.4,287
S00010,2025-03,15268.8,3933
S00038,2025-02,16829.5,3193
S00038,2025-03,37698.2,1629
S01236,2025-02,19089.5,3155
S01236,2025-03,10446.6,1729
S00972,2025-02,12629.2,1148
S00972,2025-03,679.9,3918
S01744,2025-02,25329.4,2874
S01744,2025-03,26229.9,2218
S00657,2025-02,22364.7,1187
S00657,2025-03,17863.6,1816
S00217,2025-02,6925.7,3510
S00217,2025-03,18998.1,2103
S01709,2025-02,14335.7,3255
S01709,2025-03,9740.4,2329
S01273,2025-02,5610.0,1558
S01273,2025-03,4443.6,460
S01789,2025-02,25360.6,2060
S01789,2025-03,31962.9,643
S01501,2025-02,17379.7,1455
S01501,2025-03,19442.9,2651
S01447,2025-02,1453.4,309
S01447,2025-03,26242.3,1166
S01087,2025-02,32507.8,3383
S01087,2025-03,16275.2,2913
S00721,2025-02,17041.7,1087
S00721,2025-03,36177.7,2186
S01573,2025-02,12757.1,3131
S01573,2025-03,37126.7,976
S01054,2025-02,25730.2,3983
S01054,2025-03,20661.4,873
S00127,2025-02,21899.2,1133
S00127,2025-03,3768.4,1100
S01627,2025-02,20388.1,885
S01627,2025-03,34717.2,1955
S00988,2025-02,21787.8,2326
S00988,2025-03,33143.2,1399
S01227,2025-02,32674.1,2417
S01227,2025-03,24894.0,1687
S00585,2025-02,33085.2,1519
S00585,2025-03,23573.9,1502
S01292,2025-02,8936.2,3151
S01292,2025-03,11342.4,116
S01157,2025-02,11938.8,3112
S01157,2025-03,30256.1,1435
S01996,2025-02,30391.7,3764
S01996,2025-03,32893.9,2154
S00690,2025-02,26440.2,2981
S00690,2025-03,9681.0,2115
S01005,2025-02,5464.6,2303
S01005,2025-03,31123.7,514
S00891,2025-02,26504.0,847
S00891,2025-03,10403.6,2432
S01018,2025-02,12433.4,2384
S01018,2025-03,26593.4,107
S01551,2025-02,16383.1,2350
S01551,2025-03,29357.8,2104
S00064,2025-02,37361.8,3886
S00064,2025-03,10498.0,823
S01275,2025-02,3104.8,3593
S01275,2025-03,4964.4,558
S01274,2025-02,19832.6,2373
S01274,2025-03,4642.4,2869
S01180,2025-02,39436.2,2192
S01180,2025-03,35394.6,1389
S00384,2025-02,18929.5,461
S00384,2025-03,29789.7,1804
S00597,2025-02,28400.0,2063
S00597,2025-03,12859.1,645
