window_id,region,start_utc,end_utc,max_sea_state,current_limit_mps
W-101,NORTH,2026-04-03T00:00Z,2026-04-03T18:00Z,3,1.1
W-102,NORTH,2026-04-04T06:00Z,2026-04-05T00:00Z,5,1.35
W-201,GLASS,2026-04-03T06:00Z,2026-04-04T00:00Z,4,1.0
W-202,GLASS,2026-04-04T08:00Z,2026-04-05T02:00Z,3,1.25
W-203,GLASS,2026-04-05T10:00Z,2026-04-06T04:00Z,4,1.5
W-301,SOUTH,2026-04-03T03:00Z,2026-04-03T21:00Z,4,0.9
W-302,SOUTH,2026-04-05T00:00Z,2026-04-05T18:00Z,3,1.2
W-401,EAST,2026-04-04T00:00Z,2026-04-04T18:00Z,4,1.1
W-402,EAST,2026-04-06T00:00Z,2026-04-06T18:00Z,5,1.3
